fundamental_sigma,flow_intensity_x,n,pnl_net_mean,pnl_net_median,pnl_net_std,pnl_net_ci_lo,pnl_net_ci_hi,pnl_edge_mean,pnl_edge_median,pnl_edge_std,pnl_edge_ci_lo,pnl_edge_ci_hi,pnl_inventory_mean,pnl_inventory_median,pnl_inventory_std,pnl_inventory_ci_lo,pnl_inventory_ci_hi,sharpe_1s_mean,sharpe_1s_median,sharpe_1s_std,sharpe_1s_ci_lo,sharpe_1s_ci_hi,max_drawdown_mean,max_drawdown_median,max_drawdown_std,max_drawdown_ci_lo,max_drawdown_ci_hi,fill_rate_orders_mean,fill_rate_orders_median,fill_rate_orders_std,fill_rate_orders_ci_lo,fill_rate_orders_ci_hi,adverse_cost_500ms_mean,adverse_cost_500ms_median,adverse_cost_500ms_std,adverse_cost_500ms_ci_lo,adverse_cost_500ms_ci_hi,n_fills_mean,n_fills_median,n_fills_std,n_fills_ci_lo,n_fills_ci_hi,inv_abs_mean_mean,inv_abs_mean_median,inv_abs_mean_std,inv_abs_mean_ci_lo,inv_abs_mean_ci_hi,inv_max_abs_mean,inv_max_abs_median,inv_max_abs_std,inv_max_abs_ci_lo,inv_max_abs_ci_hi,pnl_vol_1s_mean,pnl_vol_1s_median,pnl_vol_1s_std,pnl_vol_1s_ci_lo,pnl_vol_1s_ci_hi,quote_lifetime_mean_s_mean,quote_lifetime_mean_s_median,quote_lifetime_mean_s_std,quote_lifetime_mean_s_ci_lo,quote_lifetime_mean_s_ci_hi,killed_mean,killed_median,killed_std,killed_ci_lo,killed_ci_hi,diverged_mean,diverged_median,diverged_std,diverged_ci_lo,diverged_ci_hi,strategy
0.01,0.5,12,-18.37041666666669,-14.417499999999592,16.92807988068821,-27.530093749999775,-9.714833333333626,35.895,35.5825,5.210875864259988,33.315625000000004,38.504281250000005,-54.26541666666669,-51.1449999999996,21.258325904575344,-65.59489583333325,-43.624010416666636,-0.21443909247510695,-0.2669686326132145,0.1667847618716629,-0.29217230441164144,-0.1159086140780299,21.036666666666676,15.992499999999694,15.741758931022192,12.990739583333426,29.50594791666659,0.263723033480085,0.2617358231929978,0.008422259368749695,0.2596773624161886,0.2686447114892169,2.9787382332092496,2.781237259261898,0.9125884927912438,2.506895325911154,3.477798301608483,523.5,529.5,65.58755425175781,488.6625,558.4229166666667,2.3310889081957717,2.3774978279756733,0.1301768190481269,2.2565884737909063,2.394807051838981,17.25,16.5,3.3878123807661966,15.416666666666666,18.835416666666664,0.6053222681358743,0.5206596857114921,0.3178463981034446,0.44461305805071677,0.7846750111922427,0.12725052183028665,0.12275725135368964,0.01346791014936718,0.12023607074675033,0.13485277261141168,0.0,0.0,0.0,0.0,0.0,0.0,0.0,0.0,0.0,0.0,AS
0.01,1.0,12,6.368333333333343,6.515000000000157,3.107441459503612,4.650156250000144,7.968510416666695,18.487083333333334,17.972500000000004,2.1729488325287094,17.339802083333332,19.610708333333335,-12.118749999999991,-11.52000000000021,4.034328334882504,-14.222552083333298,-10.031770833333418,0.3674763767740859,0.4329007278637342,0.1893342970571398,0.2638216870254778,0.460865958940444,1.3312500000000362,0.8050000000000637,1.3037570273497279,0.7196041666667171,2.0569791666668484,0.20451540621950737,0.20406485271881436,0.015759110089291182,0.19567079016912295,0.21217811560697442,1.1817405597705255,1.0979076504257992,0.37070234295999277,1.0034690566103937,1.3890403143789358,283.0833333333333,282.5,35.99610669183123,262.825,301.91875,2.541413263828555,2.5755864465682015,0.1385605225504937,2.467625977410947,2.6073414422241528,16.5,15.0,4.757768766592554,14.164583333333333,19.25,0.16493898888077207,0.15786426935593476,0.040316788113492395,0.14476117256143617,0.18729120993507728,0.1846296454269736,0.18488234708853069,0.011185888300612056,0.1787728158235489,0.1907450168850092,0.0,0.0,0.0,0.0,0.0,0.0,0.0,0.0,0.0,0.0,AS
0.01,2.0,12,3.978749999999993,4.035000000000053,0.6924466668007959,3.6175000000000583,4.345468749999783,6.517916666666667,6.385,0.9128612817383427,6.062802083333333,7.031302083333333,-2.5391666666666732,-2.639999999999907,0.628934283795622,-2.8608750000000684,-2.2133229166666646,0.3797715539202815,0.3804925621912484,0.05638291055432742,0.3472007711906106,0.40874578123621813,0.36250000000002086,0.30250000000006594,0.17927251982288656,0.27625000000002337,0.47167708333338315,0.10794546922661212,0.1080912558685446,0.012848007452544663,0.10089220044359966,0.1145674987673175,0.7511256722585182,0.8012771897658137,0.16771232092489616,0.6603442052196149,0.8377323797201641,106.0,103.5,14.199871958449613,98.58333333333333,114.00208333333333,2.4077613669273092,2.3935708079930498,0.22538853327728625,2.2841080220098466,2.5276733999420795,11.916666666666666,11.5,3.028901190901153,10.414583333333333,13.502083333333331,0.09200270736980008,0.09476701176529598,0.01509683716296124,0.08392853721217389,0.09945365212824266,0.25705969445252186,0.25530645623861425,0.010111492984585987,0.2516112075808172,0.2627870405913719,0.0,0.0,0.0,0.0,0.0,0.0,0.0,0.0,0.0,0.0,AS
0.02,0.5,12,-22.189583333333157,-22.04000000000039,11.181480113915086,-27.903885416666498,-15.931802083333178,40.43750000000001,39.2475,5.0763424109024875,37.94616666666666,43.18118750000001,-62.62708333333316,-61.452499999999645,14.879832211042823,-70.4291041666666,-54.7351666666667,-0.29822793622359695,-0.33150131896201596,0.10355737192115981,-0.34687201692265235,-0.23807326540385057,24.105833333333152,22.68000000000032,10.599415685724734,18.259770833332777,29.579770833333072,0.26846148400465375,0.26787549407114625,0.008946991648924922,0.2639387138894315,0.2734694131701658,3.2099434564003477,3.060477629517555,0.6305563743347812,2.8550411688081545,3.5442267344871454,579.6666666666666,569.0,62.38055252507254,547.6624999999999,613.4270833333333,2.517883000289603,2.5125977410947002,0.20289145324351024,2.4106465392412395,2.6274254271647846,17.0,17.0,2.891995221924885,15.5,18.583333333333332,0.6159358059276413,0.5097980272492333,0.23069249265844924,0.49307874231862503,0.7409752398563364,0.1159133481993536,0.1152059931321189,0.00951590536979835,0.1110461748513173,0.12086940011127942,0.0,0.0,0.0,0.0,0.0,0.0,0.0,0.0,0.0,0.0,AS
0.02,1.0,12,4.724583333333595,5.235000000000667,3.022616610528055,3.1455312500003254,6.208010416666457,22.904583333333335,22.85,2.9668888344628974,21.459093749999997,24.665322916666668,-18.17999999999974,-17.30750000000014,4.925487977670799,-21.1109687499997,-15.851072916666583,0.22474495741819042,0.22071072850373144,0.16742889709475095,0.1390335822165126,0.3166765554125688,2.5883333333332375,2.0324999999998425,1.951810736601922,1.632833333333269,3.7079895833331133,0.22106351658643333,0.21845984977612576,0.009244361727973443,0.2164336767889367,0.22649437099255942,1.4375227844051153,1.367728292058044,0.2719122186734358,1.3013918221217537,1.589538037690167,349.8333333333333,345.0,37.925365302569375,330.83124999999995,371.7520833333333,2.408774978279757,2.402693310165074,0.17386597470457743,2.3188477410947,2.4979275267882994,17.0,17.5,4.0451991747794525,14.833333333333334,19.416666666666668,0.23055154422523463,0.20143675504820063,0.08999430718948363,0.18526130113119194,0.2830004356668483,0.16049225960025318,0.1629884230702232,0.010005731571168018,0.15448324587474593,0.1654753863824217,0.0,0.0,0.0,0.0,0.0,0.0,0.0,0.0,0.0,0.0,AS
0.02,2.0,12,4.111249999999965,4.227500000000106,1.1925071469197601,3.458072916666587,4.735010416666729,8.919166666666667,8.670000000000002,1.3930979756273318,8.242864583333334,9.7163125,-4.807916666666702,-4.21000000000001,1.8007971193755734,-5.843385416666637,-3.8916562500000427,0.31724998264741777,0.3648593290105663,0.10993101516135369,0.2531551573626359,0.3720858055061191,0.6850000000000213,0.5024999999999835,0.5384995990545809,0.4378854166666337,1.0129375000001108,0.12662723212735577,0.12235271963209642,0.01253747256564918,0.12045722633199865,0.13410309617187013,0.8791015760822088,0.867932467059876,0.25868218509884267,0.7422795882330867,1.0233616055708756,143.41666666666666,136.5,22.793373571893188,132.07708333333335,156.26041666666666,2.4688676513176944,2.493483927019983,0.2853616669119291,2.315008688097307,2.622746524761077,14.416666666666666,12.5,4.640892025018335,12.25,17.085416666666664,0.12090110250003917,0.11685694478858177,0.03221691308120367,0.10598823404514936,0.14024010602900816,0.22318313342474885,0.2254673752253571,0.012788396371323308,0.21651990256344317,0.23016958498094212,0.0,0.0,0.0,0.0,0.0,0.0,0.0,0.0,0.0,0.0,AS
0.03,0.5,12,-44.335416666666674,-42.49999999999966,16.478122887680897,-53.17293750000009,-35.76456250000021,48.28125,47.375,6.709438441818023,44.699458333333325,51.74791666666666,-92.61666666666667,-88.5949999999995,21.774585303778238,-103.66724999999983,-80.90621874999985,-0.3586766330861415,-0.3785266312216098,0.08386280174039944,-0.40041945874672313,-0.3133896783561679,45.74041666666676,43.83499999999984,16.56635259937959,37.04375000000015,54.65700000000009,0.2745318966510974,0.27446729369254474,0.0058244339658753705,0.2715310931170423,0.277625588057059,4.15512952508863,4.005652449884422,0.8472130304626015,3.7331068582995957,4.6166372750703415,632.4166666666666,630.0,49.91712829249792,605.0833333333334,657.0020833333333,2.677816391543585,2.701563857515204,0.19617227476057034,2.5721057775847087,2.783530625543006,20.416666666666668,18.5,4.337119558025356,18.25,22.666666666666668,1.1135665260846876,0.963495494228753,0.5047027259941491,0.8819816820796713,1.455272710008132,0.10720501627789154,0.10680533309811624,0.007099273960310955,0.10371141945657507,0.11111388709895355,0.0,0.0,0.0,0.0,0.0,0.0,0.0,0.0,0.0,0.0,AS
0.03,1.0,12,2.6799999999998243,3.04000000000012,3.918164574946203,0.4639583333332092,4.4914166666666695,24.870833333333334,24.4875,3.325838809665734,23.097666666666672,26.71825,-22.19083333333351,-20.622500000000777,5.768052228885561,-25.425906250000068,-19.397656250000182,0.1404237143993773,0.12440455627665745,0.14324206322165958,0.06477497156860157,0.2115750280025167,3.1841666666666213,2.372499999999917,2.9997074352292388,1.917770833333297,4.951187499999902,0.22839858103221952,0.22729481263982104,0.015445542377279516,0.22018877124317712,0.23653570421613748,1.541082225577591,1.5529501678625501,0.2718458051038523,1.3947284626404601,1.6820700472283001,387.0,383.0,59.4887307891931,356.9125,420.0083333333333,2.562264697364611,2.571676802780191,0.22566404998705655,2.441496524761077,2.673037938024906,16.833333333333332,17.5,1.9462473604038075,15.75,17.833333333333332,0.24584969389525102,0.2190549798251215,0.1252432217953919,0.19789093295520344,0.3206220770845608,0.14999034303077752,0.15180763713769085,0.012996734172106459,0.14244202585032686,0.15666576332783994,0.0,0.0,0.0,0.0,0.0,0.0,0.0,0.0,0.0,0.0,AS
0.03,2.0,12,4.21624999999992,4.004999999999939,1.4232742740212279,3.5094999999999943,5.012124999999676,9.571250000000001,9.015,2.1611887774597993,8.488510416666667,10.764729166666667,-5.355000000000082,-4.664999999999991,1.8094901341137108,-6.434677083333657,-4.5040937500000355,0.33548345860123474,0.3849125336519899,0.11579533361672247,0.2748995901019731,0.3981018844321888,0.6908333333333303,0.5724999999999056,0.5377893865096662,0.4466145833333631,1.0059375000000337,0.1336005802196098,0.12385787755803217,0.020974072564365225,0.12233804527454785,0.144424792769901,0.8185253811307865,0.75666692992155,0.22143124116959478,0.7185474919235166,0.9520043154190776,155.66666666666666,147.5,32.429877731761025,139.16666666666666,173.66666666666666,2.4819721980886187,2.4669852302345787,0.26726806878519904,2.345400738488271,2.633099840718216,14.416666666666666,14.5,3.1754264805429413,12.666666666666666,16.166666666666668,0.1119728131014297,0.10798476104161117,0.017416529280333066,0.10319237575571867,0.12113526135051708,0.21669229922000677,0.21821239384619595,0.013784991347985241,0.2095890655669856,0.22406055939735794,0.0,0.0,0.0,0.0,0.0,0.0,0.0,0.0,0.0,0.0,AS
0.05,0.5,12,-46.702083333333384,-43.534999999999684,14.286424016325663,-53.771041666666896,-39.085395833333386,50.00666666666667,49.83,5.994076368812088,47.24989583333333,53.44214583333333,-96.70875000000005,-93.46999999999969,18.849379435770352,-106.17410416666687,-86.97476041666683,-0.417703382986886,-0.42300472325599686,0.06058778896096688,-0.44686299377134514,-0.3813293809752606,47.56958333333336,44.267499999999785,14.204541280605577,39.98341666666662,54.597447916666795,0.27690215321401707,0.27801522853725624,0.009329640958035871,0.2720627351378399,0.281699733544662,4.167955011729818,4.094579037692831,0.7547136459323068,3.788612946410991,4.561855776902166,662.9166666666666,664.0,51.4948511695072,636.3333333333334,690.1666666666666,2.844772661453808,2.8327541268462206,0.27445346313461666,2.705889805965827,2.9848845207066317,19.833333333333332,19.0,3.8573031873042956,17.99791666666667,22.166666666666668,0.9751878896741594,0.8707250644464853,0.2763112647895711,0.8298511086067314,1.1197026725275987,0.10343641670818955,0.10334643045162059,0.004944295604358004,0.10089949622388213,0.10594847760998614,0.0,0.0,0.0,0.0,0.0,0.0,0.0,0.0,0.0,0.0,AS
0.05,1.0,12,-2.654166666666768,-1.8099999999998886,5.66895526423321,-5.705124999999964,0.3661249999997776,28.427916666666665,28.455,2.2172715197792625,27.283385416666665,29.594041666666666,-31.08208333333344,-30.97000000000036,7.443593175077403,-35.11773958333339,-27.264541666666513,-0.022221846068344365,-0.054654932492016396,0.1459027922488861,-0.09210560866779326,0.06585825920952233,6.641666666666704,5.515000000000015,4.8188721489450455,4.111218750000152,9.401968749999943,0.24051661963553816,0.23991172226466345,0.007764216789434518,0.23656341028276226,0.24468918143404023,1.7564952985840998,1.6583603407419498,0.322365592932777,1.5927249011158882,1.9296856792089156,453.1666666666667,453.0,41.01404046362069,431.99791666666664,474.00625,2.459527946713003,2.4826238053866203,0.2790042716350847,2.3105343179843607,2.6177327686070084,18.416666666666668,18.5,2.9682665076785235,16.833333333333332,20.00208333333333,0.34288494587345264,0.28754000636469185,0.1913919139798374,0.24881875891404276,0.4522689659369961,0.13388799021758385,0.13350656633162003,0.0080681374689544,0.12973243444149127,0.13809096040939703,0.0,0.0,0.0,0.0,0.0,0.0,0.0,0.0,0.0,0.0,AS
0.05,2.0,12,4.091666666666615,4.197499999999607,1.707368167855496,3.161958333333228,4.9247604166665715,10.605000000000002,10.690000000000001,1.7817062812728905,9.680458333333334,11.538072916666668,-6.513333333333385,-6.512499999999902,2.0732312651482534,-7.683937499999987,-5.536833333333473,0.3093035459256383,0.3206527883446269,0.13669907127030828,0.23606027755215897,0.3821388730291633,1.0691666666666428,0.787499999999909,1.2403863645385722,0.6144895833333684,1.8026145833332539,0.14544661094711084,0.14929073680265292,0.0158159013897484,0.13684202360899947,0.15377273534094474,0.8780535047080226,0.8226854254574993,0.29320853461770263,0.7510560363401896,1.0507886553110126,174.58333333333334,176.0,24.607679264568585,161.91041666666666,188.00416666666666,2.4406313350709525,2.391398783666377,0.24205012258557967,2.3114664784245584,2.570234216623226,14.0,12.5,3.1042492870843406,12.416666666666666,15.583333333333334,0.13558290223606395,0.11603638402399544,0.06559708838566605,0.1110407498758506,0.1745717602028118,0.20873386337319644,0.21167824500353488,0.011742161073306783,0.20214343526467837,0.2146280215407933,0.0,0.0,0.0,0.0,0.0,0.0,0.0,0.0,0.0,0.0,AS
0.08,0.5,12,-82.01000000000009,-83.73250000000004,23.057875404768165,-94.52618749999995,-69.80661458333346,61.824999999999996,60.3575,8.4533210257056,57.77246875,66.36854166666666,-143.8350000000001,-146.50250000000005,28.998037002528246,-158.95521875000003,-128.30451041666663,-0.5236518873688278,-0.5185374686990347,0.09036246690653134,-0.5783300203692768,-0.4766209015749795,82.99583333333345,84.38750000000007,23.375220838366868,70.6259062500001,95.58934375000018,0.2860846236185443,0.2833042091394494,0.00920293873756097,0.28173371369289557,0.2912528785304034,5.250485515106434,5.211478962472166,0.8747556408898939,4.781537538907212,5.737490628245494,746.3333333333334,731.5,50.12408844482104,721.24375,773.5020833333333,3.057993049522155,3.1702867072111207,0.3209460427046302,2.8935870981754994,3.2312499999999997,22.666666666666668,21.0,6.139785802205945,19.74791666666667,26.50208333333333,1.365255066756568,1.4111066127676732,0.31771774213052706,1.1977041602992609,1.5261136609561023,0.09378514302639479,0.09468936242587073,0.004545154979841036,0.0914175836320378,0.09618637295866163,0.0,0.0,0.0,0.0,0.0,0.0,0.0,0.0,0.0,0.0,AS
0.08,1.0,12,-11.881250000000035,-11.377499999999621,8.395969034169024,-16.925218749999747,-7.414406250000006,31.562500000000004,30.174999999999997,4.614493717920448,29.357968750000005,34.309708333333326,-43.443750000000044,-40.59749999999962,12.20715422219865,-50.67060416666673,-37.42038541666693,-0.19392256594591084,-0.20209518973401833,0.10666191680904656,-0.25355325659169087,-0.14269285540113189,14.540833333333351,13.774999999999793,7.8207936220557075,10.296708333333616,19.273666666666728,0.2523478884281211,0.250206214732594,0.012932353868211607,0.24606630752622757,0.25957987324261356,2.0864540259600775,2.216323533976344,0.40800640902503366,1.8657741865591617,2.325899886795528,516.75,501.0,76.26881288037606,480.4166666666667,561.9333333333333,2.35961482768607,2.3892267593397047,0.19021990029777547,2.2496977266145377,2.45911888213148,20.166666666666668,20.0,3.7618499639825025,18.083333333333332,22.333333333333332,0.4973769751754204,0.4553007951669903,0.21506870362380312,0.37751262861735946,0.6217618713774842,0.12346423580364439,0.12621842307587933,0.010358710190849808,0.11737398075491126,0.12843940473099205,0.0,0.0,0.0,0.0,0.0,0.0,0.0,0.0,0.0,0.0,AS
0.08,2.0,12,3.8079166666666295,3.6450000000000955,1.76124627663767,2.8674895833334006,4.766604166666529,11.184583333333334,11.8975,2.166663184729137,10.024052083333332,12.316666666666668,-7.376666666666704,-7.03250000000016,2.1114905692999626,-8.47417708333348,-6.270885416666635,0.2669921131844854,0.3068889286317714,0.14813805507046754,0.18939786628614935,0.3451323875182985,1.155833333333316,0.7899999999998499,0.8087696416986956,0.7786562499999816,1.6026354166667234,0.1470531387503434,0.1532590314269825,0.017954518514589634,0.13717733817937502,0.15612184528865766,0.9177681432053437,0.9085769349056937,0.1771570118309152,0.8293635092208248,1.0167119263090094,180.5,194.5,30.53611870317748,164.06458333333333,195.75208333333333,2.4071097596293076,2.394874022589053,0.30469759997502344,2.2514480162177817,2.561625760208514,15.166666666666666,14.0,4.549392233801092,12.833333333333334,17.916666666666668,0.14084406563865828,0.12436020190117339,0.05961037851789292,0.11685071868925598,0.17661595227432064,0.20614449968239865,0.2078133364939523,0.013959486393070023,0.1989337858895116,0.21425543994804166,0.0,0.0,0.0,0.0,0.0,0.0,0.0,0.0,0.0,0.0,AS
0.01,0.5,12,18.402499999999485,18.899999999999466,2.842207448765838,16.752499999999017,19.902593749999777,36.40416666666667,36.93,4.298412409532644,34.0103125,38.56882291666667,-18.001666666667184,-18.67500000000048,3.4760978209200606,-19.706281250000636,-15.977697916667157,0.3584617541521054,0.36765495816728216,0.07127162467475785,0.318648042959766,0.39702740699344685,3.104166666666648,3.0699999999998795,1.2707475132473953,2.4359687499998772,3.840916666666605,0.3874866578714051,0.3893057367937751,0.03668434183733677,0.36687071769194374,0.405699110034529,1.4187060023432696,1.4653254495871115,0.3163558203384967,1.2455207864979796,1.5766283094262044,304.4166666666667,319.0,36.57733608604535,283.33124999999995,323.1666666666667,8.136185925282362,8.184622067767158,1.2662587921943604,7.449800897770055,8.85344627859832,27.916666666666668,28.5,4.337119558025356,25.666666666666668,30.166666666666668,0.45335222330789887,0.44962175272677796,0.06191506046869922,0.42155877893585963,0.4882879049978371,0.34532245104939996,0.34375937143001745,0.026303917132454023,0.33214760778484337,0.359545769926174,0.0,0.0,0.0,0.0,0.0,0.0,0.0,0.0,0.0,0.0,adaptive
0.01,1.0,12,8.545416666666666,8.50500000000011,1.9087352527659975,7.548656250000087,9.547718750000126,14.698749999999999,14.24,2.5430226512057366,13.463927083333337,16.134489583333334,-6.153333333333333,-5.389999999999592,2.1476904438079414,-7.3592083333331795,-5.01597916666688,0.3172880971782913,0.31960122858903883,0.0761605884509777,0.27752701118446316,0.35625104495246196,1.5070833333334217,1.2300000000002456,0.8155992173446798,1.1261770833335052,1.9596041666668245,0.2917476993890233,0.2977061247937583,0.02702061486844978,0.2769902404202237,0.30580591680942165,1.176790238492363,1.2118183273969545,0.35270028736385556,1.0060619948426501,1.3518551746232046,142.0,138.0,24.635524977338942,129.83125,155.67083333333332,5.735664639443962,5.921807124239791,0.6453332602708367,5.293183463654794,6.002412757022879,21.0,20.0,3.567530340063379,19.25,23.085416666666664,0.23987078570596754,0.23621181154335116,0.043310494147658536,0.21878055217892795,0.26300164788921293,0.5474489413478766,0.5552777794556373,0.06746627439000273,0.5117556237591805,0.5815023430029881,0.0,0.0,0.0,0.0,0.0,0.0,0.0,0.0,0.0,0.0,adaptive
0.01,2.0,12,2.5874999999999893,2.672499999999836,1.1489174746849002,1.9816562499998798,3.197239583333165,3.7875,3.6,1.0629493702130708,3.268302083333333,4.372947916666666,-1.200000000000011,-1.0350000000001502,0.7264640390274062,-1.6371458333334066,-0.8304062499999468,0.24046541137425295,0.24965422729965603,0.10028892051263465,0.18613091871096923,0.292018225565258,0.636249999999985,0.5400000000000205,0.28187783459573174,0.49744791666662613,0.8079270833333417,0.198580923672652,0.20645256770756254,0.035005951879269456,0.18017290108569559,0.2167565735127619,0.4819063755779238,0.345292727019886,0.383875453386416,0.2943221820370169,0.6910283050775716,46.666666666666664,47.0,9.158536339327801,41.66458333333333,51.58541666666667,4.00781928757602,3.703735881841877,1.1757089124108295,3.4546626122212567,4.702941282942368,12.166666666666666,13.0,3.069892901102972,10.5,13.668749999999998,0.09557120409368465,0.09471244642140755,0.021062285781505808,0.08507990522345432,0.1069936659311536,1.1082733252660442,1.1311945298632464,0.12952510077002521,1.0388028700350809,1.1729053497797752,0.0,0.0,0.0,0.0,0.0,0.0,0.0,0.0,0.0,0.0,adaptive
0.02,0.5,12,19.15124999999981,18.122500000000002,3.855231466344123,17.221781249999808,21.257156249999564,41.06041666666667,39.61,5.059341700949807,38.509802083333334,43.71505208333333,-21.90916666666686,-22.80499999999979,3.5141052354846467,-23.73088541666692,-20.155312500000235,0.31208285480524356,0.29684906999110877,0.07321241238691624,0.2742078593475214,0.3504537475729577,3.3387500000000423,3.2975000000005252,1.1322044567207497,2.765000000000088,3.9892604166666246,0.37846233326731693,0.3857071889858775,0.034166707967373436,0.3606284209510627,0.3959371747148958,1.5762660911449264,1.5534295375293294,0.22243021257189302,1.4603785393068083,1.6945745207397143,332.0,320.0,44.13409319129806,310.74375,355.50416666666666,8.549232551404577,8.430495221546481,1.21341695240289,7.8944287576020855,9.180274399073271,28.25,28.0,2.7675062617979584,26.833333333333332,29.666666666666668,0.539556091667138,0.5276786495842216,0.055520961994441585,0.5097438946546836,0.5685643759247138,0.3047278541299467,0.3031181563395,0.02164641316919411,0.2933196353897633,0.31580393307378496,0.0,0.0,0.0,0.0,0.0,0.0,0.0,0.0,0.0,0.0,adaptive
0.02,1.0,12,9.873749999999882,9.332499999999754,2.923474835471571,8.347750000000046,11.422052083332852,17.650833333333335,17.4775,2.7004257520665593,16.313343749999998,19.10821875,-7.7770833333334535,-7.205000000000252,2.6329023549317134,-9.16357291666661,-6.371708333333757,0.3479747534745516,0.34801740474285103,0.12762085011835825,0.2776619229090467,0.41248041449203426,1.7816666666666379,1.5649999999998272,0.7725145874860134,1.3941041666666951,2.1827291666665674,0.2887479341679714,0.2820476126338474,0.02552273665475564,0.27674134692389596,0.30313562499715063,1.1797572948816677,1.149497502146593,0.3194015496687029,1.01379962945177,1.3566572291597683,171.0,166.5,26.656058496061537,158.33125,186.25416666666666,6.71524761077324,6.2580364900086884,1.870847138467263,5.815539024037069,7.781762235737038,22.083333333333332,22.0,4.100073909163841,20.0,24.416666666666668,0.26038151351340616,0.25423806663152637,0.05654213227002972,0.23224841355321202,0.2906349892669687,0.45588468902681195,0.46086510369066547,0.0378104104252221,0.4336777214172491,0.47489511124345163,0.0,0.0,0.0,0.0,0.0,0.0,0.0,0.0,0.0,0.0,adaptive
0.02,2.0,12,3.2766666666666224,2.9600000000000364,1.325040879872344,2.601541666666764,3.9664374999999636,4.7195833333333335,4.2375,1.1663432722778826,4.125729166666667,5.361760416666667,-1.4429166666667113,-1.3200000000000829,0.9204506266284007,-1.976312499999927,-1.015083333333351,0.25239189805721735,0.2389453660571182,0.08387762981777998,0.20743645100285701,0.29979234112940306,0.810416666666697,0.7325000000001296,0.3172642885480481,0.6507812500000151,0.9967604166667534,0.1862634382878874,0.19121088037437847,0.035550963473393496,0.1684291870802971,0.2052898901639963,0.7255266893960824,0.609926816826244,0.3947790439237658,0.525901702583685,0.9344418329611675,56.833333333333336,54.0,13.5702437395765,49.66458333333333,64.16666666666667,3.9873298580944105,4.09860990443093,1.0074252133755037,3.4665906458152325,4.559652838111787,13.416666666666666,13.0,2.9682665076785244,11.916666666666666,15.083333333333334,0.11320666406427148,0.10616599512921251,0.032224551976874544,0.09951559748383168,0.13256205785751546,0.8471941125584577,0.8800830635320325,0.09597978257739004,0.793959246444813,0.8946641877029592,0.0,0.0,0.0,0.0,0.0,0.0,0.0,0.0,0.0,0.0,adaptive
0.03,0.5,12,16.362083333332844,16.805000000000973,6.3105803861937515,12.939468749999056,19.66731250000035,43.73875,44.057500000000005,5.609762239735624,40.94820833333334,46.68361458333334,-27.37666666666716,-26.67749999999927,7.620897505405452,-31.619354166668348,-23.086479166666443,0.2816772801350937,0.25021958911822634,0.147877644922143,0.20596831854715109,0.36145335167010306,4.489583333333617,4.182500000000346,2.083558427234102,3.387322916666899,5.570395833333761,0.39238111299677875,0.38606844388114825,0.021781462164087974,0.38169825965042076,0.4046352241816526,1.5305278770567297,1.5438496084594813,0.37041408906304374,1.3419005954905356,1.7378775959899906,363.75,360.5,33.4776044543214,348.49791666666664,383.5020833333333,9.17195192586157,9.283231972198088,0.9246071638797834,8.640589704604691,9.661944323776426,29.75,29.0,4.594957710756037,27.25,32.33541666666667,0.552425533441928,0.570255748385414,0.11468203555775817,0.48755797852176364,0.6133332371696254,0.28447270225378085,0.27740279203513074,0.028235163392193154,0.27035486604151643,0.2993107492118966,0.0,0.0,0.0,0.0,0.0,0.0,0.0,0.0,0.0,0.0,adaptive
0.03,1.0,12,7.1341666666665375,8.034999999999286,3.2151847347841884,5.302708333333523,8.880885416666889,20.262083333333333,20.39,3.910156041023366,18.15414583333333,22.33277083333333,-13.127916666666794,-13.034999999999188,4.527233983116059,-15.59878125000007,-10.639125000000138,0.1843883137827629,0.19867624094505631,0.09146718229340903,0.13191797442193026,0.2345505467293575,3.18750000000009,2.7750000000001194,1.4628699998167731,2.426989583333622,4.015104166666831,0.2813154051984708,0.29045984637762523,0.03380532114025156,0.2621356222030752,0.2978864564721169,1.4214325179899399,1.3937538264822371,0.288022671235823,1.2733680879152276,1.5708010693752374,188.58333333333334,184.5,33.77050443355814,171.23541666666668,206.50625,7.05292499275992,7.105125977410947,1.5400519627555043,6.235702649869678,7.871568201563857,24.916666666666668,25.5,2.906367096044424,23.25,26.416666666666668,0.34949421723457624,0.35880967615209725,0.06345463784000425,0.314703215511567,0.3824642919257567,0.3966237432083934,0.39428934601424703,0.03548105651702301,0.37705534389923434,0.41511853970991897,0.0,0.0,0.0,0.0,0.0,0.0,0.0,0.0,0.0,0.0,adaptive
0.03,2.0,12,2.0954166666664995,2.270000000000067,1.8288998908102925,1.043562499999983,3.0676874999997756,5.101249999999999,5.3149999999999995,1.6707648289440267,4.261708333333334,6.013,-3.0058333333335003,-2.49500000000024,1.734163190042147,-4.035437500000167,-2.149854166666735,0.14789696022851775,0.1698831981528036,0.11759502570863556,0.07996382505838218,0.20828455191208498,1.3187500000000252,1.2824999999999704,0.6575267882547822,1.029562500000071,1.723343749999981,0.18363446723463175,0.19134715484971315,0.04194602604109385,0.16159834278961344,0.20564025755067364,0.8828345770298222,0.9101107226107226,0.3281446690983504,0.7021758540458307,1.0549084155075152,61.75,64.0,17.08335181078084,52.66458333333333,71.0,3.985737040254851,3.7085143353605563,0.6539090492618373,3.6647082247321165,4.333912539820446,14.25,14.5,3.1370223287233854,12.583333333333334,15.916666666666666,0.12098818207895863,0.12088071685436749,0.0233368175700013,0.1071632836696886,0.13251535481570612,0.771997477912687,0.7623485944138118,0.08205985176627785,0.7268601994958211,0.8168360927717936,0.0,0.0,0.0,0.0,0.0,0.0,0.0,0.0,0.0,0.0,adaptive
0.05,0.5,12,11.073749999999714,10.915000000000305,9.804750269176076,6.1586249999994855,16.475854166666473,50.20083333333334,49.4125,5.542528481631553,47.33070833333335,53.15894791666666,-39.127083333333616,-38.19500000000071,13.214738407333012,-45.85132291666705,-31.70029166666705,0.14898121266864872,0.1320125658681332,0.13773135913668366,0.08037219118462928,0.2267006215639617,7.386249999999933,7.042500000000075,3.7521685396577227,5.463624999999902,9.487916666666536,0.39435939163524775,0.39880097959015676,0.029004758934903688,0.37879323511307017,0.40998065210399703,1.8221385646993271,1.8410479185544482,0.39765762884208794,1.61315658561795,2.041868779857847,406.0,402.5,42.640143271122085,383.7395833333333,428.5833333333333,10.949319432377642,11.234578627280627,1.055808692031007,10.379622791775265,11.432560454677091,33.166666666666664,32.0,4.174235549683609,31.164583333333333,35.583333333333336,0.7470323333451349,0.7349381780369654,0.14233437005693372,0.6685092917212356,0.8220483603895897,0.2534428743494266,0.2528713287013176,0.01893278251861975,0.24397285347558414,0.26460421666775974,0.0,0.0,0.0,0.0,0.0,0.0,0.0,0.0,0.0,0.0,adaptive
0.05,1.0,12,3.5791666666665662,0.9274999999990996,8.655806992820999,-1.0526979166667239,8.528666666666544,22.419166666666666,22.115000000000002,3.585753904077364,20.568031249999997,24.268145833333335,-18.8400000000001,-20.825000000000617,7.546190188673739,-22.79585416666694,-14.359177083333218,0.08248391580128668,0.020844973809068655,0.1767454465107959,-0.01054933919035694,0.18347779981500628,6.168750000000034,5.684999999999832,3.1920164081658466,4.4078125000001025,7.890697916666579,0.28204914955378696,0.2834123110176838,0.025223162229457145,0.26951587649600767,0.294948755304967,1.4129608840485988,1.4102489363442972,0.22589407164650088,1.2914521682201867,1.5271683856286107,210.91666666666666,212.0,33.43775311430679,194.33125,230.17083333333332,8.118809730668984,8.170721112076455,1.362231302490716,7.354597451491458,8.841959889950767,27.166666666666668,27.0,2.9797294975866313,25.583333333333332,28.833333333333332,0.4351519571792231,0.4416615467597738,0.0794098387068371,0.3887881563013001,0.47548772436259146,0.35612392800446585,0.3584470446642214,0.023752144995097806,0.34367502661592847,0.3689762557998762,0.0,0.0,0.0,0.0,0.0,0.0,0.0,0.0,0.0,0.0,adaptive
0.05,2.0,12,1.724999999999941,2.0,2.202297354210733,0.48669791666660694,2.774489583333327,5.565833333333334,5.37,1.2291327935753829,4.9069062500000005,6.2707395833333335,-3.8408333333333924,-3.2250000000001924,1.979097399106824,-4.951593750000032,-2.9240520833335046,0.10104269196270739,0.126949937404586,0.11274253181614612,0.040215024303605365,0.15572234885768185,1.8966666666666754,1.4399999999999977,1.086672011513141,1.3410104166666743,2.455489583333322,0.17896350368030758,0.18394957983193277,0.04021856524572992,0.15626322819279545,0.2007332824503383,0.8373580195912759,0.8643636825181926,0.45981216278195947,0.587011696964673,1.073789373840497,66.25,62.5,16.3713996735993,57.1625,76.25,4.536200405444541,4.734578627280626,1.1328109734190477,3.878506009267304,5.103708731537793,15.416666666666666,15.5,2.678477631835372,13.833333333333334,16.833333333333332,0.15220633160547967,0.14656921173194798,0.025037265845948335,0.13992802536216106,0.1663191679837007,0.6958787708762734,0.6997155605131065,0.055330706898149375,0.6668543991886976,0.7253914585650917,0.0,0.0,0.0,0.0,0.0,0.0,0.0,0.0,0.0,0.0,adaptive
0.08,0.5,12,1.779583333332134,4.584999999998217,10.543084217182992,-4.27428125000131,6.984593749999468,54.00958333333333,52.675,5.839716858925973,51.14089583333334,57.21380208333334,-52.230000000001205,-53.30000000000034,11.117932075542251,-58.045343750001166,-46.397104166667326,0.020685963302437587,0.03856032309751868,0.10113677193230082,-0.03870011258309483,0.07146909700748379,12.42875000000052,11.7175000000002,6.6032633547228174,9.183052083333564,16.075895833334144,0.4103907565560391,0.4073389918539172,0.020021946244204978,0.4009283114486567,0.42221898481293424,1.7099617837170717,1.7449382481982756,0.28678008545702693,1.5629952925960025,1.8608391447753438,442.5833333333333,431.5,43.22974214658938,422.4916666666667,467.16875,12.325948450622649,12.376629018245005,1.0177021455840884,11.766192441355344,12.8287865624095,35.75,35.5,3.7203372281164366,33.916666666666664,37.83541666666667,0.9429970576896703,0.9073081801060012,0.15330750231687207,0.866591840471931,1.0288880477487516,0.2372429813048795,0.2404298410603753,0.014308396800981804,0.22990400733391445,0.244478699393927,0.0,0.0,0.0,0.0,0.0,0.0,0.0,0.0,0.0,0.0,adaptive
0.08,1.0,12,-0.6641666666664546,1.2774999999995487,6.739514358459496,-4.643020833333346,2.5710833333337484,27.046666666666663,27.585,3.928592353348446,25.108645833333334,29.08170833333333,-27.710833333333117,-27.134999999999728,5.7507639149998155,-31.001874999999803,-24.807520833332674,0.0017665979487870517,0.01920132515663809,0.08151078090073362,-0.04445253678382529,0.043099017292669094,9.084583333333152,7.207499999999385,6.206017775416962,6.361583333332976,12.716552083333342,0.29369451484677533,0.3039208976354549,0.03703396632791017,0.27257347520053693,0.3110602438653816,1.7342054342544329,1.7312971663572043,0.3149716878940387,1.557267495013282,1.8982889237284335,238.08333333333334,237.5,35.31535420216315,219.15833333333333,256.5,8.869678540399653,9.396177237185057,1.2781090736109035,8.149927599189109,9.5587785983203,29.083333333333332,28.5,2.906367096044424,27.583333333333332,30.666666666666668,0.6085950472243798,0.5801081312613712,0.12300240375049205,0.5512019820625353,0.6773578073674135,0.3232298812314696,0.3149226605617561,0.0218921785421486,0.311736523785044,0.3354870410995013,0.0,0.0,0.0,0.0,0.0,0.0,0.0,0.0,0.0,0.0,adaptive
0.08,2.0,12,1.5354166666666451,1.674999999999983,2.6052014913643244,0.04420833333324566,2.8956875000000633,5.72625,5.7,1.3891382629660602,4.996166666666666,6.485,-4.190833333333355,-3.634999999999828,2.657023995968433,-5.762364583333437,-2.9223020833333235,0.10162441123566257,0.11455337401445345,0.13479718031764112,0.024238427057756105,0.16751512846157665,1.9979166666667016,1.7775000000000318,1.1517308285859549,1.426656250000019,2.667125000000108,0.17422966448505295,0.1796918492320791,0.032792845698571604,0.15679358081955455,0.19117660602480738,1.085162819328797,0.7493194460882945,0.9046194708837617,0.6925016499935711,1.659288309712021,64.33333333333333,63.0,15.293096085449404,56.1625,72.66875,4.343324645236026,4.767593397046047,1.2276480114027357,3.659399435273675,4.985098103098754,15.583333333333334,16.0,4.187825066532601,13.25,17.916666666666668,0.15938794228279587,0.16503385305664747,0.050260866539128715,0.13197880016591765,0.1861365587113094,0.6993568939276019,0.7030275633891323,0.04947836512738998,0.6735957501216662,0.7251456621964586,0.0,0.0,0.0,0.0,0.0,0.0,0.0,0.0,0.0,0.0,adaptive
