env,variant,horizon_s,corr,corr_lo,corr_hi,spearman,spearman_lo,spearman_hi,slope,slope_lo,slope_hi,dir_acc_excess,dir_acc_excess_lo,dir_acc_excess_hi,corr_backward,corr_backward_lo,corr_backward_hi,corr_shuffled,corr_shuffled_lo,corr_shuffled_hi,frac_moved,frac_moved_lo,frac_moved_hi,n_samples_per_session
noise,L1,0.01,0.09141925263331148,0.08939189581850883,0.09348666755293397,0.10032754160101402,0.09874339993951894,0.10195190142152971,0.037506025369815586,0.03664039493649201,0.03840718253052519,0.14413938910103904,0.14058049606549963,0.1478639252804001,-0.07519033225397494,-0.07834551987922736,-0.07200789206773776,0.0001512551721301607,-0.0016158616369784868,0.0020510283907180043,0.08216857331006894,0.0806903931799819,0.08351688620366371,29460.291666666668
noise,L1,0.05,0.1736486417416664,0.16902541906002397,0.1782235122957683,0.19302179353221108,0.18951558423899892,0.1966957370044157,0.1558722886678582,0.1525758117350228,0.15915086447469387,0.14982500795719403,0.14576615359621328,0.15393670030295692,-0.1412995868528161,-0.1470837535629467,-0.1353394376722393,0.002080099379182241,-0.0005070895975486914,0.004586172768216504,0.2802655515069428,0.2758675741622286,0.28441893121289474,29456.291666666668
noise,L1,0.1,0.2089949738227662,0.20235044422018444,0.21540221948688754,0.23369385826229205,0.22894543854606114,0.23839415671861833,0.25966169769626796,0.2534511840673468,0.26602439140842926,0.1512467839054058,0.1469094055534914,0.15563935522120068,-0.1644650341455011,-0.172098864157843,-0.15648310883291355,0.00013326630784831622,-0.002205033399691755,0.0023505624213765036,0.39729897280341,0.39138776405743336,0.4029203880381929,29451.291666666668
noise,L1,0.5,0.2105732298529198,0.19968588018954941,0.22183421554928942,0.24490780007545318,0.23645574265026276,0.2537560755316383,0.5414520994791471,0.5274855370344369,0.5569741597929274,0.123274039851066,0.11779787945681065,0.1287565408857249,-0.14832618619644264,-0.16006311725885214,-0.13755442167420895,0.0007861830695480303,-0.001920322105784522,0.003324323850007559,0.6506189892471043,0.6438107184887636,0.65708018409897,29411.291666666668
noise,L1,1.0,0.17127215832662215,0.15989200472021922,0.18253961677496253,0.19519922208920568,0.18445236032619228,0.20538476675302664,0.6064280418250887,0.5771473725862534,0.6325164917922282,0.08948832764569577,0.08283945092192664,0.09607487146615093,-0.11439682405428282,-0.12485949923661736,-0.1044861382919221,0.001086085894857974,-0.0012401463881273553,0.0033551788995184015,0.7585668719047605,0.7503382679402949,0.7666564686899284,29361.291666666668
noise,L1,5.0,0.08812994776647089,0.07482711279131934,0.10120439705083994,0.09412349745885866,0.08009454860480893,0.10745610898392198,0.6816742895247745,0.5877115654890623,0.768278096290237,0.038085501285503094,0.030730518797845316,0.04506099650826913,-0.05277454990627661,-0.06624670017204733,-0.0397826012339349,0.0007733844603741673,-0.0013391496347955306,0.002931059752897677,0.9160291141974536,0.9098113568477547,0.922067753416685,28961.791666666668
noise,L5,0.01,0.03770976125060079,0.034462782748471345,0.04095168153305003,0.028232580085797654,0.025654191602639435,0.03070881734709442,0.029128561836602947,0.026608687713771242,0.03153150693667177,0.03869093082470074,0.0349966297896666,0.04246995402413991,0.03847228027837569,0.03528727871984217,0.041727943053588464,-0.000889379913259619,-0.0029806562558778497,0.0012826498597319474,0.08216857331006894,0.0806903931799819,0.08351688620366371,29460.291666666668
noise,L5,0.05,0.07842060256790008,0.07140058874593656,0.08534758817102499,0.06068021570231452,0.055606898502918334,0.0656521328514656,0.1328073938388086,0.12077876211477605,0.1442719101681572,0.043277064205278104,0.03932196172208333,0.047428049021291115,0.08336804373257688,0.07648692771205938,0.09036739260222312,0.0009375128586790907,-0.0019000974673970086,0.0039113752949195306,0.2802655515069428,0.2758675741622286,0.28441893121289474,29456.291666666668
noise,L5,0.1,0.10178098187731476,0.09318985777813374,0.11070972309572749,0.07977873040700194,0.07245385445928576,0.08699416194884033,0.23888582856265292,0.2180976321181206,0.25984124356576055,0.047022205810305806,0.04204704298558327,0.05207962384721471,0.1136913202230078,0.10425221441447316,0.12304905947137285,-0.0014257624106791152,-0.004116948739816681,0.001365251110104664,0.39729897280341,0.39138776405743336,0.4029203880381929,29451.291666666668
noise,L5,0.5,0.14678632016415283,0.133357542372014,0.16094378213319213,0.1177797732210591,0.103717311204878,0.13316528746929862,0.7188923923078231,0.6479422803690108,0.792258350312155,0.05052555142933619,0.04363085416997277,0.057958563360544994,0.20230572327242266,0.18820931461355178,0.21661619676558524,-0.0008456312808440796,-0.0031328157994304153,0.001424338245540297,0.6506189892471043,0.6438107184887636,0.65708018409897,29411.291666666668
noise,L5,1.0,0.14110897862255414,0.12343640646104073,0.15943577599404954,0.11617144966620745,0.09748054671419194,0.1368363014789455,0.9495609529357502,0.829012736323763,1.0765497422274117,0.04231445935462779,0.03298033276463302,0.05240544609727598,0.22529545186260078,0.2073541756928532,0.2437698856548224,7.181919364790083e-06,-0.0022406565132998698,0.002572956126363937,0.7585668719047605,0.7503382679402949,0.7666564686899284,29361.291666666668
noise,L5,5.0,0.07240622512569955,0.04978390378237668,0.09471526737055032,0.06328999229978242,0.03732106321896319,0.08825575500940162,1.0675824486203418,0.7283839660501461,1.3951609339401205,0.022234436857300716,0.01061492931482005,0.033241857803809845,0.1510755764742043,0.12395573417825018,0.1760645804501194,-0.00018346751872360886,-0.0023423769177135984,0.0017348472059705463,0.9160291141974536,0.9098113568477547,0.922067753416685,28961.791666666668
noise,L1_spread1,0.01,0.12522004161434336,0.12242572348704629,0.1280211795634782,0.14729652407249513,0.14539426782985118,0.1490624669788541,0.035263284732015863,0.034474328471851716,0.03598812841475152,0.30901969295998316,0.3030598394132874,0.3152604935614314,-0.12157896109350437,-0.12420105182340571,-0.11891124126603528,0.0004421696550475078,-0.001565923895591825,0.0025499253706108235,0.03836763869171373,0.03764558069774442,0.03901635146148686,20178.75
noise,L1_spread1,0.05,0.22947828874942056,0.2233944327914861,0.23593058229984312,0.2790145985535258,0.2754341832467178,0.28273115146868405,0.15047252176092404,0.14779918804733042,0.15302821317338905,0.2981725082710221,0.2924181575022774,0.304202559964337,-0.2181178542577401,-0.22251063905694754,-0.21326650781697506,9.066575268922097e-05,-0.0025860902094505425,0.0027904421497809712,0.15164649252414084,0.14903794014679772,0.15405779830789595,20176.083333333332
noise,L1_spread1,0.1,0.26660055640925423,0.2578806364648516,0.27569864409139977,0.3258455913618045,0.3203728335266355,0.3320484706062314,0.2520397474730122,0.24630327385198517,0.2578266127815872,0.27768094374790925,0.27189580157320187,0.2842448408585845,-0.2406795045536252,-0.24672985451003782,-0.2344294235172255,0.001112109895744661,-0.0015361461390924593,0.0036532969140945,0.24357235558080514,0.23938766253445873,0.24760349408349608,20172.791666666668
noise,L1_spread1,0.5,0.2452442125406918,0.23366306585494437,0.2577835368805325,0.2955549223443305,0.28505983891566383,0.30616110726517964,0.5430157142683152,0.5255930216333309,0.5612336460075055,0.17053857381863788,0.1631853301459146,0.1779664064628923,-0.18826839662529019,-0.19949127745392542,-0.1772584466041798,-0.0015640104097532396,-0.003687969509183067,0.0006046085912005972,0.5453728494689415,0.5375416335374809,0.5528414404695424,20143.208333333332
noise,L1_spread1,1.0,0.18847809431560045,0.17479286619529694,0.20214114557676657,0.2212665260721093,0.20817327110418207,0.23448142183052925,0.608945966038574,0.5736957233961324,0.6414956833933115,0.11119046978423448,0.10226489052787784,0.12015265170092701,-0.14000207916829532,-0.14961589055468186,-0.1301797882353694,-0.0010907552058519107,-0.0037075914787666688,0.0016194074477357899,0.6898187757539063,0.6793986909895712,0.700538656287993,20107.541666666668
noise,L1_spread1,5.0,0.09370249563242812,0.07837759296879392,0.10868954401057607,0.10109139410253364,0.08475166165710675,0.11648736142909721,0.7213499838789973,0.6074379846658027,0.8297902346357089,0.04225059673488596,0.03417073517013119,0.05051133307634539,-0.058575448349211606,-0.07328750254026926,-0.045174245784169106,0.0006160525994173453,-0.0014616916696162119,0.0026197856534535403,0.8994731414494531,0.8911825057704188,0.9071234895156538,19830.375
informed,L1,0.01,0.09386075452790109,0.09079109520936887,0.09661708412766902,0.11386629555208923,0.11139129933452654,0.11615036644073416,0.0748114725264656,0.07184800328764102,0.07733585835487447,0.12373519844924617,0.1201610679318709,0.12708446993859684,-0.055889251036365405,-0.0583840480171585,-0.05329336346231881,-0.0004432534838762514,-0.0032058543769278892,0.0024359162706395153,0.15484702427065447,0.15279113116255705,0.15684043540164594,29168.541666666668
informed,L1,0.05,0.1634281875987051,0.15835877028367185,0.16865668769077102,0.2010399127357135,0.19679188136946732,0.20497179055366652,0.2838051945993292,0.2724330558018802,0.29489024512354395,0.12429327441377906,0.1213114186150424,0.12720942188418274,-0.09724771326339032,-0.10204597446541967,-0.09218911399775635,-0.0003602211600736717,-0.0022455603473201403,0.0016578936094876603,0.4683162192435797,0.46373603874313446,0.47292278778109426,29164.666666666668
informed,L1,0.1,0.18199159600231407,0.17533856048666896,0.18852227484825637,0.22457583823844787,0.2188956772031056,0.22977694232777496,0.43503515372270424,0.415863102865377,0.4530082000757757,0.12065902465259219,0.11766496777974081,0.1235518502107408,-0.10827856271124066,-0.11496058251071446,-0.10092623571789154,-0.0002398881093804726,-0.0027187229816409155,0.0022447062820289366,0.6139388155783351,0.6085294838026627,0.6192889692976239,29159.666666666668
informed,L1,0.5,0.14988077042944628,0.1422114446139315,0.15714687643140104,0.17514847517160873,0.1685713236435131,0.18134379419686958,0.7261139386497687,0.687027045264446,0.7609502368571468,0.07814403831951768,0.07459850334955051,0.08175388519434804,-0.08196615928861607,-0.08956604495846482,-0.0740291758522918,-0.00016655616646683085,-0.0026465036306311356,0.002371566463770963,0.8397960148190103,0.8352158684757186,0.8437582840140718,29119.666666666668
informed,L1,1.0,0.11002301991893282,0.09968392040077494,0.11931080235207744,0.121795835843631,0.11211169486102456,0.13075598649288728,0.722867843617808,0.6510290009849407,0.7870493091295094,0.05143264843009938,0.04633636393760145,0.05613443553547987,-0.05148164735988133,-0.05987808595615874,-0.04301685438472856,0.00224811482302529,-0.00041663219112112083,0.004833140274304039,0.90217504519216,0.8987739424033893,0.9051721516172363,29069.666666666668
informed,L1,5.0,0.050313531286205006,0.04074711003478609,0.060712381769832346,0.04994878482204502,0.040424086218715016,0.0606893219845195,0.6932592171411894,0.556120209846398,0.8414034755988923,0.019963212069287094,0.01551014164910913,0.02464091955618138,-0.017929708136138464,-0.029768870382791145,-0.006196428951113385,-0.0009889851971486958,-0.0038043243498437572,0.0016267951790702696,0.9676480524616538,0.9654062542811064,0.9698431068849713,28672.208333333332
informed,L5,0.01,0.03781701915435944,0.03581563682530356,0.0398612288164135,0.033492688174094946,0.031145144100271638,0.03577518816317743,0.04789667397032821,0.04520805744702029,0.05073793255248554,0.03704133020982738,0.03431804545513509,0.03976549133775533,0.06636139396246026,0.06378635813061957,0.06922740858320413,-0.0007466424537595971,-0.003113417449779163,0.0015934986600977614,0.15484702427065447,0.15279113116255705,0.15684043540164594,29168.541666666668
informed,L5,0.05,0.07846254363380363,0.07373881224740295,0.08322833668299946,0.0767172999324764,0.07242860726253147,0.08116421842348381,0.2161747324757509,0.20263249964485824,0.23014531859740606,0.04604378523697128,0.04311694814339808,0.049120917156647195,0.13711553686741204,0.13206680234604698,0.14283764734819182,-0.00013104189794811488,-0.001864936446800311,0.0015924007061230443,0.4683162192435797,0.46373603874313446,0.47292278778109426,29164.666666666668
informed,L5,0.1,0.10157063007380975,0.09409328436253765,0.10850561841877002,0.10265981083549615,0.09701425742637104,0.10878239795391818,0.3847558419020163,0.3571196578867506,0.41207540655600405,0.05223295137684176,0.049101305879715895,0.055669985784222414,0.17972899396340827,0.17276671575218533,0.1873618327582484,0.0002466836518461014,-0.0025691158422636784,0.0029955154649582917,0.6139388155783351,0.6085294838026627,0.6192889692976239,29159.666666666668
informed,L5,0.5,0.1376609019172942,0.12171429018283424,0.15350752352577895,0.1382613289690741,0.12583474915724446,0.15195810178162927,1.057826325176798,0.9335059214842784,1.1883316248474136,0.05450534544028915,0.049359880783110696,0.060145472233333344,0.29519446292697665,0.28433981201642783,0.3056038917117279,-0.0013088658478154587,-0.003703307315137427,0.0014253664279551945,0.8397960148190103,0.8352158684757186,0.8437582840140718,29119.666666666668
informed,L5,1.0,0.121754253547793,0.10467418960413945,0.13951237150284357,0.12332649193302388,0.10778157549934103,0.14083922656671752,1.2710515292099973,1.08502453548307,1.4790486475366853,0.0437501632903712,0.036210923644548,0.05139265880880133,0.3173938179919589,0.3020684603065035,0.3327054557877881,0.0005299562436644666,-0.0016997158472882132,0.002684665126020893,0.90217504519216,0.8987739424033893,0.9051721516172363,29069.666666666668
informed,L5,5.0,0.061080269644151676,0.042892981122890333,0.07995787652313405,0.06367090110039479,0.041148391711067905,0.08711785634014438,1.3803777930243644,0.9514867876824118,1.840626895014614,0.02583231552639062,0.014647358722103637,0.03729902301283334,0.2058150829260467,0.18737559021788391,0.22457788295209494,0.001926561293462631,-0.000519078129330266,0.004193748102051824,0.9676480524616538,0.9654062542811064,0.9698431068849713,28672.208333333332
informed,L1_spread1,0.01,0.1351668352862575,0.13095778573965372,0.13940002239364507,0.1765359414458607,0.17289060706610693,0.18040299066498125,0.06476065152565895,0.06253456103874017,0.06708972072502227,0.28081988471441427,0.27402366081260665,0.2883047891278785,-0.11445265699281439,-0.11811551743714223,-0.11076403628386469,0.0004841427707710473,-0.0032071290799931497,0.004252507623099942,0.07200707345877394,0.07080060446269207,0.07314217634511487,13087.708333333334
informed,L1_spread1,0.05,0.22836303621175313,0.2209859431914934,0.2358643948648913,0.3118466688807766,0.30583783420425514,0.318395586080893,0.25990027567503654,0.24986291388182083,0.2703017110719618,0.261606977611866,0.25591281164722923,0.2675274738512681,-0.1875179731157297,-0.19432494352874047,-0.1808362682639265,-0.0007633180717268707,-0.004368284237725767,0.0026668215152288394,0.2672917539628365,0.26341920629445326,0.27121579013522334,13085.541666666666
informed,L1_spread1,0.1,0.24901673464815413,0.23957427505638582,0.25813393910747356,0.3382844477647124,0.33051257525985134,0.346278621787939,0.41255054405547464,0.3957367961043175,0.42972045513987206,0.23278012051488703,0.2268465709141586,0.23858680224202494,-0.19376976272398413,-0.20293431898104566,-0.18478645271060531,-5.598147179097472e-05,-0.0028715463294823815,0.0026940679552222174,0.40942537821597574,0.4037388016696038,0.4150653295776348,13083.0
informed,L1_spread1,0.5,0.18100727386941742,0.1704734201352655,0.19178755444362902,0.22186675931577413,0.2109487218464538,0.2334144008227659,0.7214452247242202,0.679364274974342,0.7640564518806275,0.11134926053368888,0.10472557815735166,0.11855054820848528,-0.11516403340709135,-0.12717800396790865,-0.10392265608850139,0.002634526225552934,-0.0007522511967853185,0.00596844052397475,0.7556049428807317,0.7476526335193836,0.7621888256414029,13062.166666666666
informed,L1_spread1,1.0,0.121437447431683,0.10796566508799177,0.13509091872928078,0.13980600713781635,0.12422236308236213,0.1541473334877738,0.7035311703274719,0.6243333777888257,0.7843543616002919,0.0639285932778114,0.055580247211225405,0.07182419379091996,-0.07375187966831044,-0.08866801996549896,-0.059117597205009254,-0.0031654015440074706,-0.006143827469495291,-0.0001883290742682398,0.8623093902669181,0.8548473409464834,0.8682564990614577,13037.416666666666
informed,L1_spread1,5.0,0.04704583504480214,0.03348606501140578,0.06051478462679638,0.048487346301107015,0.035136820696705685,0.06172538877150893,0.6330548117116513,0.4472990649733688,0.8215065556201677,0.021822447531306965,0.015578676848650351,0.02822324976966735,-0.029769497095909536,-0.04515820542213185,-0.014516093039941093,3.934568979143847e-05,-0.003311699406723883,0.00323834892333246,0.9616687978823034,0.957979868925668,0.9651103769950331,12848.583333333334
