env,arm,n,pnl_net_A_0bps_mean,pnl_net_A_0bps_ci_lo,pnl_net_A_0bps_ci_hi,pnl_net_A_0bps_std,pnl_net_B_0.5/2bps_mean,pnl_net_B_0.5/2bps_ci_lo,pnl_net_B_0.5/2bps_ci_hi,pnl_net_B_0.5/2bps_std,pnl_net_C_1/4bps_mean,pnl_net_C_1/4bps_ci_lo,pnl_net_C_1/4bps_ci_hi,pnl_net_C_1/4bps_std,sharpe_1s_mean,sharpe_1s_ci_lo,sharpe_1s_ci_hi,sharpe_1s_std,inv_abs_mean_mean,inv_abs_mean_ci_lo,inv_abs_mean_ci_hi,inv_abs_mean_std,n_fills_mean,n_fills_ci_lo,n_fills_ci_hi,n_fills_std,adverse_cost_500ms_mean,adverse_cost_500ms_ci_lo,adverse_cost_500ms_ci_hi,adverse_cost_500ms_std,eff_half_spread_ticks_mean,eff_half_spread_ticks_ci_lo,eff_half_spread_ticks_ci_hi,eff_half_spread_ticks_std,fill_rate_orders_mean,fill_rate_orders_ci_lo,fill_rate_orders_ci_hi,fill_rate_orders_std,n_cancels_mean,n_cancels_ci_lo,n_cancels_ci_hi,n_cancels_std,quote_surv_250ms_mean,quote_surv_250ms_ci_lo,quote_surv_250ms_ci_hi,quote_surv_250ms_std,max_drawdown_mean,max_drawdown_ci_lo,max_drawdown_ci_hi,max_drawdown_std,pnl_vol_1s_mean,pnl_vol_1s_ci_lo,pnl_vol_1s_ci_hi,pnl_vol_1s_std
noise,L0_symmetric,40,6.796000000000086,4.982668750000061,8.52870312500059,5.815252954349762,1.7772783250000856,-0.04825347062461179,3.4927943456242785,5.846300218944632,-3.2414433499999147,-5.081377304375239,-1.4967166443757527,5.926608262909328,0.11178775724135596,0.0796996974001894,0.14489439975428875,0.10936854592755602,22.59717304397487,20.527340091376356,24.638778555111365,6.631479794228214,290.775,281.025,301.2,33.91806681416641,0.708695372719965,0.6674655530073171,0.7497646594361657,0.13444783818746736,1.4736759948538851,1.462996612833052,1.4850694234839181,0.0353010734436591,0.24975258911577428,0.2449908534385668,0.254583078365082,0.016067640638430112,844.975,829.224375,861.35125,52.47636219998095,0.38390091773545654,0.37765679970224225,0.38989888746343204,0.020100049030129026,5.502749999999841,4.4183593749998,6.6770593749997635,3.6765179927863127,0.4520023350838618,0.40410224705941256,0.5041364300143584,0.16409977725008842
noise,L1_inventory,40,5.189124999999963,4.6610281250001115,5.687646874999921,1.7302663525135031,-1.3176624500000365,-1.81795745187501,-0.8573206393751284,1.5792044468041941,-7.824449900000036,-8.371786840000139,-7.329857958124988,1.6949835560644213,0.3175568132170407,0.2745589087924,0.3588908298321918,0.13920171833536973,2.9678754997144488,2.922869074814392,3.0150374785836664,0.14934025748071889,368.875,358.2,379.62625,34.96165481913446,0.7522811487618999,0.7250043977864459,0.7813418694879593,0.09213835593662459,1.2156016893161177,1.207162822400342,1.2237352632946228,0.02701914151502181,0.2629141330837685,0.2588756322705541,0.2667169146457661,0.012768688644322151,973.0,957.823125,989.275,51.11174284262137,0.3487748925230202,0.34257481187419025,0.3551307431209178,0.020341740019248353,1.1154999999999586,0.877868749999959,1.3780093749999673,0.8263852395236604,0.10724782349405988,0.09567940314887814,0.12044294879098844,0.04091505607071934
noise,L2_obi,40,5.781999999999866,5.1567500000000015,6.354656249999814,1.9587033911133116,-0.4936103500001344,-1.1028569550000542,0.0521731584374111,1.883776927671188,-6.769220700000136,-7.423751575000126,-6.18376586687521,1.9981211665431517,0.3653823770264453,0.31256797427292765,0.41755469706622045,0.17365532932388605,2.668989149057681,2.625082452884066,2.7134812250142777,0.1463152029047404,354.275,344.049375,365.12625,34.068548921857904,0.7317104607948608,0.6947731062557168,0.7687396155158506,0.1216015482623796,1.2427388475388828,1.233303014367952,1.2524401695324738,0.030994156340925567,0.2558862207564888,0.25188452542628775,0.26002095838007705,0.013128480192679412,985.375,969.449375,1001.676875,52.12395851508259,0.3696336982580764,0.3625360670086659,0.37687172723412726,0.023203090325817962,1.191749999999994,0.8736218750000112,1.5653874999999917,1.1365267321187313,0.11227729496605761,0.09584535268367712,0.13118103533216843,0.05912924748815847
noise,L3_adverse,40,3.5722499999999484,2.786728124999817,4.275956250000114,2.377169980330677,0.3873290624999487,-0.3351136225000187,1.0277254546874706,2.2134993041376143,-2.7975918750000517,-3.4953264487502174,-2.1913397275000337,2.1134043201188293,0.1789676003121173,0.14230795701020008,0.21709348649982246,0.11991716420779805,5.050885208452312,4.735625356938892,5.370366219303255,1.0262725384104892,177.45,170.899375,184.475,21.920544163187564,0.8965572415525578,0.8334188178163604,0.9612556467466477,0.20293545070359,1.6360284532347145,1.6037837500134862,1.6694336170650563,0.10391433263195807,0.13651615121084087,0.13284406051398273,0.140607639257005,0.012738418329781127,1048.875,1031.5,1067.275625,59.57808386414485,0.3668765068984989,0.35892584325852506,0.37460939171442986,0.025880996248511163,1.8656250000000412,1.4024968750000402,2.421628125000009,1.6384252866310376,0.1487629275945162,0.12846372310656648,0.1725477256064964,0.07334715839306925
noise,L4_queue,40,5.571625000000135,4.800865625000119,6.300509375000265,2.4681934085324864,1.9475149250001351,1.2663310268750723,2.5926158934376935,2.2226238618092777,-1.676595149999865,-2.3019563524998854,-1.0824552387498942,2.0463306167230555,0.2583771230671306,0.21381110110205917,0.3050154493252642,0.15266273272470374,4.996116504854369,4.683193889206168,5.3187596373500865,1.0535606407976084,206.725,198.9,214.725,25.947666759391108,0.7712768689679084,0.7046892546282874,0.8397733948367959,0.2186773178493296,1.6835807175147637,1.6504867218659933,1.7151338809928025,0.10430743736502848,0.24939972390241327,0.24200401392151075,0.2571699707887722,0.025152562246687937,576.5,563.149375,590.800625,44.85932427443568,0.48898575017446466,0.4806462248625474,0.4980039591999861,0.028604233057524617,1.6534999999999607,1.2994999999999342,2.086424999999956,1.2786517338236372,0.15056388424266412,0.1325816700846149,0.1737094611870705,0.06771461571138648
noise,L5_latency(full),40,5.3035000000000165,4.6391656249999835,5.942771875000136,2.2003368623218496,2.131182750000017,1.530322678125053,2.688424728750031,1.9242396206935348,-1.041134499999983,-1.5865420875001044,-0.5404821187499822,1.7140331672889668,0.24243509497440874,0.20114292363874497,0.2860383509077075,0.13879912268047132,4.897829811536265,4.5728237435751,5.2449871501998855,1.105721680710519,179.5,172.399375,186.95,23.912232681095922,0.8244375878471295,0.753029249482535,0.9001401356729418,0.23765716134477854,1.787539495825439,1.7531329143115628,1.8222145920232002,0.11266666349588969,0.23107768227039038,0.22444384237198442,0.23792048332573026,0.022252407774036507,556.05,544.824375,568.10125,38.138714431159556,0.4995926770928037,0.4922578246645351,0.5074029384429751,0.025007912123014807,1.6382499999999465,1.294743750000001,2.036374999999927,1.1901904340191656,0.14989264087978835,0.13363857934212223,0.16973822982314138,0.059665195264771806
noise,full-inventory,40,7.84887499999972,5.914731249998971,9.7529749999998,6.26605348413413,5.008989274999719,3.080626745312233,6.903059803750011,6.226192655250191,2.1691035499997193,0.24981954312435095,4.05763363374972,6.227880325272037,0.08707440315813719,0.06488587871875547,0.11019765039784517,0.07538490718942954,27.555197030268413,25.703441961736154,29.403868503712165,6.039721981305002,169.425,160.3,178.700625,29.957138184498334,0.7746908098119661,0.7034879392543744,0.8502786833032563,0.24218148409918988,1.8554586498187178,1.82213661793724,1.8871826867302555,0.10512495853928235,0.2397223522043228,0.23193960090514265,0.24738040152099922,0.025704280337392707,497.5,481.049375,513.5275,54.448281741625095,0.5082476209913757,0.5010515193857952,0.5151061211101284,0.022817131927175383,6.692750000000312,5.835718750000445,7.541184375000418,2.8255995392856184,0.5398170606460266,0.49717981571030956,0.584504299111156,0.14779373615899696
noise,full-obi,40,5.201874999999985,4.502915625000002,5.86450937499993,2.25314642891414,1.9273969624999847,1.2833561228123689,2.5259189200000596,2.0438958879677305,-1.3470810750000155,-1.9309247481249583,-0.7983487000000045,1.8679834058487619,0.24916366394655487,0.20823528291171153,0.29058541530575677,0.13426600543676567,4.699328954882924,4.442713449457454,4.963790691033695,0.8504693840666716,186.025,179.899375,192.175,20.478240484312447,0.8174775726312553,0.7577830486192159,0.8829926444083697,0.20425663206802763,1.7511423092906697,1.7221682283931192,1.7797746421112257,0.09449146726298112,0.22071194656839968,0.21628924787737175,0.225052148002534,0.014337264315536126,610.45,597.1743749999999,624.000625,43.63658192447344,0.4647025213710513,0.45763955087064256,0.47166013129355944,0.023114138853898146,1.5808749999999983,1.2329843750000014,1.9727562500000586,1.2110436733851777,0.1417066040083094,0.1256267402839293,0.16234045400428546,0.05991843217990109
noise,full-adverse,40,6.9886249999999634,6.378737499999929,7.582753125000141,1.9845683466276514,2.1189880624999624,1.539873125312344,2.672901477187453,1.8493336358283772,-2.7506488750000377,-3.3238105437500933,-2.211498020624969,1.8086067985717214,0.3652591808539281,0.3177817838540364,0.4120004280648212,0.1535399614716634,3.4099229011993146,3.3225074957167338,3.4976549114791546,0.28760201530210455,283.05,275.55,290.725,24.733398990859012,0.6993784890712119,0.6582996752082273,0.7410546685799977,0.13678797931047196,1.5112301198322042,1.4953392828975216,1.5277066674069253,0.05346969554155156,0.3279575893439296,0.32409826725971225,0.33194328266922923,0.012723375808257479,538.15,525.874375,551.375,41.492384225517206,0.4973677588595608,0.48849108895642523,0.5065777110728777,0.029205855231587002,1.261250000000007,1.0229968750000102,1.5194718750000356,0.8066643489053384,0.12388702673783447,0.11229086114358577,0.13728328115999294,0.041308936601819814
noise,full-queue,40,3.2077500000000283,2.601231250000115,3.8064156249999708,2.0228939507292583,0.7989464750000279,0.26701652468740167,1.329965048124957,1.774078450317128,-1.6098570499999725,-2.0803013068749987,-1.1369338450000355,1.575749405417475,0.15843295610113156,0.12568212409823165,0.19284313182206364,0.11165395584582392,4.749428897772701,4.434273272415763,5.0848422330097085,1.076543750028176,132.725,126.25,139.05062500000003,21.33131500869086,1.0378167947960084,0.9589724652597823,1.1229809741624652,0.2713207234113063,1.8653797039518345,1.830190155420839,1.9002329766332404,0.11297324656186428,0.10584820413098558,0.10177166084579707,0.10973979192583422,0.013218680254841656,1049.875,1033.67375,1066.000625,53.65998724160518,0.3675377973061448,0.3608099308140261,0.37405844173029945,0.021842359350436567,1.639874999999974,1.3336218749999138,1.954418750000029,1.0240038858975715,0.13926945209340796,0.12485384440904845,0.15526924499788336,0.04952136247509968
noise,full-latency,40,5.571625000000135,4.800865625000119,6.300509375000265,2.4681934085324864,1.9475149250001351,1.2663310268750723,2.5926158934376935,2.2226238618092777,-1.676595149999865,-2.3019563524998854,-1.0824552387498942,2.0463306167230555,0.2583771230671306,0.21381110110205917,0.3050154493252642,0.15266273272470374,4.996116504854369,4.683193889206168,5.3187596373500865,1.0535606407976084,206.725,198.9,214.725,25.947666759391108,0.7712768689679084,0.7046892546282874,0.8397733948367959,0.2186773178493296,1.6835807175147637,1.6504867218659933,1.7151338809928025,0.10430743736502848,0.24939972390241327,0.24200401392151075,0.2571699707887722,0.025152562246687937,576.5,563.149375,590.800625,44.85932427443568,0.48898575017446466,0.4806462248625474,0.4980039591999861,0.028604233057524617,1.6534999999999607,1.2994999999999342,2.086424999999956,1.2786517338236372,0.15056388424266412,0.1325816700846149,0.1737094611870705,0.06771461571138648
noise,AS_gamma0.01,40,5.05812499999985,4.318828124999778,5.753274999999937,2.3700066773411876,-0.9854077000001503,-1.7380318118750808,-0.28921665281256126,2.381918907571584,-7.02894040000015,-7.84262734250031,-6.279520943125169,2.5577756615377574,0.28278398484265643,0.233650378495953,0.33229302375188335,0.16420778407654724,3.6534837235865227,3.547105582524271,3.76269381781839,0.3498462506194843,349.325,337.89937499999996,361.425,38.718833620385276,0.7707217945505852,0.7312520414145214,0.8111660419962037,0.13024868708632598,1.2674762532182065,1.2566743181533668,1.2778948216650083,0.03434970834334328,0.24866582478839966,0.24486401569799487,0.2522790602043575,0.01225951320840622,990.825,972.22375,1009.525,61.86332640463293,0.353069342620361,0.345121356250494,0.36063446355274364,0.025035800480961972,1.4247499999999835,1.0932218749999545,1.792140624999975,1.142581394732949,0.12818250619039856,0.11260083409409835,0.14632339816659212,0.055991692515668504
informed,L0_symmetric,40,6.812375000000332,2.880993750001276,10.505275000000605,12.531480358839655,-2.26934508749967,-6.140212036875334,1.3579409937502924,12.30990056240082,-11.35106517499967,-15.17843715749814,-7.778404672500504,12.144060959587934,0.055374269304789794,0.02916918072539631,0.08246739868377821,0.08830918806542323,25.10898058252427,23.823660765276983,26.42394274700171,4.218582320904757,536.5,521.6737499999999,551.5756250000001,49.13247398615299,1.1438785962314892,1.1020630578208963,1.185912750459608,0.1394077472201702,2.0333201567909227,2.0206763259043945,2.0456075089499817,0.04024873732366027,0.23578314631369315,0.23217186803639012,0.2392849683567998,0.011741853999056596,1607.225,1586.04875,1627.57625,67.76826558583909,0.19407482914184188,0.19013874315347187,0.1982881648770545,0.013542710829077206,14.177125000000425,12.133650000000886,16.35913750000033,6.8951849501515055,0.923164822147001,0.862327732020621,0.9836797186546268,0.1921698688647338
informed,L1_inventory,40,9.977000000000048,9.015353125000061,10.955787500000147,3.207488993126303,-0.2870980749999518,-1.2349245737498844,0.6370583028126457,3.005714253053836,-10.551196149999953,-11.54967815374992,-9.588398156250195,3.111475064007538,0.275576383169147,0.24172289191589136,0.31033634644871366,0.11059200602994866,3.7945031410622505,3.7163563677898344,3.870969802969732,0.2469463155956188,587.775,569.99625,605.953125,58.22788454393254,1.2241833868395857,1.1815721822332685,1.2680616017581674,0.1392280512574101,1.8633861322737437,1.8522164543851016,1.874812779050301,0.037157472659443906,0.23543505982269708,0.23155390188386585,0.239359574604119,0.012400591947880686,1795.725,1770.9475,1820.4012500000001,81.51828094486001,0.18031128184905418,0.1757316736028288,0.18499595359003015,0.014996597579808318,2.130125000000048,1.7981156250000532,2.4973781250000093,1.1102329898118657,0.22210897765874585,0.20717105918683587,0.23954341733487203,0.05176958208193457
informed,L2_obi,40,11.100249999999935,10.119490625000056,12.04402499999983,3.1187737872274885,1.0441214749999332,0.12357452187479222,1.9182840821875167,2.935568531187364,-9.012007050000067,-9.949093636250083,-8.09384441562517,2.9691250129194913,0.31145785876000276,0.27505675575417843,0.34691653930571403,0.11634910235327414,3.7301113649343236,3.6431146487721304,3.8177495002855513,0.29353537349643094,568.125,554.62375,582.00125,45.30364082272938,1.181939331653652,1.1356975020509503,1.2289671458741669,0.15185010888385167,1.9081534059101226,1.898101983076963,1.918077170843458,0.03233678136907141,0.2297700969112925,0.2267162562245821,0.23299831037261562,0.010372328167216852,1827.925,1806.471875,1848.8518749999998,68.32028174294875,0.18158788503420067,0.17796309310090577,0.18545922907725948,0.01219168073648307,1.9903750000000442,1.6931124999999911,2.3249468750001325,1.0442457635747426,0.2191591702860391,0.20400839058778505,0.23619373004257394,0.05270037230997632
informed,L3_adverse,40,8.420249999999934,6.782300000000198,10.02413749999976,5.3312983637747555,2.512423349999934,0.9575488271874475,4.047195865312256,5.116824670064535,-3.3954033000000665,-4.920849021250032,-1.8851790987500312,5.016629799301902,0.15137643932465944,0.11882510268807642,0.1855595245184345,0.11144254615640552,6.870802398629354,6.519152627070245,7.22915334094803,1.177096419820323,333.425,319.824375,347.800625,45.644045024009934,1.50529446801708,1.4309135658731003,1.5783448350898732,0.24450296762981985,2.664216306489982,2.6251806485939064,2.7051701004134463,0.13175276802892721,0.1436785256439243,0.1398290556712438,0.1479293727734806,0.01310524398868771,1855.4,1827.724375,1883.225,88.71527489671662,0.1872762242143629,0.18174518443466406,0.19291326603239164,0.01795045076193372,4.489624999999917,3.745868750000077,5.301887499999873,2.5347637798956923,0.36381658422962887,0.3391075332043835,0.3891904435317188,0.08236746778394875
informed,L4_queue,40,9.828625000000027,8.092000000000137,11.538987500000081,5.794012159726106,4.348550100000027,2.7147773949998557,5.925705626875036,5.372763531875009,-1.1315247999999736,-2.672150002500226,0.3597244600001001,5.031551734156642,0.17754632695805314,0.14554069683169582,0.21032417078595553,0.10660379230518027,6.891704740148486,6.569122644203314,7.2248001142204465,1.0773129111967876,320.5,306.84875,335.05,44.970075520369015,1.4308212892969114,1.3433951307757346,1.521601433712939,0.2968826947677114,2.864790737125271,2.8295369139864235,2.9014135793411753,0.11700426147133774,0.2502254514395849,0.24433519277518378,0.2565555058893004,0.020097855052607232,875.075,855.82375,894.5025,62.252746824373034,0.3468596984498448,0.3399260913410392,0.353992214060387,0.022495626600573235,4.00325000000001,3.2791124999999877,4.848381249999952,2.6272342262323196,0.35758619774193157,0.3282837896226192,0.3883085330221368,0.09978513514029802
informed,L5_latency(full),40,10.272499999999777,8.567712499999788,11.867415624999769,5.463348977621756,5.5279090249997775,3.964122456874754,6.9882870874997405,5.043858138863776,0.7833180499997765,-0.6660216212500404,2.1486993793747353,4.676027265629243,0.1817200435854447,0.14916182163981792,0.2140906331516937,0.10686547796118429,6.902298686464877,6.538300256996003,7.254776913192462,1.178518066849738,270.175,259.175,281.050625,36.03978392888927,1.5617049548102127,1.4561680965199078,1.666780198349306,0.33188794147988887,3.101283103904841,3.0435639999027084,3.1571664529058308,0.18458181988661668,0.2148746051841627,0.20867199731479513,0.2210203483277264,0.020317828403082598,927.725,907.325,948.12625,65.64863249693742,0.34133496705380695,0.33327317684925145,0.3494209753106315,0.026344222705477486,3.9511250000000713,3.3889906250000195,4.548175000000139,1.9196185142847373,0.3485718055739616,0.32669341550175307,0.3709415246793644,0.07268000924579356
informed,full-inventory,40,8.185624999999689,3.1010406249996993,13.387187499999216,16.632282140907265,3.8477853249996903,-1.1730098824990205,9.057135754999287,16.541649813843257,-0.4900543500003106,-5.477920046875752,4.678216196874665,16.48052599865671,0.04806340446731443,0.02116635361007657,0.07500694168715344,0.08553310742895495,28.9642490005711,27.13612364363221,30.778022915476875,5.789723624329403,254.075,241.72437499999998,266.425,40.60465269538481,1.5379732563398048,1.4206274353949242,1.656452984730185,0.3897152884604531,3.160397526154002,3.112646560270272,3.2051972758161673,0.14949559956716052,0.21784616057641096,0.21152610109124145,0.22407580777489575,0.02056311114577213,855.425,831.675,877.175,74.83310918817439,0.3476612037941588,0.34033269648781,0.35549755452470283,0.02472466275247307,16.193749999999948,13.781478124999769,18.765550000000037,7.873762886141495,1.1544015231670237,1.0666302493098987,1.2380736561196384,0.27339121666600297
informed,full-obi,40,10.08687500000014,8.637796875000213,11.59348125000007,4.90438130752629,5.14949102500014,3.7417568515626187,6.637411004687709,4.72350636141224,0.2121070500001391,-1.1888349443748696,1.6489757475000866,4.608827797256566,0.17283648987710826,0.14487250693694417,0.2039513751003677,0.09662161526184156,6.909180468303826,6.57135386921759,7.261638349514563,1.1133241203304567,283.6,273.85,293.60062500000004,33.417176605866814,1.532012695058535,1.418956532648697,1.651696122628197,0.3764680038894844,3.0473400410091642,3.0022824558144445,3.093240774641276,0.14916849514836514,0.21477081761386146,0.2090176507369412,0.22059650306882117,0.019462391860653135,972.875,954.62,991.47625,59.23667761074193,0.3322711135518427,0.3263134298559151,0.33830109040220874,0.019863971517743884,3.7663749999999965,3.276921874999962,4.280646875000002,1.6626816413205068,0.3603084788688692,0.33860484288217496,0.3814513681791983,0.07107877798671859
informed,full-adverse,40,12.534999999999972,11.314478125000038,13.727621874999896,3.9408280400221263,5.705156224999969,4.583165136250031,6.807663764375139,3.6126814403359653,-1.1246875500000306,-2.1902862806249717,-0.07032662125005235,3.4053632784046877,0.26890998420712264,0.23785004573894813,0.3003257871429928,0.10173748767976179,5.352812678469446,5.183894560251286,5.530016776127927,0.5636303302628792,399.425,386.42375,413.35062500000004,43.41622495961146,1.296768046393098,1.2230133819325175,1.3698122991166835,0.24230072100696498,2.5452943891856123,2.517832385625767,2.573288508009288,0.08891882309805091,0.3215865996113624,0.3166471138530457,0.32661540536834816,0.016632742322701854,809.475,793.024375,825.975,53.6560687895481,0.358653859373035,0.352020724713213,0.3659217614310578,0.022527205533724972,2.4149999999999765,2.0837500000000144,2.7821656249999727,1.1517149976871164,0.27927335569213807,0.2622357993406292,0.296033406327552,0.05540659498204645
informed,full-queue,40,9.577374999999837,8.2342437499999,10.898040624999553,4.320354773463232,4.858217599999837,3.573294731249966,6.10790297124981,4.101032019676713,0.13906019999983701,-1.1092575881251054,1.3343486206248776,3.960868552359979,0.16420444151752317,0.13871344280852685,0.19053364408309909,0.08436807098241547,6.823343803540834,6.510646773272415,7.093233509423187,0.9489441435987467,266.05,255.59937499999998,276.650625,34.40628296826478,1.6296928383581055,1.5256618252941683,1.730950582182622,0.3316328669200749,3.0659284957688855,3.013959915067335,3.114392012459052,0.16568576093826048,0.1192819597638263,0.1160434241400203,0.12260599464124958,0.010778630644396372,1831.925,1806.3474999999999,1857.0275000000001,82.66223752609478,0.19418628319725081,0.18868507465920886,0.1999927595546969,0.018376862651626476,4.0295000000000005,3.3854875000000453,4.768031249999933,2.2250401321646462,0.3617022613159497,0.3355061437758386,0.39186880242412175,0.09297022206894606
informed,full-latency,40,9.828625000000027,8.092000000000137,11.538987500000081,5.794012159726106,4.348550100000027,2.7147773949998557,5.925705626875036,5.372763531875009,-1.1315247999999736,-2.672150002500226,0.3597244600001001,5.031551734156642,0.17754632695805314,0.14554069683169582,0.21032417078595553,0.10660379230518027,6.891704740148486,6.569122644203314,7.2248001142204465,1.0773129111967876,320.5,306.84875,335.05,44.970075520369015,1.4308212892969114,1.3433951307757346,1.521601433712939,0.2968826947677114,2.864790737125271,2.8295369139864235,2.9014135793411753,0.11700426147133774,0.2502254514395849,0.24433519277518378,0.2565555058893004,0.020097855052607232,875.075,855.82375,894.5025,62.252746824373034,0.3468596984498448,0.3399260913410392,0.353992214060387,0.022495626600573235,4.00325000000001,3.2791124999999877,4.848381249999952,2.6272342262323196,0.35758619774193157,0.3282837896226192,0.3883085330221368,0.09978513514029802
informed,AS_gamma0.01,40,4.408125000000206,2.818096875000171,5.895878125000182,4.9272097330238855,-6.118521937499795,-7.799313016562411,-4.5228035631248344,5.2283098966053485,-16.645168874999797,-18.452601797499703,-14.891949521249927,5.688537908580847,0.13810452928263411,0.09985891201260778,0.17838637515503425,0.12507188216980208,2.894274700171331,2.8275528269560253,2.9589099086236437,0.21552906700873625,606.425,589.5493749999999,623.3262500000001,54.24015330702182,1.3870458312310983,1.321852767070645,1.4529871558460856,0.21497685203872385,1.7577885474694142,1.7408856253940463,1.7745802490763405,0.055817152596687264,0.22518509130246162,0.22221850180698408,0.22826714258890216,0.00972839492989274,1975.25,1943.099375,2006.9525,103.23852143309836,0.15871989311752482,0.15391386452299513,0.16378940529294655,0.015875017971450477,3.840249999999896,2.920362499999935,4.949896874999771,3.319863673058306,0.26762724829199797,0.22871631920506247,0.3190308432299776,0.14637837327193948
informed_jump,L0_symmetric,40,0.7063749999993497,-3.944143750001218,5.089334374999332,14.994307338056887,-8.565195950000652,-13.137283601564079,-4.271474027499776,14.767347704783203,-17.83676690000065,-22.307996961875915,-13.609646465000138,14.592166566294775,0.015401999076736606,-0.009572310160950804,0.03969333840068282,0.08227774891143458,26.75248429468875,25.318752141633354,28.224928969160484,4.850771048081717,550.35,535.65,566.525625,51.06634698969366,1.2004159137472734,1.1503148401058427,1.250691284178593,0.16434349101615536,2.045618121551299,2.035417252441876,2.056971191130995,0.03520357845335148,0.24026229721036527,0.23662773930283798,0.24406327664386068,0.012454726402546818,1607.75,1584.3225,1631.3006249999999,76.26968010005092,0.19053864980868515,0.18596980377365338,0.1949546274982574,0.014684702709002179,18.24262500000045,15.845025000000216,20.93031250000084,8.398026247624195,1.0301620629445345,0.9663864723116324,1.0945934045156744,0.20730422904749807
informed_jump,L1_inventory,40,8.996750000000073,7.995965625000131,9.92079687499986,3.186667850149867,-1.2093506124999271,-2.228014140624784,-0.25903100531233963,3.2399260889882315,-11.415451224999929,-12.538288131874875,-10.391611861249975,3.5197944377522683,0.22115582295754965,0.19407400327742874,0.24784208499127136,0.08978207495572998,4.017975442604227,3.933292404340377,4.101702241576242,0.274592971324636,576.825,560.7993749999999,593.375625,52.75433509954298,1.304652065560795,1.262135967764982,1.349568957001102,0.14225600210613318,1.9647657881579186,1.9505880187376725,1.9785871693189816,0.04517107059006092,0.23035943676561824,0.22727177728457013,0.23359789783028534,0.010226238380677335,1832.35,1807.4737499999999,1857.23,79.46215031908797,0.17591560008615328,0.17207601898146244,0.17984426585601646,0.01247326205781255,2.513374999999985,2.139734375000014,2.950378124999913,1.3490810678248986,0.24778432212121496,0.23435529198815339,0.2623099028759,0.04756522936468051
informed_jump,L2_obi,40,10.05237500000005,8.865324999999828,11.27470937500004,3.949464421253065,-0.16967924999995124,-1.2824219812499111,0.967496235312571,3.6371167610475985,-10.391733499999951,-11.473431560000085,-9.280296899999977,3.552729659964714,0.26067064912845206,0.22432332331273744,0.29838891140044105,0.12091644804056007,3.850770988006853,3.752852298686465,3.9446559109080526,0.3118395757146261,579.875,563.55,596.65,53.381158444933334,1.2591703050416776,1.2066410160440928,1.3137687656016095,0.17874215048133063,1.954494417391419,1.9410803057093922,1.967727436486305,0.043359531678181996,0.22851146709322986,0.22517660795323993,0.231894179302,0.010975873007214535,1873.175,1850.37375,1894.775625,71.22513511250696,0.17471975072079163,0.17055350925381615,0.17895935084695727,0.013635117807102977,2.3518749999999917,1.94873750000005,2.8352875000000615,1.4537659704349537,0.2375204296336677,0.22409261110485745,0.25288149864534065,0.04792319289479279
informed_jump,L3_adverse,40,7.032000000000129,5.112212500000018,8.788703124999921,6.016547246488834,1.070132362500128,-0.7290643618749816,2.7073295078126836,5.638582572823592,-4.891735274999872,-6.564243804375136,-3.346543587499754,5.3578353962321685,0.12118236922199661,0.09232122368881279,0.15047213925336816,0.09659316912780484,7.137450028555111,6.742288335237007,7.527398272415762,1.2869255148924426,340.675,327.3,355.025,45.28960230475729,1.529129947016934,1.4342283060093846,1.627881853624423,0.30930608735930754,2.696094954472669,2.656530172177442,2.7378266193758196,0.13482549828576948,0.14346019364267662,0.13957635795409354,0.14763514894975038,0.013152510729348635,1882.75,1858.86875,1907.0262500000001,78.37999155985587,0.18261331276530435,0.17789126665365193,0.18707248382534214,0.014863417023243184,5.193624999999908,4.175203125000013,6.461059374999902,3.818946187624778,0.38430356504085883,0.3566439609317872,0.4149461435365694,0.09740472851528918
informed_jump,L4_queue,40,8.723125000000062,6.853384375000005,10.562778124999872,6.1122322381182785,3.5116033750000613,1.688606704687661,5.288367217812459,5.894001819968354,-1.6999182499999392,-3.4953978849998424,0.028697380625180135,5.733120483095242,0.14407302685907614,0.11187068101155459,0.1762309282480784,0.10491329975152468,7.266733295259852,6.877807324386065,7.650256639063393,1.260346505201887,306.2,295.074375,317.5,36.59634281854278,1.4908692376644224,1.4082253209204298,1.567703658711092,0.2567597270778544,2.9672009519575733,2.9309061830162806,3.001292596225878,0.1139956253824744,0.2734978649563324,0.2674083901495255,0.280168743840547,0.020912657605646673,746.6,728.024375,765.026875,60.78115429924573,0.37390928237145105,0.36783708250641073,0.3801734302240758,0.020256562856248696,4.8148750000000105,4.00778749999996,5.675878124999858,2.7314161086025512,0.39215668922390756,0.361354427490358,0.42414802680863334,0.10531533565572762
informed_jump,L5_latency(full),40,9.784874999999683,7.755559374999586,11.728474999999673,6.490721828561812,5.106482949999685,3.117633258124503,6.98706498156206,6.32844306380869,0.42809089999968447,-1.5102720275000834,2.2574412824996855,6.2215737557216855,0.16228221014348856,0.12945955071108176,0.19664876846395715,0.11025865883100121,7.089891490576814,6.720656410622501,7.470996930325529,1.233018846909377,270.825,259.874375,282.500625,37.405530579697945,1.6282090194949794,1.5290642934648937,1.731262435585506,0.3358631573502684,3.27887269435021,3.217364711657097,3.334225903126802,0.19145145832325527,0.22712559296516668,0.22076882807194995,0.2333008480978377,0.02095619908446485,860.8,840.470625,881.4506250000001,68.01892647619749,0.3568462296834198,0.3499536987671017,0.3635138995262155,0.02259647811058327,4.796375000000188,3.878721875000185,5.822750000000232,3.176756527538305,0.39129732696798114,0.3627467412470222,0.4206581570457208,0.09513682168485041
informed_jump,full-inventory,40,3.3069999999998436,-1.7990281249999467,8.337018749999634,16.56154813616962,-0.9351872750001562,-5.95667269500003,3.9936319521870494,16.236645138833637,-5.177374550000157,-10.086355604374948,-0.3356560612501926,15.924842461612888,0.027574606914239075,0.0006676609961973931,0.054621317193521826,0.08845165878324736,27.03201027984009,25.231106510565393,28.84706417761279,5.908992521448405,248.225,238.8,258.250625,31.46384779312152,1.5291618802357678,1.4522900070861502,1.6098883921774687,0.26129099151881385,3.2881822553107596,3.2381752323954704,3.3385868738481057,0.16667566880990645,0.22839013182800932,0.2225201833269445,0.23450855020064842,0.01930758283014001,785.35,767.19875,803.625625,60.53164038070905,0.3616977523489291,0.35460265450070766,0.3692701126323574,0.024377591819248267,18.36725000000015,15.739396875000168,21.216293749999632,8.852055747764673,1.118624856512805,1.0485033998917193,1.191322356039933,0.2317812842704584
informed_jump,full-obi,40,8.976374999999678,7.211712499999523,10.702634374999533,5.850855294423316,4.255184524999676,2.551037822499812,5.923350404687146,5.556584619892388,-0.4660059500003243,-2.0751158450002873,1.1477186368747758,5.318968491796959,0.14579439908860387,0.11658560023887558,0.17592395965165997,0.0985456959688715,7.129597372929754,6.83113934894346,7.443719660194175,1.0086914891073895,273.975,262.925,284.80125000000004,36.19001668543837,1.6106695900331327,1.5120212616986293,1.7026502680115518,0.3116322768218613,3.2013282059301,3.151583177431645,3.2527038970719797,0.1602755673359585,0.22325730320948306,0.217455616696137,0.22918367823914065,0.019725094033434785,885.775,866.649375,904.051875,61.71750676287597,0.3528349930932203,0.3447609496845653,0.361470099104517,0.02779712397421845,4.844125000000133,4.063343750000153,5.713253125000081,2.716104603056333,0.3930724607736985,0.36497625672860445,0.42133308521433693,0.09284725270395094
informed_jump,full-adverse,40,10.22524999999986,9.047684375000204,11.526399999999883,4.136131437615435,3.7062067749998597,2.5972694078124112,4.931955181874878,3.885964453851437,-2.81283645000014,-3.9093884718751815,-1.6595413037499138,3.740574915945144,0.1981693589253269,0.1692629177048562,0.2295136289187253,0.09940205886608719,5.7043974871502,5.54363399486008,5.877096302113079,0.5518084931839273,380.4,367.925,392.85,40.69826431125433,1.377922690581617,1.3272805775022842,1.4268946562663145,0.16359534182579175,2.6832298330541233,2.657406961680125,2.708924594396105,0.08475289807381886,0.33953456930503567,0.3357834533006335,0.34357859223989795,0.012918877489589498,710.925,693.8,727.9768750000001,55.941080497068405,0.3743006993912664,0.36759609664804926,0.3809021030036304,0.021679715461726298,3.429250000000026,2.9947718749999472,3.9043749999999893,1.4590071922988348,0.3157025634911711,0.29910999975791425,0.33315801709566345,0.05630392133554583
informed_jump,full-queue,40,8.026250000000058,6.474890625000034,9.588524999999956,5.091012033539218,3.283611712500057,1.786765471875069,4.839298253437594,5.011951684575305,-1.4590265749999436,-2.966080175000101,0.05666607625009183,5.009446531870679,0.14081377905911574,0.11116783807513822,0.17326110688689964,0.10074940629885941,6.883095374071959,6.499531696173615,7.273214591661908,1.2945214488608632,267.525,256.799375,278.075,34.97983851540917,1.684966615570488,1.596662498321025,1.7762300012837395,0.29252248278889675,3.134701344954196,3.0813579235922863,3.1859395268761785,0.1737136881532392,0.1176137757569133,0.11402890476603945,0.12120595314733285,0.011991481696169976,1866.95,1842.5,1891.2,78.5414964631224,0.1897561423170234,0.1846917755346776,0.1947517505227848,0.016409005818657008,4.572749999999922,3.8406124999998728,5.302378124999872,2.3273870982558247,0.3678123457341961,0.3431171141191174,0.39179518758360754,0.07841888668522458
informed_jump,full-latency,40,8.723125000000062,6.853384375000005,10.562778124999872,6.1122322381182785,3.5116033750000613,1.688606704687661,5.288367217812459,5.894001819968354,-1.6999182499999392,-3.4953978849998424,0.028697380625180135,5.733120483095242,0.14407302685907614,0.11187068101155459,0.1762309282480784,0.10491329975152468,7.266733295259852,6.877807324386065,7.650256639063393,1.260346505201887,306.2,295.074375,317.5,36.59634281854278,1.4908692376644224,1.4082253209204298,1.567703658711092,0.2567597270778544,2.9672009519575733,2.9309061830162806,3.001292596225878,0.1139956253824744,0.2734978649563324,0.2674083901495255,0.280168743840547,0.020912657605646673,746.6,728.024375,765.026875,60.78115429924573,0.37390928237145105,0.36783708250641073,0.3801734302240758,0.020256562856248696,4.8148750000000105,4.00778749999996,5.675878124999858,2.7314161086025512,0.39215668922390756,0.361354427490358,0.42414802680863334,0.10531533565572762
informed_jump,AS_gamma0.01,40,2.1317500000002245,0.660615625000081,3.549415625000009,4.7359627334702985,-8.584013199999776,-10.210179018437401,-6.976220281562051,5.260550408708963,-19.29977639999978,-21.10060910249968,-17.487000713749623,5.939808632363088,0.07443326144835058,0.04385984567859342,0.10790545653184493,0.10434634642840358,2.9164477441462022,2.840446887492861,2.9910786693318103,0.24388111357994144,617.125,599.074375,635.025625,60.346940312895775,1.5379015873268087,1.4504107807249214,1.6313900922078428,0.2998864297088534,1.7890607425164498,1.7742079538371933,1.8051646350680142,0.049846238103961736,0.22460776243068287,0.22141509500098383,0.22766574932643285,0.010342606240579548,2011.175,1981.621875,2040.45125,98.47500984565863,0.15658693553374015,0.15212762998776502,0.161109573055823,0.015030177397899401,4.532749999999927,3.4939812499998117,5.674184374999916,3.5980812105114506,0.2845975599602018,0.24952906330145416,0.3249585813646028,0.12445320025826888
