gamma,inventory_limit,n,pnl_net_mean,pnl_net_median,pnl_net_std,pnl_net_ci_lo,pnl_net_ci_hi,pnl_edge_mean,pnl_edge_median,pnl_edge_std,pnl_edge_ci_lo,pnl_edge_ci_hi,pnl_inventory_mean,pnl_inventory_median,pnl_inventory_std,pnl_inventory_ci_lo,pnl_inventory_ci_hi,sharpe_1s_mean,sharpe_1s_median,sharpe_1s_std,sharpe_1s_ci_lo,sharpe_1s_ci_hi,max_drawdown_mean,max_drawdown_median,max_drawdown_std,max_drawdown_ci_lo,max_drawdown_ci_hi,fill_rate_orders_mean,fill_rate_orders_median,fill_rate_orders_std,fill_rate_orders_ci_lo,fill_rate_orders_ci_hi,adverse_cost_500ms_mean,adverse_cost_500ms_median,adverse_cost_500ms_std,adverse_cost_500ms_ci_lo,adverse_cost_500ms_ci_hi,n_fills_mean,n_fills_median,n_fills_std,n_fills_ci_lo,n_fills_ci_hi,inv_abs_mean_mean,inv_abs_mean_median,inv_abs_mean_std,inv_abs_mean_ci_lo,inv_abs_mean_ci_hi,inv_max_abs_mean,inv_max_abs_median,inv_max_abs_std,inv_max_abs_ci_lo,inv_max_abs_ci_hi,pnl_vol_1s_mean,pnl_vol_1s_median,pnl_vol_1s_std,pnl_vol_1s_ci_lo,pnl_vol_1s_ci_hi,quote_lifetime_mean_s_mean,quote_lifetime_mean_s_median,quote_lifetime_mean_s_std,quote_lifetime_mean_s_ci_lo,quote_lifetime_mean_s_ci_hi,killed_mean,killed_median,killed_std,killed_ci_lo,killed_ci_hi,diverged_mean,diverged_median,diverged_std,diverged_ci_lo,diverged_ci_hi
0.0,5,12,7.464166666666674,7.439999999999898,2.0428932617216486,6.408583333333429,8.626208333333349,19.250833333333333,18.9075,2.636251499705021,17.957885416666667,20.72846875,-11.78666666666666,-11.532499999999835,1.74164020568565,-12.787614583333353,-10.894020833333174,0.3776064872685067,0.3676364078450729,0.10377055994022821,0.32463163222965974,0.4335002971320084,0.8541666666666453,0.8524999999999636,0.2208231844437335,0.737052083333303,0.9825104166666235,0.2514046487343378,0.247786381168963,0.016769830204770717,0.24306891575434336,0.26053169488517086,1.176096271533675,1.1717023995263682,0.13960185248022058,1.1006372331407326,1.2556748291713127,282.1666666666667,273.5,35.55746522649405,264.9145833333333,302.8375,3.237836663770634,3.1959165942658556,0.21687207322674046,3.131020127425427,3.360445626991022,5.0,5.0,0.0,5.0,5.0,0.17277675950738813,0.17334158160939145,0.01810758956317718,0.16326657405132428,0.1824661290516789,0.1765813854359898,0.1767313868653162,0.009109999383676095,0.1714826170699329,0.1813100506772796,0.0,0.0,0.0,0.0,0.0,0.0,0.0,0.0,0.0,0.0
0.0,10,12,6.9041666666667,7.0850000000001785,2.513520560102994,5.536166666666634,8.253677083333448,21.685833333333335,21.0475,2.645698767754366,20.293104166666666,23.160749999999997,-14.781666666666633,-13.589999999999632,3.1795077758938834,-16.54422916666667,-13.169135416666538,0.24012682390519388,0.2305046113469125,0.0959405919794493,0.1898696183387455,0.2898334612016656,2.2120833333334056,1.8900000000002137,1.145640865378071,1.6597500000000436,2.859177083333451,0.24829919764697975,0.24402010314134748,0.019939617393133772,0.23727510005942673,0.2592766235392472,1.1401610289763056,1.0895033744893992,0.2110462766126757,1.0336169716800478,1.2521421185485955,316.6666666666667,311.5,39.31766508681292,295.40833333333336,339.5,6.019548218940052,6.0916594265855775,0.6492503512175123,5.654202867072112,6.355678033593976,10.0,10.0,0.0,10.0,10.0,0.257300283068644,0.2589566749645531,0.03515615958440952,0.23793800536670368,0.27589663014093,0.17575854311339792,0.17442859607402234,0.01060947360198473,0.16980841882773065,0.18189334365049217,0.0,0.0,0.0,0.0,0.0,0.0,0.0,0.0,0.0,0.0
0.0,20,12,5.962500000000009,6.309999999998922,4.536736161603525,3.5394166666665487,8.303406249999998,24.25375,23.185000000000002,3.1743181980903037,22.50558333333333,25.91345833333333,-18.29124999999999,-17.87499999999976,4.766972130761754,-20.85964583333366,-15.880447916665618,0.13108894732798035,0.14664316550675793,0.09731782492617795,0.07850285627874018,0.18152172504443087,4.007500000000088,3.2275000000000773,1.6177488567872302,3.1969895833333464,4.935895833333416,0.24585891267125348,0.2459296556286523,0.016333268732788772,0.2367354822884813,0.2546393725310331,1.1645137822970357,1.1435270034558913,0.20342545872857914,1.059902536604338,1.2723920444370602,341.5,331.0,41.72311328050894,319.5,363.42083333333335,10.884955111497248,10.823197219808861,0.7283922143863494,10.47841369823342,11.262747972777296,20.0,20.0,0.0,20.0,20.0,0.4126055044896662,0.40563539680767924,0.04733689192536946,0.38892530721636265,0.4372399001059105,0.17640993412714137,0.1781503798402967,0.00923678325439972,0.17136448642901614,0.18155035197403466,0.0,0.0,0.0,0.0,0.0,0.0,0.0,0.0,0.0,0.0
0.0,50,12,12.702083333332695,13.43500000000131,6.8351057245053894,8.756437499999345,16.223406250000014,25.471666666666664,25.3125,2.735846497997661,24.106239583333338,27.028666666666666,-12.769583333333971,-10.990000000000455,7.880162220970145,-17.44347916666779,-8.771864583333468,0.14991656171680648,0.1585671919825693,0.09630165149316075,0.09665038334722023,0.20247009584243925,7.954166666667125,6.897500000000946,4.359264342301353,5.870937500000774,10.371291666667188,0.24704900344052239,0.24638024547706627,0.014150950545524803,0.2393420065947238,0.2544396657759204,1.0904397723219146,1.084774178007949,0.13877691980230852,1.0125297215829818,1.1629977943975578,358.25,356.0,37.44844941564822,338.82916666666665,379.66875,24.76209093541848,24.475238922675935,4.7341622008871225,22.3589740805097,27.368871271358238,50.0,50.0,0.0,50.0,50.0,0.8100047597194736,0.8396955383358733,0.16935613418727358,0.7110483973170887,0.896322872276216,0.17619090194408868,0.17645112833087478,0.008465959061795841,0.17124302926514667,0.18071029771950178,0.0,0.0,0.0,0.0,0.0,0.0,0.0,0.0,0.0,0.0
0.0,100,12,13.930000000001684,17.487500000000637,9.544020260209479,8.166885416667043,18.644135416668302,25.980833333333333,25.9125,3.0297035808604758,24.31917708333333,27.5758125,-12.050833333331648,-7.852499999998635,11.159936223615063,-18.667739583331343,-6.5011666666639725,0.14335486856351007,0.16890734835416144,0.10169661785315276,0.08506082634085581,0.19450512992166627,12.092916666665682,9.382500000000732,8.830096894949993,7.744552083333114,17.170354166664442,0.24274449886530938,0.2449982466235155,0.016460564907575442,0.2332487913250074,0.2506568949663731,1.068768002016692,1.0819055819554324,0.13851238207341732,0.9981921609410271,1.1440843742388092,361.9166666666667,355.0,42.18025891841162,340.0833333333333,384.5020833333333,32.69989863886476,32.69331016507385,13.103012828403823,26.18779865334492,39.63343650448884,81.41666666666667,80.0,18.961484087166774,71.16458333333334,91.33333333333333,1.064019219033725,1.079576916331991,0.40292126391529004,0.8519787074100476,1.2829278081734954,0.17741614978183032,0.1784371909309359,0.009616940442345083,0.1720112752189444,0.18281661721057643,0.0,0.0,0.0,0.0,0.0,0.0,0.0,0.0,0.0,0.0
0.005,5,12,6.475833333333249,6.9275000000000375,2.6639588050778524,4.983677083333212,7.836583333333252,21.545,21.23,3.0805482097716426,19.930291666666662,23.153531250000004,-15.069166666666751,-15.692500000000177,2.5624463039459933,-16.384343750000124,-13.783291666666734,0.35679760058231863,0.3917230610030813,0.15725521382361432,0.26562372316626104,0.4334084161013966,1.0587499999999916,0.837499999999892,0.6148951314876954,0.7732604166666489,1.4059583333333054,0.24910532402519267,0.24242914538278415,0.01889448377908201,0.23940589744171123,0.2591066158266693,1.2868952354491092,1.277385185386244,0.17778778544324672,1.1903672659374482,1.3773552614340248,337.5,335.0,42.60495062996574,315.3208333333333,360.6666666666667,2.5796408919779905,2.6012163336229364,0.17952715063050514,2.487139805965827,2.6857822907616566,5.0,5.0,0.0,5.0,5.0,0.16589502126269023,0.15890758382208264,0.026775384818683294,0.15265270938044212,0.1806407215559631,0.16092452975875654,0.15710783189263394,0.011768908121110309,0.1544816239172352,0.16754162533311004,0.0,0.0,0.0,0.0,0.0,0.0,0.0,0.0,0.0,0.0
0.005,10,12,6.7012500000001625,7.012500000000102,2.849285496560594,5.219666666666648,8.18333333333367,24.4825,23.4225,3.5620349776241924,22.608385416666668,26.475906250000005,-17.781249999999837,-17.34500000000034,5.004790035101882,-20.694531249999823,-15.282354166666357,0.29771913474651707,0.33518888363186417,0.14560258689424235,0.2212055870883695,0.37399512264057677,1.972500000000058,1.4700000000000557,1.2295906562016221,1.371666666666758,2.7000416666668814,0.23548564194789912,0.2324053266749896,0.017195174397584535,0.2267056111815637,0.2443337451496325,1.2904186306135947,1.2022525410658607,0.2316491488114696,1.1749003619928668,1.4227432594922076,365.4166666666667,349.5,55.54434482847234,336.74375,395.16875,3.4527222704894296,3.4578627280625542,0.2969100896276064,3.2937880104257165,3.6126411815812336,10.0,10.0,0.0,10.0,10.0,0.21399186025322772,0.1979115981249242,0.05417788932749345,0.18952350175846788,0.2458309378362709,0.1614308384451729,0.16524036673421022,0.010875597852594194,0.1553474922154678,0.1671214577652416,0.0,0.0,0.0,0.0,0.0,0.0,0.0,0.0,0.0,0.0
0.005,20,12,5.418750000000009,5.49000000000018,1.6520883822387964,4.6228854166661755,6.292104166666833,26.054999999999996,25.212500000000002,2.793142576838041,24.683052083333333,27.603062500000004,-20.636249999999993,-20.129999999999306,4.138498918141339,-22.801625000000186,-18.582177083333082,0.20693992118560975,0.1947167730030039,0.10633056688978278,0.15900422234213785,0.2675698714086776,2.340000000000033,2.2375000000004377,0.8020485136085689,1.9585104166667198,2.790020833333321,0.24235670597774464,0.23838160426127813,0.014847976650335697,0.2347929917688217,0.2504926407822668,1.383759140929052,1.3881965421577545,0.20573034868018072,1.2765662621882188,1.4777025153373338,390.0,374.5,49.324528288764114,365.4916666666667,417.67291666666665,3.8570807993049523,3.870112945264987,0.4465509141590824,3.637266507384883,4.101663408630176,19.416666666666668,20.0,1.1645001528813153,18.75,20.0,0.24632839414032204,0.2512816430073245,0.04379240422435304,0.2236965962500348,0.26842373156889676,0.15781231772226315,0.16145676952824023,0.009570156631743074,0.15232865852761787,0.16269788881405217,0.0,0.0,0.0,0.0,0.0,0.0,0.0,0.0,0.0,0.0
0.005,50,12,5.492083333333387,5.7999999999998835,2.6148061446778708,4.1463125000000876,6.940489583333477,25.122083333333336,24.655,2.4751882006804813,23.9338125,26.517354166666667,-19.62999999999995,-18.809999999999874,4.295069054371733,-21.886927083333397,-17.419499999999697,0.21565815336054492,0.22970413872856538,0.10644146262300161,0.15826678638744074,0.27027600641229715,2.3766666666665848,1.9449999999998795,1.3603046673002055,1.7166249999998766,3.165447916666627,0.2371174037342003,0.2337765352215355,0.01399011131915732,0.2306017645210339,0.24528479098982725,1.3514155103575816,1.36124879051094,0.2564451766624714,1.2195703097360715,1.4983829378010165,377.0,373.5,37.68047480882084,357.57916666666665,398.4270833333333,3.87141615986099,3.908774978279757,0.45538892225987004,3.6302436287286417,4.116512814943528,22.0,22.0,3.2192602199319587,20.166666666666668,23.666666666666668,0.24032332480318822,0.23415309661342604,0.051505551311961766,0.2163909833472268,0.2698031488460489,0.16003037698845288,0.1599540553333748,0.006908248661889131,0.15632401297048096,0.16347354138179723,0.0,0.0,0.0,0.0,0.0,0.0,0.0,0.0,0.0,0.0
0.005,100,12,5.492083333333387,5.7999999999998835,2.6148061446778708,4.1463125000000876,6.940489583333477,25.122083333333336,24.655,2.4751882006804813,23.9338125,26.517354166666667,-19.62999999999995,-18.809999999999874,4.295069054371733,-21.886927083333397,-17.419499999999697,0.21565815336054492,0.22970413872856538,0.10644146262300161,0.15826678638744074,0.27027600641229715,2.3766666666665848,1.9449999999998795,1.3603046673002055,1.7166249999998766,3.165447916666627,0.2371174037342003,0.2337765352215355,0.01399011131915732,0.2306017645210339,0.24528479098982725,1.3514155103575816,1.36124879051094,0.2564451766624714,1.2195703097360715,1.4983829378010165,377.0,373.5,37.68047480882084,357.57916666666665,398.4270833333333,3.87141615986099,3.908774978279757,0.45538892225987004,3.6302436287286417,4.116512814943528,22.0,22.0,3.2192602199319587,20.166666666666668,23.666666666666668,0.24032332480318822,0.23415309661342604,0.051505551311961766,0.2163909833472268,0.2698031488460489,0.16003037698845288,0.1599540553333748,0.006908248661889131,0.15632401297048096,0.16347354138179723,0.0,0.0,0.0,0.0,0.0,0.0,0.0,0.0,0.0,0.0
0.02,5,12,0.607916666666636,1.5949999999999989,3.274376733429507,-1.4120520833333783,2.196093749999988,21.140833333333337,20.1525,2.7453413708361007,19.789479166666666,22.73378125,-20.532916666666697,-19.410000000000334,5.047142962442546,-23.612145833333347,-18.1293541666667,0.06911845580184921,0.09525088564641977,0.1684603753037392,-0.029366937647399994,0.1543819696652101,2.654583333333394,1.4025000000001313,2.4265336840227394,1.5645312500000332,4.124333333333425,0.2435570630390275,0.24023006815619113,0.011091864027969724,0.2382016640949959,0.24966604764161487,1.4615972778508126,1.4272505740687127,0.19694289227512637,1.3656798547338371,1.580958336663375,397.5,374.5,55.06937773060781,370.82916666666665,430.09375,1.5360556038227628,1.5460469157254562,0.1972530344688999,1.4337496379959456,1.6614610483637413,5.0,5.0,0.0,5.0,5.0,0.16011414746139077,0.14542846060049855,0.04612570393154686,0.13756377574849185,0.18555564692628973,0.1474484816156645,0.1485157203399725,0.012092045480611898,0.1404800196669867,0.1538203368081404,0.0,0.0,0.0,0.0,0.0,0.0,0.0,0.0,0.0,0.0
0.02,10,12,-0.9887500000000671,-1.1975000000001614,4.222162912428876,-3.3439166666666984,1.2629166666665732,22.598333333333333,22.330000000000002,2.8776666157696495,21.096031250000003,24.148781250000003,-23.587083333333396,-20.570000000000164,6.159618663791722,-27.257531250000103,-20.461750000000155,0.0013937405129375603,-0.055536526929982954,0.18184478494594278,-0.09229772440843755,0.10646952941107869,3.7475000000000662,2.6225000000000875,3.190813162246235,2.130822916666699,5.7117916666665876,0.22948795379765022,0.22813270867567137,0.0105937301584983,0.22421840318661368,0.2355623368334858,1.5904523650287556,1.553989703989704,0.27921619982665463,1.4467163526795843,1.7543757390230732,410.1666666666667,400.5,50.88459908697743,384.4125,437.5854166666667,1.617651317694758,1.65377932232841,0.2004538374798203,1.5136819432377642,1.7436594989863885,9.916666666666666,10.0,0.28867513459481287,9.75,10.0,0.20229097651301617,0.18366298719173618,0.06873544878439945,0.16823501783100756,0.24217328331713006,0.14161586646703253,0.14253947521872606,0.010685242308227774,0.13582595627406488,0.1472019862974079,0.0,0.0,0.0,0.0,0.0,0.0,0.0,0.0,0.0,0.0
0.02,20,12,-3.8475000000001125,-1.814999999999813,5.906082958195777,-7.079010416666883,-0.8338645833335621,23.78708333333333,23.3475,2.8356115729105493,22.288281250000004,25.3275625,-27.63458333333345,-24.267500000000283,7.5502391468245635,-31.592552083333455,-23.680281249999897,-0.06943557387161124,-0.07621239548090743,0.12278682923035818,-0.13367167376655908,-7.745629231794279e-05,6.113750000000107,4.122500000000144,5.688323017375206,3.2321145833333547,9.269218750000208,0.23041374330407371,0.2311079407359667,0.00969239187613272,0.22533008701291213,0.2353747911628218,1.8332005770764281,1.6926428215400442,0.3791563761993695,1.6299915721702158,2.051911920417946,421.4166666666667,422.0,42.726313657837125,398.33124999999995,443.4270833333333,1.6592817839559801,1.6542137271937447,0.20534236431119618,1.5491529105125976,1.7731700695047785,13.583333333333334,14.0,2.0207259421636903,12.416666666666666,14.666666666666666,0.32469780267464915,0.2008412673027535,0.31104146684929274,0.19332178775251277,0.5109692253616527,0.1388505771225421,0.13810097688403533,0.009508792919100473,0.13399367132295678,0.1440218805052729,0.0,0.0,0.0,0.0,0.0,0.0,0.0,0.0,0.0,0.0
0.02,50,12,-3.8475000000001125,-1.814999999999813,5.906082958195777,-7.079010416666883,-0.8338645833335621,23.78708333333333,23.3475,2.8356115729105493,22.288281250000004,25.3275625,-27.63458333333345,-24.267500000000283,7.5502391468245635,-31.592552083333455,-23.680281249999897,-0.06943557387161124,-0.07621239548090743,0.12278682923035818,-0.13367167376655908,-7.745629231794279e-05,6.113750000000107,4.122500000000144,5.688323017375206,3.2321145833333547,9.269218750000208,0.23041374330407371,0.2311079407359667,0.00969239187613272,0.22533008701291213,0.2353747911628218,1.8332005770764281,1.6926428215400442,0.3791563761993695,1.6299915721702158,2.051911920417946,421.4166666666667,422.0,42.726313657837125,398.33124999999995,443.4270833333333,1.6592817839559801,1.6542137271937447,0.20534236431119618,1.5491529105125976,1.7731700695047785,13.583333333333334,14.0,2.0207259421636903,12.416666666666666,14.666666666666666,0.32469780267464915,0.2008412673027535,0.31104146684929274,0.19332178775251277,0.5109692253616527,0.1388505771225421,0.13810097688403533,0.009508792919100473,0.13399367132295678,0.1440218805052729,0.0,0.0,0.0,0.0,0.0,0.0,0.0,0.0,0.0,0.0
0.02,100,12,-3.8475000000001125,-1.814999999999813,5.906082958195777,-7.079010416666883,-0.8338645833335621,23.78708333333333,23.3475,2.8356115729105493,22.288281250000004,25.3275625,-27.63458333333345,-24.267500000000283,7.5502391468245635,-31.592552083333455,-23.680281249999897,-0.06943557387161124,-0.07621239548090743,0.12278682923035818,-0.13367167376655908,-7.745629231794279e-05,6.113750000000107,4.122500000000144,5.688323017375206,3.2321145833333547,9.269218750000208,0.23041374330407371,0.2311079407359667,0.00969239187613272,0.22533008701291213,0.2353747911628218,1.8332005770764281,1.6926428215400442,0.3791563761993695,1.6299915721702158,2.051911920417946,421.4166666666667,422.0,42.726313657837125,398.33124999999995,443.4270833333333,1.6592817839559801,1.6542137271937447,0.20534236431119618,1.5491529105125976,1.7731700695047785,13.583333333333334,14.0,2.0207259421636903,12.416666666666666,14.666666666666666,0.32469780267464915,0.2008412673027535,0.31104146684929274,0.19332178775251277,0.5109692253616527,0.1388505771225421,0.13810097688403533,0.009508792919100473,0.13399367132295678,0.1440218805052729,0.0,0.0,0.0,0.0,0.0,0.0,0.0,0.0,0.0,0.0
0.05,5,12,-4.525833333333334,-3.9150000000000915,2.1151110365579604,-5.641072916666544,-3.4078750000000264,18.640416666666667,18.54,1.9231383658599361,17.631572916666663,19.597729166666667,-23.16625,-23.590000000000312,3.490580262389175,-24.91439583333339,-21.404250000000136,-0.1997837505093075,-0.21119696453884393,0.042558606174787676,-0.221322669144502,-0.1761007339919043,5.161249999999939,4.312499999999972,2.329335766615948,3.9836666666666734,6.407281250000065,0.21757855319344468,0.21616467361128378,0.01137895977672704,0.21163446710714273,0.22412679073847777,1.6983356140894372,1.696017739987266,0.19852012598313545,1.593085068430447,1.8017288202588495,383.5,383.0,27.566448645211644,370.66041666666666,398.0083333333333,1.0244714740805099,0.9995655951346655,0.14093905804752724,0.9490949898638866,1.1114465682015637,5.0,5.0,0.0,5.0,5.0,0.1890940837542032,0.16419068403647702,0.06188213700866841,0.1577537665739025,0.22273571019865154,0.141338485562111,0.13961970490576336,0.007076916496006575,0.13771931790037298,0.14497726055392707,0.0,0.0,0.0,0.0,0.0,0.0,0.0,0.0,0.0,0.0
0.05,10,12,-6.98500000000007,-7.912499999999994,4.33792158024589,-9.361468749999823,-4.804979166666807,20.562916666666666,19.6575,3.473711964254673,18.61113541666667,22.497114583333335,-27.54791666666674,-29.295000000000304,6.5797735724834645,-31.02434375000003,-24.02373958333347,-0.20822018798784803,-0.22820581645687973,0.08553064523204144,-0.25452641581968005,-0.1626221343764062,7.720000000000019,8.89249999999982,4.161877308051305,5.652062499999975,9.909760416666721,0.21269112257662592,0.2123622811720906,0.012304719391317703,0.2057311608699578,0.2191562898518213,1.9564620887341821,1.987500034011662,0.488349980094855,1.7096574733308139,2.226900490347724,402.75,404.5,35.88143353779601,382.4125,423.0875,1.0843469446857805,1.0673327541268463,0.1080742024043877,1.02664168838691,1.1438694613379672,9.25,9.5,0.9653072991634227,8.75,9.75,0.2697766657404886,0.2431486698687251,0.11050835292933298,0.21876310584192807,0.33557290626157027,0.13556809757725427,0.13646834504188904,0.007018407625061766,0.1316436871207085,0.13951681536393332,0.0,0.0,0.0,0.0,0.0,0.0,0.0,0.0,0.0,0.0
0.05,20,12,-8.304583333333268,-7.2949999999999875,6.321838217399162,-11.587760416666615,-5.219156249999792,21.851666666666663,20.2075,3.633012357242786,20.03901041666667,24.074,-30.15624999999994,-29.077499999999844,8.976216333126668,-35.169229166666575,-25.83954166666676,-0.18545872060292243,-0.19486276076425024,0.08038071680531376,-0.22511976819789686,-0.1437579728278712,9.192083333333217,8.322499999999728,6.086198790681675,6.253062499999904,12.399979166666508,0.21028273236973036,0.20907304503154472,0.014405434181514366,0.20289587412009416,0.2183123014444744,2.1603795157960035,2.1564971017599124,0.7319000029908361,1.810930069100102,2.577672334223694,399.8333333333333,392.5,35.1718723706971,382.1625,420.5875,1.071821604401969,1.056472632493484,0.12888092729402986,1.0085378656240949,1.1407019258615698,10.583333333333334,10.0,2.391588796113782,9.497916666666667,12.083333333333334,0.339776978229366,0.29080674736713885,0.16005657758773398,0.2564913716925757,0.422207025289242,0.13526107065670553,0.13599149885851994,0.004779922939528735,0.13236808850059303,0.13772738735825357,0.0,0.0,0.0,0.0,0.0,0.0,0.0,0.0,0.0,0.0
0.05,50,12,-8.304583333333268,-7.2949999999999875,6.321838217399162,-11.587760416666615,-5.219156249999792,21.851666666666663,20.2075,3.633012357242786,20.03901041666667,24.074,-30.15624999999994,-29.077499999999844,8.976216333126668,-35.169229166666575,-25.83954166666676,-0.18545872060292243,-0.19486276076425024,0.08038071680531376,-0.22511976819789686,-0.1437579728278712,9.192083333333217,8.322499999999728,6.086198790681675,6.253062499999904,12.399979166666508,0.21028273236973036,0.20907304503154472,0.014405434181514366,0.20289587412009416,0.2183123014444744,2.1603795157960035,2.1564971017599124,0.7319000029908361,1.810930069100102,2.577672334223694,399.8333333333333,392.5,35.1718723706971,382.1625,420.5875,1.071821604401969,1.056472632493484,0.12888092729402986,1.0085378656240949,1.1407019258615698,10.583333333333334,10.0,2.391588796113782,9.497916666666667,12.083333333333334,0.339776978229366,0.29080674736713885,0.16005657758773398,0.2564913716925757,0.422207025289242,0.13526107065670553,0.13599149885851994,0.004779922939528735,0.13236808850059303,0.13772738735825357,0.0,0.0,0.0,0.0,0.0,0.0,0.0,0.0,0.0,0.0
0.05,100,12,-8.304583333333268,-7.2949999999999875,6.321838217399162,-11.587760416666615,-5.219156249999792,21.851666666666663,20.2075,3.633012357242786,20.03901041666667,24.074,-30.15624999999994,-29.077499999999844,8.976216333126668,-35.169229166666575,-25.83954166666676,-0.18545872060292243,-0.19486276076425024,0.08038071680531376,-0.22511976819789686,-0.1437579728278712,9.192083333333217,8.322499999999728,6.086198790681675,6.253062499999904,12.399979166666508,0.21028273236973036,0.20907304503154472,0.014405434181514366,0.20289587412009416,0.2183123014444744,2.1603795157960035,2.1564971017599124,0.7319000029908361,1.810930069100102,2.577672334223694,399.8333333333333,392.5,35.1718723706971,382.1625,420.5875,1.071821604401969,1.056472632493484,0.12888092729402986,1.0085378656240949,1.1407019258615698,10.583333333333334,10.0,2.391588796113782,9.497916666666667,12.083333333333334,0.339776978229366,0.29080674736713885,0.16005657758773398,0.2564913716925757,0.422207025289242,0.13526107065670553,0.13599149885851994,0.004779922939528735,0.13236808850059303,0.13772738735825357,0.0,0.0,0.0,0.0,0.0,0.0,0.0,0.0,0.0,0.0
