half_spread_ticks,quote_size,n,pnl_net_mean,pnl_net_median,pnl_net_std,pnl_net_ci_lo,pnl_net_ci_hi,pnl_edge_mean,pnl_edge_median,pnl_edge_std,pnl_edge_ci_lo,pnl_edge_ci_hi,pnl_inventory_mean,pnl_inventory_median,pnl_inventory_std,pnl_inventory_ci_lo,pnl_inventory_ci_hi,sharpe_1s_mean,sharpe_1s_median,sharpe_1s_std,sharpe_1s_ci_lo,sharpe_1s_ci_hi,max_drawdown_mean,max_drawdown_median,max_drawdown_std,max_drawdown_ci_lo,max_drawdown_ci_hi,fill_rate_orders_mean,fill_rate_orders_median,fill_rate_orders_std,fill_rate_orders_ci_lo,fill_rate_orders_ci_hi,adverse_cost_500ms_mean,adverse_cost_500ms_median,adverse_cost_500ms_std,adverse_cost_500ms_ci_lo,adverse_cost_500ms_ci_hi,n_fills_mean,n_fills_median,n_fills_std,n_fills_ci_lo,n_fills_ci_hi,inv_abs_mean_mean,inv_abs_mean_median,inv_abs_mean_std,inv_abs_mean_ci_lo,inv_abs_mean_ci_hi,inv_max_abs_mean,inv_max_abs_median,inv_max_abs_std,inv_max_abs_ci_lo,inv_max_abs_ci_hi,pnl_vol_1s_mean,pnl_vol_1s_median,pnl_vol_1s_std,pnl_vol_1s_ci_lo,pnl_vol_1s_ci_hi,quote_lifetime_mean_s_mean,quote_lifetime_mean_s_median,quote_lifetime_mean_s_std,quote_lifetime_mean_s_ci_lo,quote_lifetime_mean_s_ci_hi,killed_mean,killed_median,killed_std,killed_ci_lo,killed_ci_hi,diverged_mean,diverged_median,diverged_std,diverged_ci_lo,diverged_ci_hi
0.5,1,12,-6.472083333330612,-3.654999999997699,7.46236937096975,-10.354510416660691,-2.5286562499952354,9.15875,9.195,0.5683313894039446,8.84621875,9.461833333333333,-15.630833333330612,-12.9699999999977,7.516530520167285,-19.534302083333408,-11.592614583331358,-0.060713570815151885,-0.036378147397256616,0.07750227233255359,-0.10164903755058279,-0.018254080703021,12.209999999999434,10.914999999992574,7.024608368250856,8.502010416665488,15.955416666666885,0.6119866878763823,0.6121630549682875,0.006104273715747311,0.6087649421599005,0.6154476283433548,0.7020575671571612,0.6996213867088394,0.03937339192008407,0.6806609916341173,0.724851412222474,1403.1666666666667,1398.0,74.61151913665066,1362.33125,1444.4208333333333,21.48798146539242,23.11424847958297,6.709503461166815,17.79680712423979,25.019790761656534,45.0,50.0,6.564366617649345,41.333333333333336,48.333333333333336,0.7777516843084341,0.8037003625041299,0.3489717289132874,0.6157111990458707,0.9850536777045927,0.09858702838468376,0.09856276745997625,0.005749733355090471,0.09540557153713071,0.10184997491162515,0.0,0.0,0.0,0.0,0.0,0.0,0.0,0.0,0.0,0.0
0.5,2,12,-12.945416666664736,-8.935000000001764,9.467675259036522,-17.785364583331333,-7.956218750000367,15.636249999999999,15.5775,0.9322068756938607,15.136562499999998,16.13459375,-28.581666666664734,-24.992499999997854,9.52999149415918,-33.57129166666205,-23.668375000000374,-0.11444903035685772,-0.1019102689372432,0.06829040608341148,-0.14938851829003572,-0.07894549885167909,16.962499999996968,12.735000000004504,8.610302892992383,12.617822916662613,21.436427083329125,0.639978735333281,0.6393940027612411,0.0081118904552132,0.6355956291354615,0.6445350426163131,0.6431047471577164,0.6724884470299062,0.07151938495161649,0.6048028772099479,0.6789751305287064,1371.9166666666667,1372.5,71.67788848012822,1332.4916666666666,1409.9208333333333,26.868592528236316,26.068201563857514,4.023079877947644,24.899525774688673,29.023135679119605,50.0,50.0,0.0,50.0,50.0,0.9012306349965166,0.8023431144298874,0.19149077107788795,0.800037690241262,0.9982438347142655,0.11630563695115193,0.11677166881134596,0.007422805129609993,0.11245731948205105,0.12032085159942067,0.0,0.0,0.0,0.0,0.0,0.0,0.0,0.0,0.0,0.0
0.5,5,12,-19.784999999996973,-18.63999999999953,7.6636411355510665,-23.85764583332768,-15.697312499997139,27.174583333333334,27.505,1.7732590160150852,26.17405208333333,28.09771875,-46.95958333333031,-45.27249999999953,8.504004794086269,-51.606843749994354,-42.574916666662716,-0.17838518733623396,-0.18253713890951195,0.06572471434365217,-0.21209817412888524,-0.1454489687508963,22.86083333333096,21.30499999999529,7.70398681714623,18.80185416666838,27.07056249999589,0.7036172443481158,0.701370803086546,0.010692202098036643,0.6976820469253814,0.7095795227260429,0.5345326546015378,0.529953303998659,0.04481798101846195,0.5110521536282026,0.5570843204132354,1404.1666666666667,1404.5,63.95287090482879,1369.6666666666667,1438.91875,29.201057051838983,29.936576889661165,1.8996657361729625,28.186468288444832,30.1483184911671,50.0,50.0,0.0,50.0,50.0,0.9804976100266223,0.9902948023128992,0.21597887616855477,0.8793315479969799,1.093478694386805,0.16570541827219323,0.1648235978872108,0.010924427925580061,0.15996700483825455,0.17171788835065668,0.0,0.0,0.0,0.0,0.0,0.0,0.0,0.0,0.0,0.0
0.5,10,12,-23.653749999998766,-22.59999999999502,8.166683182578154,-27.790031249999565,-19.221999999996935,35.53916666666667,36.18,2.2077279902170646,34.25522916666666,36.71638541666666,-59.19291666666544,-59.15999999999762,9.243693048468044,-63.89723958333545,-54.07149999999472,-0.21509733952991772,-0.22402687810485147,0.059127626304481117,-0.24593690540728258,-0.18244255721017757,26.09291666666654,24.072499999995443,8.201672074076166,21.721635416664643,30.26410416666695,0.7531775261013651,0.7537095088819227,0.013138044755119168,0.7460914669820026,0.760532957008569,0.41649824327927853,0.4258177994447869,0.052704627268194935,0.3857408886589602,0.44287365000577533,1467.9166666666667,1470.5,66.49601263962899,1433.3666666666668,1504.59375,29.66782507964089,29.554300608166812,2.195760121951668,28.447719374456995,30.83974080509702,50.0,50.0,0.0,50.0,50.0,0.9406000206977044,0.9361390603573478,0.17642580191957044,0.8398502396504196,1.0313962052712016,0.2323238328591062,0.22786046182541306,0.014448980543753489,0.22515184420513593,0.24097586985877087,0.0,0.0,0.0,0.0,0.0,0.0,0.0,0.0,0.0,0.0
1.0,1,12,-1.0220833333338308,1.800000000001603,6.1424715407399315,-4.13469791666732,2.1074270833334245,10.030833333333332,10.035,0.7360392570228761,9.641979166666667,10.434604166666668,-11.052916666667164,-7.992499999998397,6.360322482653439,-14.323322916669948,-7.704104166668135,0.019694961843431644,0.03638893979477019,0.09689186714261448,-0.029182914784467356,0.07182395795622762,8.094583333334308,4.235000000000014,6.773588903145707,4.654281250000516,11.981770833335844,0.44603925188436633,0.4460077904282426,0.012223087926917404,0.4395995698245387,0.452561486606076,0.9316657347771217,0.9049930869783811,0.11795420191874137,0.8716701130208564,1.0048640667680664,841.0833333333334,842.0,56.813024008317825,810.6416666666667,872.6687499999999,15.66724587315378,16.642484795829713,5.609892400641336,12.573101288734435,18.544374456993914,36.666666666666664,34.0,10.51694159944138,31.0,42.00208333333333,0.5732195173557463,0.4968698542744194,0.24236282690520805,0.4423583233875589,0.6939434075914086,0.12075368697039801,0.12142849268684713,0.006005253138527566,0.11745844525086495,0.12406220062435483,0.0,0.0,0.0,0.0,0.0,0.0,0.0,0.0,0.0,0.0
1.0,2,12,-2.2908333333342674,-0.11500000000739874,8.727416787794834,-6.9449687500013715,2.6826041666674354,17.020416666666666,16.7225,1.5470344920837964,16.150364583333335,17.84941666666667,-19.311250000000936,-17.747500000008454,9.452753597137491,-24.372510416668057,-13.949687500000119,-0.0037762155019919886,-0.0010442156076236036,0.09935114430344714,-0.053938632748792244,0.05524919550281554,12.774999999999617,12.915000000001896,6.816431351053809,9.261416666665763,16.582552083332892,0.44438416139368303,0.44314597011169254,0.014619428900348412,0.4370591634088504,0.4527764207623976,0.8874932538405607,0.8637230330728782,0.15558140478348031,0.8055121750003827,0.9685229801266659,802.8333333333334,796.0,68.56030302963335,764.4958333333333,840.0229166666667,24.9323776426296,25.55516941789748,5.333417587031431,21.86407109759629,27.571830654503334,49.083333333333336,50.0,2.8749176536296677,47.333333333333336,50.0,0.8649851500619001,0.8934395961147312,0.1939706594437971,0.7517833531692039,0.9640066842762014,0.13507499923164137,0.13483416470249826,0.01003227538610428,0.1300232300093386,0.14098286536381244,0.0,0.0,0.0,0.0,0.0,0.0,0.0,0.0,0.0,0.0
1.0,5,12,-5.155416666665133,-5.20499999999538,9.636038996281796,-10.690739583331455,-0.291687499998072,30.10083333333333,30.049999999999997,2.865825942609449,28.516718750000003,31.66377083333333,-35.25624999999847,-35.49999999999528,10.236522430848567,-41.149812500002206,-29.996239583332496,-0.03713285979911993,-0.04267922930054396,0.08120184689876603,-0.08174496881142711,0.005460107639313074,14.716249999999308,13.212500000000318,6.855720943786246,11.398052083332743,18.844989583331067,0.4436548674502168,0.4374677049518134,0.0170659317738271,0.4349099159708143,0.45371872658427415,0.7836256976384721,0.7684959089256804,0.09371802215579163,0.7325396923381401,0.8318977168980176,786.9166666666666,797.0,62.75994428025415,752.3312500000001,821.5854166666667,27.015855777584708,27.466985230234577,4.19473365356767,24.886135244714744,29.2154195626991,50.0,50.0,0.0,50.0,50.0,0.9732226666717626,0.9061844480542495,0.24683735256711156,0.8512972100303533,1.1252415007473264,0.16773884052589713,0.16697847829576318,0.01084594070004365,0.16215394897652452,0.17387488989953587,0.0,0.0,0.0,0.0,0.0,0.0,0.0,0.0,0.0,0.0
1.0,10,12,-6.706249999999964,-4.9275000000002365,8.595373524327847,-11.437520833332135,-2.3596562500015708,38.95041666666667,38.795,3.383005292725103,37.12197916666667,40.744989583333336,-45.65666666666663,-42.59999999999956,8.028385248414677,-50.00996875000005,-41.58385416666486,-0.06181327124607289,-0.05157918220851125,0.07859804848861085,-0.10332041848901072,-0.020460605796908286,15.08208333333358,13.6700000000003,5.979383693663795,12.112031250000003,18.448031249999985,0.42745394572978174,0.4277923770456779,0.021987249795041564,0.41700578414789197,0.43979189911535643,0.7558050287857926,0.7134130143975894,0.1208370452423995,0.6953364530946002,0.8211121367651251,772.0,768.5,65.89799279602873,737.6624999999999,807.3354166666667,28.139950767448592,27.918331885317116,2.9454385680876567,26.612492759918908,29.79652295105705,50.0,50.0,0.0,50.0,50.0,0.9137805473368364,0.9189204392028396,0.11626677265469068,0.8444627978153881,0.9757327046808593,0.20544672719922377,0.20450673747208625,0.008461156643144197,0.20098162593998567,0.2102048045047275,0.0,0.0,0.0,0.0,0.0,0.0,0.0,0.0,0.0,0.0
1.5,1,12,1.869583333333324,2.295000000002574,3.1108457329547066,0.2279062500007109,3.405697916667579,9.820416666666667,9.98,1.0070985740625331,9.225624999999999,10.354916666666668,-7.9508333333333425,-8.077499999996617,3.4904602674702585,-9.829322916666456,-6.130854166665311,0.03807996824459772,0.030462867217015917,0.061861247702369,0.007375068123431693,0.07343493222843117,6.191249999999317,4.5824999999993,4.315072487012044,4.174583333333247,8.829697916666081,0.36886559637041233,0.3703906568134634,0.016412310049943733,0.3595260075101046,0.3770978624802566,1.0552038978889329,1.0094820419022281,0.13019527747575055,0.9905807153978362,1.1260010299812768,619.6666666666666,629.0,64.2117708457843,581.4124999999999,653.8333333333334,15.01252534028381,14.132927888792356,5.683450448232456,12.321736533449174,18.356177599189106,35.75,35.5,9.526279441628825,30.829166666666666,41.0,0.5550443880970931,0.5276692749933847,0.21910490650860587,0.450372342731852,0.6862015604373828,0.1361121685635807,0.13402640284984302,0.009615560265139309,0.13111989152346684,0.14177425179712091,0.0,0.0,0.0,0.0,0.0,0.0,0.0,0.0,0.0,0.0
1.5,2,12,2.4933333333320746,3.2199999999945703,6.596518480274531,-1.2363958333339744,6.295958333332276,17.22375,17.2975,1.6818633132765144,16.330281250000002,18.10814583333333,-14.730416666667923,-14.212500000003129,7.6212270720228545,-18.97853125000093,-10.28445833333476,0.04754393530953813,0.03562691360198039,0.09046281031892027,0.0013822642765167834,0.10128119251349142,9.740833333333873,10.450000000001637,5.2793499226764204,6.8004375000001245,12.57068749999987,0.37110164843388455,0.36863286250970684,0.01544914151840577,0.36271076780108336,0.37957880403449634,1.0340140286530055,1.0106679035250465,0.14847247931803276,0.9551107468873846,1.1179636285260874,605.0833333333334,606.5,54.503475007367996,575.9145833333333,635.8333333333334,21.69801621778164,21.722415291051263,5.668603515078897,18.567495655951348,24.47171481320591,47.333333333333336,50.0,5.432784876575872,43.75,50.0,0.7473696098064858,0.7186696631740822,0.23828782068772494,0.6185684857777615,0.8777728556713418,0.148044810703205,0.14751823691934113,0.008632958696152266,0.1433970847694387,0.15279858991408055,0.0,0.0,0.0,0.0,0.0,0.0,0.0,0.0,0.0,0.0
1.5,5,12,1.859166666666539,3.874999999997158,8.732983930667821,-3.002833333332553,6.408145833331413,29.808750000000003,30.4325,3.0589979977110158,28.067958333333333,31.429812499999997,-27.949583333333468,-27.03249999999948,9.833769613458538,-33.237364583335015,-22.627145833334556,0.03180822458049768,0.03630109787001478,0.09183173880820346,-0.018220119979726314,0.0808801971827556,10.528333333333398,10.047499999999673,4.914887094482112,7.919625000000499,13.199604166666418,0.3628114210813059,0.3640377293931401,0.01837900258545376,0.35301186890685105,0.3728822294053918,0.9557133824280379,0.9111328946261879,0.13938291411279416,0.8858717342850482,1.0321302795904013,566.5833333333334,570.0,53.29925521112473,537.2479166666667,596.4270833333333,27.114827686070086,28.35099913119027,3.551933318363218,25.149589125398204,28.993748189979723,50.0,50.0,0.0,50.0,50.0,0.8856430244092279,0.873217663264596,0.17218318247294293,0.798330361786034,0.973205084744997,0.17371430564156146,0.17151936246585464,0.011437521939523887,0.16779448487496745,0.18043557235199886,0.0,0.0,0.0,0.0,0.0,0.0,0.0,0.0,0.0,0.0
1.5,10,12,1.3004166666678145,5.422499999999445,8.399189478843125,-3.1753333333319778,5.544677083334454,37.699999999999996,37.977500000000006,3.6951706812590355,35.712041666666664,39.73500000000001,-36.39958333333218,-34.67499999999667,8.285040587580978,-41.045177083332675,-32.14714583333439,0.012735952545661197,0.056934440108388336,0.0753097676107856,-0.026733185834636564,0.05064966629899288,11.51458333333297,10.695000000000846,3.1841892491228814,9.977614583333743,13.260520833331679,0.34505178378332824,0.3436177605291709,0.014486666230736434,0.33723093565422685,0.35252253276649725,0.8585069964424178,0.8569967283958733,0.1398599501867459,0.7837578511828784,0.9318349088413592,531.0,524.5,49.59838707054898,503.82291666666663,558.1666666666666,27.78866203301477,28.75238922675934,2.924191969341971,26.12781458152332,29.29679445409789,50.0,50.0,0.0,50.0,50.0,0.940175850359859,0.9456630683583384,0.11586577863441792,0.8769045477386828,0.9982282941138552,0.19618962367657314,0.1963425102956803,0.00846600619741193,0.19152449598367882,0.2006887018698138,0.0,0.0,0.0,0.0,0.0,0.0,0.0,0.0,0.0,0.0
2.0,1,12,3.113749999998962,2.719999999997981,4.037431747242018,0.9305312499985567,5.269333333332332,8.400833333333335,8.1425,0.657916246857294,8.075135416666667,8.773458333333336,-5.287083333334372,-5.727500000003447,4.110758312223697,-7.475583333334572,-3.102291666668,0.0801458841475818,0.0392601663925521,0.09280138659638777,0.030196584652010423,0.1328483185653067,5.512500000000268,4.445000000000164,5.6197409759143495,3.2070104166667197,8.923187500000724,0.2649074836991477,0.260837128442619,0.012678861348420502,0.25847586677759565,0.27193615449143876,1.2384348886894243,1.262757731958763,0.15573837129848617,1.1524901771744969,1.314184656363846,403.75,392.0,32.93278278278624,386.99375,422.67291666666665,12.225311323486823,11.195482189400522,6.738893511975844,9.27613850275123,16.24635280915146,28.583333333333332,31.0,11.040901917484602,22.74791666666667,34.5,0.4728254101435128,0.44308199698223055,0.23678525911857343,0.35658139472267375,0.6099811352724952,0.14965329315226722,0.14926388754550252,0.00657626347851308,0.1459783554800287,0.15335863516239912,0.0,0.0,0.0,0.0,0.0,0.0,0.0,0.0,0.0,0.0
2.0,2,12,3.893333333332388,7.137499999999591,8.556266532179878,-1.0315625000011241,8.021645833331906,14.996666666666668,15.0375,1.5762892750976514,14.087020833333334,15.83003125,-11.103333333334279,-9.322500000000103,8.846573639071684,-15.899677083334817,-6.508489583334107,0.08665644985141957,0.07396417949535156,0.14035592662643373,0.016637730540461894,0.16905392827764865,9.35833333333341,7.604999999998654,6.750439828543804,5.933437500000208,13.1063541666668,0.2592215144062599,0.25882276090186007,0.013597277551069773,0.25151168113323824,0.26673916416566495,1.175378957819091,1.171136310971012,0.12326250721058539,1.1090463625006615,1.240482180844696,398.5,402.0,38.03706326490232,376.32916666666665,418.5854166666667,19.525412684622065,18.495221546481318,6.414333861436798,15.954257167680279,22.971535621198953,42.916666666666664,47.0,9.209267400863439,37.25,47.418749999999996,0.7555556418975252,0.7244854359018035,0.28361048501157665,0.6068976995322001,0.9134123996027212,0.15392358004711884,0.15150411346319692,0.008601545032049844,0.14966337456653625,0.15901884086639018,0.0,0.0,0.0,0.0,0.0,0.0,0.0,0.0,0.0,0.0
2.0,5,12,8.06249999999981,8.037500000000023,7.34792595969038,4.389489583333828,11.999249999999115,25.637083333333337,25.785000000000004,2.9430190577436672,23.924427083333335,27.115416666666665,-17.574583333333525,-17.747500000000407,9.002658813911586,-22.283666666667234,-12.602666666667258,0.0939696530822675,0.07997415694058026,0.09040390650154494,0.04704765700452634,0.14217382505205106,9.58375000000035,9.36000000000081,4.910409224290468,7.16936458333349,12.33330208333329,0.2422361319791633,0.23917736320250577,0.017440008665012618,0.2325238332503134,0.25116966593396456,1.1865820604261932,1.11392226294989,0.24705713553397124,1.0724620703632957,1.3263353728346055,362.75,350.0,42.836104143372076,338.83124999999995,385.50416666666666,23.221039675644366,21.913119026933103,5.111155499737178,20.4155372140168,25.872675933970463,49.75,50.0,0.8660254037844386,49.25,50.0,0.866215598539124,0.8830247908597484,0.1790463493657465,0.7590395714143398,0.953458072976742,0.17368753996558986,0.17058944058443132,0.008367995225462395,0.16960301605601316,0.178657393323104,0.0,0.0,0.0,0.0,0.0,0.0,0.0,0.0,0.0,0.0
2.0,10,12,7.172500000000455,9.627499999996644,6.706542429870204,3.4038437499984657,10.465802083334028,33.87333333333334,33.445,3.202191247861188,32.062197916666676,35.74781250000001,-26.70083333333288,-26.02750000000384,6.6338580004180026,-30.46104166666676,-23.24383333333329,0.078361415601977,0.09291240808785894,0.06948464956630579,0.03971053993039171,0.11443617567963221,9.060833333333411,7.942500000000109,4.040262048957935,7.013562499999517,11.39852083333411,0.2280033615629771,0.22417452307104374,0.01382610973991861,0.220616753011678,0.235557424871853,1.0483200712581437,1.043891804406169,0.10476492723404272,0.9903711383004596,1.0986888968198836,341.0,335.5,34.53325143315431,321.9916666666667,360.6770833333333,25.63582392122792,25.973935708079928,2.384532696196839,24.38558137851144,26.871550101361137,50.0,50.0,0.0,50.0,50.0,0.9069551375558632,0.8866404044798991,0.19885583684969924,0.8030028905605102,1.0237275691513463,0.1865207333944974,0.18525694976652543,0.009867641092790244,0.18133377479178128,0.19232082174518028,0.0,0.0,0.0,0.0,0.0,0.0,0.0,0.0,0.0,0.0
3.0,1,12,2.9887499999994525,3.4949999999993793,2.7485104436935175,1.5023437499992736,4.250083333332337,6.675,7.025,1.1702233664017851,5.981666666666668,7.255489583333333,-3.686250000000548,-3.0500000000010097,3.0791919874305878,-5.397770833333957,-2.0717187500003065,0.12256312173888195,0.11001334619177669,0.10291298164858691,0.06731988161795088,0.17985147995813852,3.100000000000217,2.635000000000616,2.2577633743476593,1.9695208333335303,4.43794791666692,0.16828532465099685,0.17541219106075942,0.020386126028402285,0.1564344079601994,0.17844358120208664,1.428731377039546,1.4192024777390633,0.25014721986610317,1.3024389341315064,1.5679064893637966,225.41666666666666,235.0,38.15627753268806,202.6625,244.41875,7.86359687228497,7.671589921807124,2.985324731887153,6.202870692151753,9.43359759629308,18.416666666666668,17.5,5.86915408700178,15.164583333333333,21.666666666666668,0.3121843528209682,0.28228357831454365,0.14085784891495007,0.23450068226443774,0.3899649688225702,0.17151049917369754,0.16983161592769308,0.0109282213737422,0.1662103305454968,0.17812531456505548,0.0,0.0,0.0,0.0,0.0,0.0,0.0,0.0,0.0,0.0
3.0,2,12,7.724166666666228,7.809999999997842,4.665953002789633,5.1829895833328665,10.529343749999171,12.008750000000001,12.2225,2.0934976442221367,10.837552083333334,13.119552083333332,-4.284583333333772,-5.060000000001774,4.375404115535604,-6.4647083333331725,-1.5911666666667257,0.12150954796762005,0.10319756192807547,0.08461674367998939,0.07834920075746184,0.17059571427947,5.579583333333109,5.399999999999977,3.0730274222459304,3.979687499999769,7.35543749999951,0.16187233440357665,0.16296108995393843,0.019689597884265816,0.15040695637011836,0.17207416367082334,1.5014191893030775,1.4668039008613576,0.21052810572014602,1.3895205359703888,1.6161572576932854,219.75,220.5,36.910518333347255,198.83333333333334,239.3375,15.515928178395598,14.318853171155517,5.705810533926359,12.507169490298294,18.570138285548804,35.75,34.0,8.04673846971554,31.414583333333333,40.416666666666664,0.6161106303216727,0.5390881691744482,0.22582824436396634,0.4970503050969184,0.746437171154787,0.17380274872665744,0.17021147301718534,0.01104251539533963,0.1680497558140511,0.1799417554928475,0.0,0.0,0.0,0.0,0.0,0.0,0.0,0.0,0.0,0.0
3.0,5,12,11.727499999999639,11.554999999999154,7.202601644861108,7.930906249999307,15.745677083333478,21.249166666666664,20.4525,3.299972336890481,19.416145833333335,22.990291666666664,-9.521666666667029,-10.207500000000847,6.595464465461113,-12.937104166667112,-5.726135416666618,0.13439708505546644,0.10635132598967967,0.0989865223343386,0.08147683964852717,0.19031235460534424,9.624583333333987,9.9325000000008,4.970810917168948,7.076989583333845,12.468666666667565,0.14954633545697552,0.1473010428153833,0.013680762489322684,0.14228858576210035,0.15697804285337372,1.425945589120733,1.3005270202442696,0.3335157362254885,1.2551190196838964,1.610901312327096,202.83333333333334,200.5,29.556827647872847,186.40625,219.0875,23.028670721112075,23.18201563857515,6.289994754231814,19.793974442513758,26.309265493773527,48.666666666666664,50.0,2.8391206491810212,46.916666666666664,50.0,0.8821857448738384,0.8930738781747862,0.2515096313570957,0.7468704971657173,1.0153628844063,0.17906026212817397,0.17652172955505485,0.012471458303618331,0.17272412600411893,0.1863249607482167,0.0,0.0,0.0,0.0,0.0,0.0,0.0,0.0,0.0,0.0
3.0,10,12,11.518333333333851,11.972500000000991,9.856679169093994,6.283312499999839,16.81056250000127,28.182916666666667,29.622500000000002,3.948416517089381,25.948270833333332,30.188197916666667,-16.664583333332814,-16.26499999999839,10.602034422767206,-22.473604166666625,-11.161604166664972,0.1369064647824505,0.109016067258836,0.13197834900815678,0.06983815120274266,0.20851126244489862,8.912083333332944,8.275000000000091,4.250409316296422,6.801822916666162,11.165572916666074,0.1418898865572809,0.14200440085377883,0.015659566048778363,0.1333105411375487,0.1503022036446392,1.5328703160536825,1.4183733678761579,0.45703679050311824,1.3325062812308528,1.8081594465677682,194.66666666666666,198.5,24.507265465695284,181.16458333333333,207.50208333333333,23.47169128294237,23.410947002606427,6.1905139559365745,20.128080654503332,26.714264769765418,49.333333333333336,50.0,2.3094010767585034,48.0,50.0,0.9277783953950846,0.9350426694200158,0.27944663424384636,0.7841199697587782,1.0738301859069685,0.18266245557712094,0.18094265538417426,0.007844112751385397,0.1785815935284182,0.18719514617177432,0.0,0.0,0.0,0.0,0.0,0.0,0.0,0.0,0.0,0.0
4.0,1,12,2.919583333333319,2.8649999999998386,2.4778027824644253,1.6028229166666341,4.271729166666679,5.1499999999999995,5.220000000000001,0.7493573003823768,4.717270833333335,5.562135416666667,-2.2304166666666814,-1.9599999999993205,2.2622338701676603,-3.42095833333342,-1.0113750000000121,0.1334605096851227,0.12623382602648708,0.10449542975761969,0.0777231840761637,0.1884507903424061,2.5112499999999613,1.7625000000001023,1.782829881498202,1.6855000000000262,3.5538749999997035,0.10775564705176509,0.10628855010676845,0.013981381380949776,0.09989289568810535,0.1157284332974041,1.7046240634790222,1.6596448159943384,0.425910969656353,1.4850231957574251,1.9642798392952134,134.66666666666666,135.0,21.167442123709847,122.58125,146.25,5.964596003475239,6.019548218940052,2.8894741055717543,4.471055965826817,7.5255683463654774,14.166666666666666,14.5,5.149286505444373,11.333333333333334,16.833333333333332,0.24302240878161865,0.22724947775589388,0.11541610219587614,0.18143429309638628,0.3052027506937906,0.18305965322955356,0.18179813072743495,0.008013292082059646,0.17912400890651312,0.18775127599753125,0.0,0.0,0.0,0.0,0.0,0.0,0.0,0.0,0.0,0.0
4.0,2,12,6.411250000000167,6.517500000001746,5.980442794870397,3.0198854166674414,9.561604166666323,9.75625,9.535,1.8175422028362667,8.623093749999999,10.694708333333333,-3.344999999999833,-3.3274999999982544,6.043166689439787,-6.929531249999041,-0.37033333333361096,0.10851403198903654,0.10748949459494836,0.08953328470325382,0.057816301514269204,0.1552813245188404,6.120000000000279,4.140000000000327,4.315295734098329,3.8895312500003425,8.499208333334042,0.10862312655160554,0.11025104770683503,0.016746840684806037,0.09809605691506353,0.11728305051554308,1.6637973807871658,1.6251132608463918,0.26547844787820113,1.5269181299469736,1.810733966734566,138.5,137.5,25.532510470165107,122.83125,151.75416666666666,15.392701998262382,14.403127715030408,8.987091618716509,10.681651824500436,20.52040073848827,32.5,31.0,12.325140604029267,25.583333333333332,39.00208333333333,0.6515881051757941,0.5795586845275303,0.3123066492457211,0.4892536989864752,0.8250260866531263,0.18195008562710277,0.18059584771673468,0.008341395922118758,0.17778719110075303,0.18673234972632938,0.0,0.0,0.0,0.0,0.0,0.0,0.0,0.0,0.0,0.0
4.0,5,12,11.083333333333144,12.240000000000236,11.030043957164207,5.0068124999998735,16.717364583333545,16.531250000000004,17.4925,3.3221311102417923,14.647895833333335,18.24140625,-5.447916666666856,-4.45250000000191,9.906834293541912,-10.829781250000522,-0.11966666666700884,0.10281664879863027,0.1195211361059191,0.09722226672407752,0.04815951913465878,0.15186406437371902,9.604166666666742,8.349999999999,4.431909517318466,7.332020833333524,12.13377083333359,0.09869432702755615,0.09918089257360224,0.01233283197682421,0.09173152348003033,0.10503476697696136,1.7140102510778779,1.651849896167977,0.4284854260612859,1.4863864941731721,1.9605364192897807,122.08333333333333,124.5,21.567898423913313,109.57916666666667,133.0,26.760063712713585,28.80668983492615,9.262114747669276,22.21644222415291,32.012699102229945,48.833333333333336,50.0,4.0414518843273814,46.5,50.0,1.0116147406350595,1.02426385290876,0.26220355806672774,0.8753050700561955,1.1615377029622214,0.18885382117092928,0.18867866712650502,0.008171172280369716,0.18467506915523196,0.19381759450412145,0.0,0.0,0.0,0.0,0.0,0.0,0.0,0.0,0.0,0.0
4.0,10,12,10.37333333333324,10.167500000000246,10.439634775337872,4.527822916666289,15.41225000000032,22.682500000000005,22.79,5.483138409540818,19.60978125,25.50769791666667,-12.309166666666757,-12.622500000001141,7.222440041393882,-16.209760416667223,-8.5814583333329,0.10755565309455446,0.11058411248593558,0.10158361424087405,0.04993241281027595,0.15824679460998492,9.804166666666768,7.5799999999997,4.824028792190358,7.445718750000014,12.704104166666893,0.0928856776583799,0.09315099637372257,0.0161553190225271,0.08394488209180248,0.1013059905382338,1.7344646188262483,1.7733895705521472,0.25123112219366783,1.6035331215870379,1.8684499689562744,118.33333333333333,114.5,29.096495675700545,102.58333333333333,133.75,24.790544454097883,25.393136403127713,5.4047926480579,21.899880538662032,27.6027566608746,48.916666666666664,50.0,3.7527767497325675,46.75,50.0,0.9466080670349469,0.982100553581702,0.19159860284285885,0.8417167621014877,1.0480799367125357,0.19007933617853867,0.18558414621402003,0.01268173972868753,0.18339921726408512,0.1973900477728631,0.0,0.0,0.0,0.0,0.0,0.0,0.0,0.0,0.0,0.0
6.0,1,12,3.0912499999999334,3.2749999999997215,1.2680337767940868,2.399499999999959,3.7422083333331853,3.2287500000000002,3.0975,0.3779016526702537,3.0412395833333337,3.4391770833333335,-0.13750000000006649,-0.09250000000020697,1.1160125854616845,-0.740739583333357,0.42801041666661227,0.16421649291438434,0.14120906626164043,0.10343859432598047,0.11325737477973423,0.22474836875380683,1.4516666666666278,1.3499999999999375,0.819704307366429,1.0291145833333144,1.9442291666666076,0.05035858952096219,0.04927550940233617,0.004374998500698098,0.048054144529232866,0.05268015375890266,1.6593165398721232,1.6463091691492884,0.24915003659070817,1.5229791516826168,1.7972577529001466,57.083333333333336,56.0,6.12681636642382,53.833333333333336,60.416666666666664,4.643570807993049,4.349695916594266,2.0908131562601744,3.483474514914567,5.866735447437011,9.75,10.0,3.194455423784382,7.916666666666667,11.416666666666666,0.18645800800258683,0.16056942796657134,0.07548330090749045,0.1497050546012514,0.23103614248765533,0.20141374798615055,0.1997332340222635,0.008407230170770708,0.19722403904408842,0.20602829208837606,0.0,0.0,0.0,0.0,0.0,0.0,0.0,0.0,0.0,0.0
6.0,2,12,6.237083333333028,5.494999999999919,4.8437858307569694,3.7390208333328445,9.00687499999955,6.270416666666667,5.565,1.5985340704040136,5.4010625,7.129604166666667,-0.03333333333363897,-0.007500000000172591,4.007773885232538,-1.9459583333335362,2.170656249999517,0.12487730452533878,0.14412426672309708,0.0804313670646448,0.0839330137531674,0.16656608702741946,3.312916666666704,3.1900000000000546,1.5318845469392934,2.4529062500001584,4.123364583333476,0.05177132081479124,0.04777585419764861,0.011801469636703248,0.04552010041261502,0.0580185025933445,1.9829945940536555,2.0118734447209388,0.4408026985867373,1.7402293522784982,2.209107713169573,60.583333333333336,56.5,15.553183441068105,52.0,68.75,10.799449753837242,11.430060816681147,5.316992518363963,7.964295540110048,13.920945554590215,20.916666666666668,23.0,6.680478117529304,17.083333333333332,24.41875,0.4401419923418397,0.47817821400407867,0.18431202855215495,0.3395493974115208,0.5383626978457037,0.2001287583116066,0.19482283014040108,0.011519686162650089,0.19465149473541304,0.2068131607418289,0.0,0.0,0.0,0.0,0.0,0.0,0.0,0.0,0.0,0.0
6.0,5,12,12.110000000000289,12.770000000000039,8.431305571283868,7.53223958333369,16.3130625000005,13.842916666666667,14.785,2.778130877810191,12.253739583333331,15.2341875,-1.7329166666663784,-3.5450000000000816,7.438207707607633,-5.668520833333095,2.1929479166671415,0.1232858444112952,0.12567926085676967,0.09199849066335314,0.07515260260820905,0.17222737363781646,8.068333333333479,6.570000000000164,5.391114884415838,5.586479166666987,11.336510416666933,0.05800787206213733,0.06071342117093751,0.011423926783528588,0.05164351658926316,0.06361187458620599,2.284682091280793,2.2248940782343087,0.5888433726580586,1.9795247205177202,2.61221766606675,67.25,74.5,15.100421426990946,58.666666666666664,74.33333333333333,21.3587460179554,22.17028670721112,11.258265276999417,15.807813857515203,27.352519548218936,41.25,50.0,11.466353942176768,35.327083333333334,47.166666666666664,0.87385566842962,0.7910547471646032,0.39488293213873576,0.6812204392821559,1.0917478165363073,0.19547324201995017,0.1909197657630932,0.014541115300452838,0.18819229688583797,0.20381546405447595,0.0,0.0,0.0,0.0,0.0,0.0,0.0,0.0,0.0,0.0
6.0,10,12,15.317083333333386,14.92999999999995,13.013934744645004,8.365791666666654,22.16463541666665,19.876250000000002,21.457500000000003,5.037274301282752,17.047791666666665,22.471395833333336,-4.559166666666615,-5.620000000000049,11.13257175085242,-10.48049999999998,1.390864583333452,0.14234896017398127,0.12212569296914574,0.12281223080197616,0.07525927081694225,0.2058867800735403,9.842083333333335,7.580000000000609,6.6581602217035,6.599791666666626,13.359927083333186,0.05638109571465513,0.057721074648781345,0.011651872271624175,0.04987764579122632,0.06227870390108523,2.3511724432618224,2.4213303376906317,0.5196548805694589,2.0694195825255854,2.6130567788710444,68.5,68.0,17.238962213016716,59.581250000000004,77.5,22.804807413843033,20.920938314509122,7.867603286478503,18.7181635534318,27.01286200405445,46.583333333333336,50.0,5.434876152027642,43.416666666666664,49.166666666666664,1.0418161782508468,1.0106935303518547,0.28634010800990567,0.8966363809746727,1.1985952058405076,0.19214792750512175,0.19245792537680634,0.006816073496389588,0.18840297196647043,0.19570954318576164,0.0,0.0,0.0,0.0,0.0,0.0,0.0,0.0,0.0,0.0
