gamma,quote_size,n,pnl_net_mean,pnl_net_median,pnl_net_std,pnl_net_ci_lo,pnl_net_ci_hi,pnl_edge_mean,pnl_edge_median,pnl_edge_std,pnl_edge_ci_lo,pnl_edge_ci_hi,pnl_inventory_mean,pnl_inventory_median,pnl_inventory_std,pnl_inventory_ci_lo,pnl_inventory_ci_hi,sharpe_1s_mean,sharpe_1s_median,sharpe_1s_std,sharpe_1s_ci_lo,sharpe_1s_ci_hi,max_drawdown_mean,max_drawdown_median,max_drawdown_std,max_drawdown_ci_lo,max_drawdown_ci_hi,fill_rate_orders_mean,fill_rate_orders_median,fill_rate_orders_std,fill_rate_orders_ci_lo,fill_rate_orders_ci_hi,adverse_cost_500ms_mean,adverse_cost_500ms_median,adverse_cost_500ms_std,adverse_cost_500ms_ci_lo,adverse_cost_500ms_ci_hi,n_fills_mean,n_fills_median,n_fills_std,n_fills_ci_lo,n_fills_ci_hi,inv_abs_mean_mean,inv_abs_mean_median,inv_abs_mean_std,inv_abs_mean_ci_lo,inv_abs_mean_ci_hi,inv_max_abs_mean,inv_max_abs_median,inv_max_abs_std,inv_max_abs_ci_lo,inv_max_abs_ci_hi,pnl_vol_1s_mean,pnl_vol_1s_median,pnl_vol_1s_std,pnl_vol_1s_ci_lo,pnl_vol_1s_ci_hi,quote_lifetime_mean_s_mean,quote_lifetime_mean_s_median,quote_lifetime_mean_s_std,quote_lifetime_mean_s_ci_lo,quote_lifetime_mean_s_ci_hi,killed_mean,killed_median,killed_std,killed_ci_lo,killed_ci_hi,diverged_mean,diverged_median,diverged_std,diverged_ci_lo,diverged_ci_hi
0.0,1,12,3.113749999998962,2.719999999997981,4.037431747242018,0.9305312499985567,5.269333333332332,8.400833333333335,8.1425,0.657916246857294,8.075135416666667,8.773458333333336,-5.287083333334372,-5.727500000003447,4.110758312223697,-7.475583333334572,-3.102291666668,0.0801458841475818,0.0392601663925521,0.09280138659638777,0.030196584652010423,0.1328483185653067,5.512500000000268,4.445000000000164,5.6197409759143495,3.2070104166667197,8.923187500000724,0.2649074836991477,0.260837128442619,0.012678861348420502,0.25847586677759565,0.27193615449143876,1.2384348886894243,1.262757731958763,0.15573837129848617,1.1524901771744969,1.314184656363846,403.75,392.0,32.93278278278624,386.99375,422.67291666666665,12.225311323486823,11.195482189400522,6.738893511975844,9.27613850275123,16.24635280915146,28.583333333333332,31.0,11.040901917484602,22.74791666666667,34.5,0.4728254101435128,0.44308199698223055,0.23678525911857343,0.35658139472267375,0.6099811352724952,0.14965329315226722,0.14926388754550252,0.00657626347851308,0.1459783554800287,0.15335863516239912,0.0,0.0,0.0,0.0,0.0,0.0,0.0,0.0,0.0,0.0
0.0,2,12,3.893333333332388,7.137499999999591,8.556266532179878,-1.0315625000011241,8.021645833331906,14.996666666666668,15.0375,1.5762892750976514,14.087020833333334,15.83003125,-11.103333333334279,-9.322500000000103,8.846573639071684,-15.899677083334817,-6.508489583334107,0.08665644985141957,0.07396417949535156,0.14035592662643373,0.016637730540461894,0.16905392827764865,9.35833333333341,7.604999999998654,6.750439828543804,5.933437500000208,13.1063541666668,0.2592215144062599,0.25882276090186007,0.013597277551069773,0.25151168113323824,0.26673916416566495,1.175378957819091,1.171136310971012,0.12326250721058539,1.1090463625006615,1.240482180844696,398.5,402.0,38.03706326490232,376.32916666666665,418.5854166666667,19.525412684622065,18.495221546481318,6.414333861436798,15.954257167680279,22.971535621198953,42.916666666666664,47.0,9.209267400863439,37.25,47.418749999999996,0.7555556418975252,0.7244854359018035,0.28361048501157665,0.6068976995322001,0.9134123996027212,0.15392358004711884,0.15150411346319692,0.008601545032049844,0.14966337456653625,0.15901884086639018,0.0,0.0,0.0,0.0,0.0,0.0,0.0,0.0,0.0,0.0
0.0,5,12,8.06249999999981,8.037500000000023,7.34792595969038,4.389489583333828,11.999249999999115,25.637083333333337,25.785000000000004,2.9430190577436672,23.924427083333335,27.115416666666665,-17.574583333333525,-17.747500000000407,9.002658813911586,-22.283666666667234,-12.602666666667258,0.0939696530822675,0.07997415694058026,0.09040390650154494,0.04704765700452634,0.14217382505205106,9.58375000000035,9.36000000000081,4.910409224290468,7.16936458333349,12.33330208333329,0.2422361319791633,0.23917736320250577,0.017440008665012618,0.2325238332503134,0.25116966593396456,1.1865820604261932,1.11392226294989,0.24705713553397124,1.0724620703632957,1.3263353728346055,362.75,350.0,42.836104143372076,338.83124999999995,385.50416666666666,23.221039675644366,21.913119026933103,5.111155499737178,20.4155372140168,25.872675933970463,49.75,50.0,0.8660254037844386,49.25,50.0,0.866215598539124,0.8830247908597484,0.1790463493657465,0.7590395714143398,0.953458072976742,0.17368753996558986,0.17058944058443132,0.008367995225462395,0.16960301605601316,0.178657393323104,0.0,0.0,0.0,0.0,0.0,0.0,0.0,0.0,0.0,0.0
0.0,10,12,7.172500000000455,9.627499999996644,6.706542429870204,3.4038437499984657,10.465802083334028,33.87333333333334,33.445,3.202191247861188,32.062197916666676,35.74781250000001,-26.70083333333288,-26.02750000000384,6.6338580004180026,-30.46104166666676,-23.24383333333329,0.078361415601977,0.09291240808785894,0.06948464956630579,0.03971053993039171,0.11443617567963221,9.060833333333411,7.942500000000109,4.040262048957935,7.013562499999517,11.39852083333411,0.2280033615629771,0.22417452307104374,0.01382610973991861,0.220616753011678,0.235557424871853,1.0483200712581437,1.043891804406169,0.10476492723404272,0.9903711383004596,1.0986888968198836,341.0,335.5,34.53325143315431,321.9916666666667,360.6770833333333,25.63582392122792,25.973935708079928,2.384532696196839,24.38558137851144,26.871550101361137,50.0,50.0,0.0,50.0,50.0,0.9069551375558632,0.8866404044798991,0.19885583684969924,0.8030028905605102,1.0237275691513463,0.1865207333944974,0.18525694976652543,0.009867641092790244,0.18133377479178128,0.19232082174518028,0.0,0.0,0.0,0.0,0.0,0.0,0.0,0.0,0.0,0.0
0.0,20,12,10.792916666666477,9.882499999999482,13.767784607277425,4.54829166666673,18.33519791666642,38.410833333333336,37.6375,4.840140321657351,35.853822916666665,40.949312500000005,-27.617916666666858,-28.244999999999,11.94230856666697,-33.641625,-21.079604166667952,0.11653548447937945,0.10601805373628567,0.14730751156391436,0.04901110067551297,0.1981669675878041,9.035833333333377,8.615000000003079,3.7749869556266855,7.1508020833332715,11.199531249999923,0.21717847361844,0.22016726201799441,0.015970850657929206,0.20871713563043717,0.22540132556699802,1.0243777974713046,1.0511829125389731,0.19874581876735564,0.9150211375423353,1.1328133450424756,324.75,331.5,46.68097724302306,299.0833333333333,348.66875,27.58514335360556,29.019113814074718,4.183017789472876,25.35436395887634,29.718594338256594,50.0,50.0,0.0,50.0,50.0,0.9164505439380174,0.8338043075515902,0.17937885877363877,0.8293408267510463,1.0212206581234706,0.19659863957611978,0.19254924153976868,0.013377686682139926,0.19011082284778402,0.2040982719081587,0.0,0.0,0.0,0.0,0.0,0.0,0.0,0.0,0.0,0.0
0.005,1,12,2.5483333333331886,2.474999999999767,0.938703974379071,2.017874999999867,3.0117083333330443,8.52625,8.715,0.8762967663567365,8.022895833333333,8.9669375,-5.977916666666811,-6.090000000000209,0.6799714510495498,-6.302937500000086,-5.593239583333577,0.2500158360110629,0.2708762327446861,0.09404281587126802,0.2010477922832456,0.29661302592385824,0.6804166666666861,0.6174999999999855,0.2400327471344964,0.5579062500000485,0.8166770833333251,0.26144779609837426,0.2615117591039095,0.01353463033653118,0.2537540593727282,0.2685535978018716,1.2811706583298947,1.305254749080317,0.15775886040067522,1.1971631778231888,1.3615177061610506,415.75,422.0,43.049918171181865,390.4916666666667,437.425,1.7608601216333624,1.7536924413553432,0.23960085696722522,1.642911960613959,1.8779539530842742,7.833333333333333,7.5,1.6422453217986943,7.0,8.75,0.09250664883359494,0.09394300287319363,0.016230664313690846,0.0831805567062191,0.10097565379896555,0.1442027632283733,0.14041763120025477,0.00904006851011667,0.13973532920444034,0.14967417422386609,0.0,0.0,0.0,0.0,0.0,0.0,0.0,0.0,0.0,0.0
0.005,2,12,4.007083333333271,4.142499999999657,1.9747122440925917,2.9790624999999413,5.095031249999849,14.735833333333332,14.91,1.572116166962302,13.802072916666667,15.553020833333333,-10.728750000000062,-10.660000000000142,1.9298317460807763,-11.79466666666663,-9.686479166666818,0.2669813338671671,0.30632829990092003,0.13409283975101494,0.19815076033701406,0.3338424600679555,1.070416666666669,0.8150000000000261,0.6827433243684115,0.7466458333333491,1.434291666666705,0.25229270517518565,0.25207034770378245,0.01340918746183858,0.24506203913923066,0.26002842619207084,1.4097218504015399,1.3690917556547697,0.1891914379042048,1.3157464297878128,1.5074067211968207,406.4166666666667,418.5,39.82109612968605,383.1625,426.8354166666667,2.3572256009267307,2.3609904430929625,0.2309765160216274,2.235657399362873,2.485664639443962,11.916666666666666,12.0,1.5642792899510296,11.083333333333334,12.75,0.1441472167034254,0.13611371244707013,0.03654396188597818,0.1260381128999346,0.16304888854762734,0.14673897577471337,0.1449593818854676,0.008775452532216703,0.14227042076418084,0.15167347037154894,0.0,0.0,0.0,0.0,0.0,0.0,0.0,0.0,0.0,0.0
0.005,5,12,2.5400000000002705,3.437500000000284,3.122002562458975,0.8290000000002775,4.091364583333611,27.181250000000002,26.8525,3.005954034760164,25.574333333333332,28.877104166666665,-24.64124999999973,-24.672499999999594,4.130083162821165,-26.6964166666665,-22.18451041666637,0.10741730405840542,0.11763776871096629,0.11241172012455158,0.05308879779826707,0.17311793098290243,3.5612500000000615,3.170000000000101,2.4538208842167455,2.485406250000118,5.044822916666724,0.24383160898717693,0.24413751323710398,0.01292130059560474,0.23703642541640083,0.251066983845806,1.577621565513082,1.550052083141173,0.17485003597287227,1.4823288566672197,1.6636989517458087,418.3333333333333,409.5,44.65694150120924,394.3270833333333,442.09375,3.662757022878656,3.869244135534318,0.42712112287501186,3.432498913987836,3.9089976107732403,22.583333333333332,22.0,4.5016831868926,20.416666666666668,25.333333333333332,0.31009051921513375,0.2784865079864947,0.16420095879208826,0.24284078474979837,0.40660200680696834,0.14861105248949644,0.14806035217689267,0.009796757470498947,0.14360732478162477,0.15432066799473657,0.0,0.0,0.0,0.0,0.0,0.0,0.0,0.0,0.0,0.0
0.005,10,12,-1.336250000000047,1.7850000000006858,10.568516737117367,-7.2074791666668006,3.7305833333335037,34.18208333333334,34.5675,3.269754966030144,32.30067708333333,35.83805208333333,-35.51833333333339,-32.737500000000765,10.10492506682093,-41.06257291666689,-30.38936458333309,0.056894530204078454,0.031209777094709172,0.16302422639214867,-0.02536743985301184,0.1457335339164697,8.00374999999981,5.142499999999686,8.18009950067274,4.148177083333421,12.561072916666275,0.2303699367173054,0.23232572648671806,0.010189175675090034,0.22458935122345847,0.2353466193788856,1.627713265253668,1.5178190436021541,0.4195294024018088,1.413267265255017,1.8761467754026044,396.5,406.5,32.19683778939112,378.5770833333333,412.50625,4.58123370981755,4.503475238922675,0.30474591306944093,4.426647118447726,4.754439979727772,30.75,30.5,4.882715339942427,28.33125,33.666666666666664,0.5645204964290708,0.4377312770613893,0.4965377304303093,0.3607372480083712,0.8517096218276872,0.15765948427946166,0.15530091119320466,0.007769166287635262,0.15357758523446352,0.16207210031346775,0.0,0.0,0.0,0.0,0.0,0.0,0.0,0.0,0.0,0.0
0.005,20,12,0.762499999999528,3.442499999999825,7.7492570025074645,-3.978062500000596,4.46279166666642,39.97708333333333,40.542500000000004,4.0461111847917595,37.689947916666675,42.043343750000005,-39.214583333333806,-36.422499999999914,10.142581583317273,-45.42323958333369,-34.269645833333335,0.04545671442428697,0.06163656547751892,0.10683820230197517,-0.018974031317606787,0.10067499535884979,7.4404166666666285,5.374999999999943,5.388985171091548,4.773624999999866,10.760927083333497,0.22185971395702278,0.22591748527846275,0.01263540786241054,0.2143401431188946,0.2283955087605904,1.5247776739132013,1.4567918217266391,0.24863052163799015,1.401315723241406,1.6690274788444923,394.5,405.0,50.14615003802748,367.5833333333333,421.5083333333333,5.819287576020852,5.75716768027802,0.8331599936769208,5.419200695047786,6.299113090066609,39.916666666666664,40.5,7.292067088572515,36.083333333333336,43.75208333333333,0.5237192785625724,0.46099174697181294,0.19701471937602844,0.4256145823423491,0.647130356993507,0.16345618353036365,0.16434426652226608,0.012216266104059232,0.15673168780930544,0.1699458414853584,0.0,0.0,0.0,0.0,0.0,0.0,0.0,0.0,0.0,0.0
0.01,1,12,2.5704166666665755,2.8800000000000026,0.9365639771704654,2.031124999999931,3.0621458333331617,8.512916666666667,8.7725,0.9296711499071578,7.973333333333335,8.976812500000001,-5.942500000000092,-6.055000000000148,0.8985151893287193,-6.402187500000019,-5.422833333333465,0.3077384388478258,0.2987076431979807,0.1307243049533898,0.23613754006896212,0.3807612090099424,0.5116666666666939,0.4674999999999585,0.2023648070972369,0.39621875000003287,0.6250000000000202,0.25622157501088855,0.2542989392107796,0.013579262760709936,0.24880992087758202,0.2635395104107306,1.3269503131015472,1.307217203320763,0.16987119302746997,1.2359095711973465,1.4240797134324572,419.0833333333333,426.5,47.94970534241313,391.74375,443.6020833333333,1.2286417607877207,1.2571676802780192,0.1147186803647295,1.1634683608456413,1.2864212279177527,6.833333333333333,7.0,1.1934162828797101,6.166666666666667,7.5,0.07547620528500164,0.07068922585933787,0.011909597526954734,0.06913656777916898,0.08231872442224741,0.14062995127400982,0.13925807184506853,0.010894396125224347,0.13503865252695055,0.14673953851753133,0.0,0.0,0.0,0.0,0.0,0.0,0.0,0.0,0.0,0.0
0.01,2,12,2.707916666666604,3.247499999999917,1.621795383256344,1.857812499999849,3.568916666666651,14.942916666666667,13.842500000000001,2.219585811416721,13.727854166666667,16.15773958333333,-12.235000000000062,-12.802499999999945,2.763010545171182,-13.674343750000153,-10.6713854166668,0.21639475482509418,0.2340251531132092,0.14540638672885195,0.13635040737768672,0.2945189894117062,1.4750000000000298,1.1325000000000927,0.9860850046338215,0.9574687499999823,2.0429270833333755,0.24872018982866362,0.24583387974559046,0.014373443249612846,0.2408193462617615,0.2564114406782095,1.529886753770051,1.4724046608755097,0.21391093510772488,1.4138521866913636,1.6545948167285016,422.0833333333333,398.5,59.18761899607251,389.90208333333334,454.67083333333335,1.646828844483058,1.6207645525629886,0.21282840071295062,1.5348175499565595,1.7627443527367506,10.25,9.5,2.137330535547045,9.083333333333334,11.418749999999998,0.12431929315071623,0.11969010946949965,0.03031787356444267,0.10744156700501768,0.14081644049842862,0.13975537018418926,0.1417054175022212,0.012424244410663896,0.1330156410114845,0.1467906365472009,0.0,0.0,0.0,0.0,0.0,0.0,0.0,0.0,0.0,0.0
0.01,5,12,-0.6308333333332937,1.2824999999997786,5.686650968929031,-4.043604166666357,1.9718541666665859,25.832916666666666,25.64,2.387976947442155,24.499583333333334,27.111895833333335,-26.463749999999962,-24.652500000000536,6.503708775837542,-30.383885416666487,-23.116718749999833,0.03334050783678608,0.039935669463569856,0.13202850370945998,-0.0385123356327108,0.10175331854256953,4.3454166666666305,3.1774999999999807,4.430798952340313,2.3350937500000044,6.966552083333304,0.2377093373488414,0.23403349008502217,0.011094342623454113,0.23194732328837853,0.2439008657198425,1.7332102820252437,1.6080786121451838,0.3950271884663788,1.5604601589915388,1.976631280203486,430.5,424.5,43.063378240153725,407.39583333333337,454.0833333333333,2.340283811178685,2.2532580364900086,0.2565252322909526,2.2148675065160726,2.490305531421952,19.083333333333332,16.5,7.680652592223153,15.333333333333334,23.754166666666663,0.29596455259785975,0.25142075021085253,0.17971411453338468,0.21781296159662789,0.40578132495102254,0.13943991291716198,0.1395870892833624,0.009958658100542951,0.13455504180539005,0.14491189310906197,0.0,0.0,0.0,0.0,0.0,0.0,0.0,0.0,0.0,0.0
0.01,10,12,-15.77916666666727,-5.967500000000911,27.577025997717772,-32.122562500000846,-4.331729166667081,33.919166666666676,33.325,4.659335610721054,31.501781250000008,36.51225,-49.69833333333393,-40.40000000000053,31.66348142672597,-68.70966666666743,-36.18362500000075,-0.10862690249636557,-0.1353361229979107,0.09793005947858126,-0.1575152421311679,-0.05382008994085191,19.015833333333735,8.722500000000615,26.662115004537224,8.09600000000025,35.09410416666731,0.23277282319579817,0.2363272107046353,0.014667380860189658,0.22451017423995753,0.24005956022746666,2.0089558564353953,1.6842868552125325,0.9089123129227001,1.6413372058108595,2.558273772218786,449.75,472.0,57.212721090203836,417.0,477.5020833333333,3.1591369823342017,3.173327541268462,0.28734406972694876,3.008852809151463,3.3047657833767743,26.583333333333332,25.5,6.4731379679036,23.166666666666668,30.41875,0.8424509702552688,0.45089504934620417,1.052978109517311,0.4128818830459372,1.4849379920675279,0.1420941709300213,0.14046034664993173,0.009983831447254836,0.13716229143340683,0.1479242666609146,0.0,0.0,0.0,0.0,0.0,0.0,0.0,0.0,0.0,0.0
0.01,20,12,-12.01666666666633,-4.029999999999546,18.35643104217345,-22.43211458333304,-2.9234374999995896,37.8225,38.307500000000005,4.178299186380638,35.70205208333334,40.21574999999999,-49.83916666666633,-41.27499999999955,21.423432353100782,-62.27140624999978,-39.24724999999945,-0.06793037519750568,-0.09867595465461299,0.11312007807087698,-0.12797180806233452,-0.007352556622360308,15.47374999999967,7.212499999999238,16.97891394494959,7.434531249999611,24.944385416665938,0.22213320859887475,0.21875814833651308,0.011985637542825731,0.21603967827569812,0.22904047625524276,1.8887631338830424,1.6044273929010053,0.8503892829179963,1.4907731157078339,2.3803213278471795,431.4166666666667,431.5,62.23629215020815,399.4125,465.84791666666666,4.276715899218071,4.3171155516941795,0.3890519179500433,4.06827034462786,4.476428105994787,37.5,35.0,8.501336793277117,32.99791666666667,42.00208333333333,0.7812907463310829,0.4204811362107539,0.7491230604349627,0.41257726413205337,1.213631300336575,0.15267680059209512,0.15141296830469453,0.01318570579289846,0.1458595905808712,0.15989935559013574,0.0,0.0,0.0,0.0,0.0,0.0,0.0,0.0,0.0,0.0
0.02,1,12,2.033333333333337,2.027500000000181,0.7607153730455758,1.6675000000000313,2.4368749999999793,8.0975,7.515000000000001,1.1009551638133466,7.504072916666667,8.70003125,-6.0641666666666625,-5.9250000000000345,0.9949230973783857,-6.65299999999999,-5.562062499999969,0.2939130261568419,0.31797354285279267,0.10397660131043841,0.23780963959500628,0.34743092987343677,0.4879166666666433,0.3924999999999912,0.23412757141558896,0.3737187500000011,0.6225208333333206,0.2356386185160757,0.23057764153654564,0.013780120827718468,0.22917026770982662,0.24364774274533627,1.570061655391843,1.4784415850253878,0.27478813754392867,1.4341448262847716,1.7291287166024498,388.25,368.5,49.11049693386241,362.2416666666667,414.8375,0.74131190269331,0.7445699391833188,0.10922096289086126,0.6839559803069795,0.7955419200695046,4.75,5.0,0.621581560508061,4.416666666666667,5.083333333333333,0.06284402731655747,0.057406965130547015,0.015200320445693766,0.055840513498311074,0.07172394967742024,0.13978965478093702,0.14244240922141066,0.010437166754928317,0.1343061135523694,0.14543983882106754,0.0,0.0,0.0,0.0,0.0,0.0,0.0,0.0,0.0,0.0
0.02,2,12,0.9966666666666958,1.4999999999999716,2.044173908868089,-0.09159374999991367,2.04888541666669,13.8675,13.940000000000001,1.7200561565885524,12.879104166666664,14.748781249999999,-12.870833333333303,-13.229999999999968,2.3657718645617076,-14.095083333333207,-11.49640624999997,0.1285453156583309,0.1345435185299394,0.1651233535958847,0.04361843925138825,0.21972496926029372,1.7316666666666738,1.105000000000004,1.3134502332221585,1.1032083333333322,2.475770833333316,0.23117997142017158,0.23079039061067302,0.01673416401922671,0.22169094605707293,0.24034221333320915,1.796123411507512,1.7903159121315437,0.2624040065893126,1.6664295023996387,1.9471649289227908,401.4166666666667,399.0,52.85736954438345,372.07916666666665,429.0854166666667,1.0157109759629308,0.9934839270199826,0.12210996829545044,0.9527820011584129,1.0816101940341731,8.166666666666666,7.5,2.2896340848319503,7.083333333333333,9.416666666666666,0.12596588903685335,0.09847201539210339,0.06907996248047693,0.09362019274888105,0.16508943860451755,0.1356536579017383,0.13289887393682637,0.010010902144001684,0.1305041332337931,0.14130064026428757,0.0,0.0,0.0,0.0,0.0,0.0,0.0,0.0,0.0,0.0
0.02,5,12,-6.895416666666712,-5.189999999999827,5.109571881342698,-9.762385416666813,-4.233604166666635,24.205416666666668,24.310000000000002,3.072374310124851,22.600677083333338,25.95696875000001,-31.100833333333373,-29.752499999999827,7.479464867019071,-35.25996875000013,-27.06846874999973,-0.15203329751753633,-0.17498579821618943,0.07517529605948894,-0.19004822348566758,-0.10989610731262009,8.442500000000054,7.022499999999795,4.8402988731916174,5.917697916666623,11.20482291666683,0.23141225774609145,0.23273967468287204,0.013313234910481947,0.2236705648994851,0.237941822063858,2.012153135531746,1.9083922357546759,0.4239584025991947,1.7999277741831912,2.2783358546312846,436.0,442.0,53.09511191334762,408.16041666666666,464.5,1.5285983203011873,1.5599478714161599,0.12448696491155167,1.4564780625543006,1.5923852447147409,13.5,13.0,2.7136021011998723,12.33125,15.166666666666666,0.3568607922552283,0.28578400600780696,0.2037139712019536,0.2545854456469912,0.47472081876481287,0.13536594861385998,0.1373247969923463,0.010072077115627347,0.13006447739563343,0.14083818554677738,0.0,0.0,0.0,0.0,0.0,0.0,0.0,0.0,0.0,0.0
0.02,10,12,-23.7570833333334,-25.309999999999917,15.21563601549595,-32.219677083333025,-15.98337500000026,33.203333333333326,32.11,4.227649429289248,31.23902083333333,35.760364583333335,-56.96041666666673,-57.92000000000036,17.991664163052135,-67.16259375000014,-47.43089583333349,-0.1901167954595533,-0.19615245643944473,0.059196614363105894,-0.21922775016264848,-0.15602085602807747,24.897916666666777,26.84749999999989,15.464941650880752,16.863531250000424,33.536739583333066,0.22717783923540158,0.22526383126541155,0.009928439529191535,0.2220371573963471,0.23264891616297376,2.5543467317013184,2.546506107708969,0.7643279728334621,2.1646682260213046,2.9689972172101857,462.4166666666667,465.5,41.81878293375605,440.74375,486.0875,2.2791051259774107,2.327975673327541,0.1526271351723842,2.20112945264987,2.352814581523313,20.416666666666668,19.5,5.567083998146987,17.583333333333332,23.5,1.0961360734868582,0.9480270471463027,0.7082203565304962,0.7241533836958726,1.4682878542908127,0.13647063922895264,0.13777317810455364,0.008564245100841089,0.13174863590668592,0.14088988807188527,0.0,0.0,0.0,0.0,0.0,0.0,0.0,0.0,0.0,0.0
0.02,20,12,-29.275833333333562,-10.082500000000763,35.131528240530066,-50.85318750000002,-12.74068749999984,37.761250000000004,36.2225,7.395015251382639,33.982749999999996,42.22666666666667,-67.03708333333356,-48.25750000000076,41.860730918038634,-93.13443750000026,-47.22380208333359,-0.1930240431182362,-0.20811510952747542,0.07711948524070897,-0.23133255766668315,-0.14803730688929642,30.645416666666748,11.34000000000006,34.91699335295947,14.178343749999849,51.96594791666659,0.2180676498639236,0.21879267133350616,0.008798911916567807,0.21374638908110252,0.2228692545577379,2.315816895006767,1.665273171196152,1.1459307990599241,1.7591236112164352,2.9776269185739985,460.0,438.5,53.38198538492516,431.4041666666667,490.1666666666667,3.31226469736461,3.2250217202432667,0.21758451768377643,3.210597668693889,3.4255049956559507,29.833333333333332,29.0,6.780095646058172,26.49791666666667,33.50208333333333,1.2122544692989736,0.5303138782991663,1.4286481753741735,0.5443091182146007,2.095592319611987,0.14248708824533646,0.1453308716114488,0.010682488690178658,0.1364254741985183,0.14832249313267934,0.0,0.0,0.0,0.0,0.0,0.0,0.0,0.0,0.0,0.0
0.05,1,12,1.0183333333332858,1.0949999999997928,0.6772884887325871,0.6552499999999697,1.362124999999935,6.6887500000000015,6.7725,0.8209532292070326,6.221135416666667,7.092093750000002,-5.670416666666714,-5.60750000000003,0.8131433350482524,-6.094166666666671,-5.196000000000018,0.1863906916724961,0.1736681937769246,0.1293903261984781,0.11666199287048183,0.25366986355822113,0.5087500000000027,0.4549999999999983,0.3400543071601637,0.3482499999999949,0.7037604166666623,0.18407109380425646,0.18528385603533243,0.014351318229143564,0.1764091909804389,0.19173942075169434,2.026420436470475,2.0876965447555205,0.27947849725479496,1.8744116308896,2.168467987360254,294.8333333333333,297.0,30.95695936834452,278.99791666666664,311.25416666666666,0.32030118737329855,0.30538662033014774,0.051621062735925365,0.2928576600057921,0.3474551114972488,3.8333333333333335,4.0,0.7177405625652734,3.4166666666666665,4.166666666666667,0.054775888844696086,0.049986168835039944,0.016620806506718926,0.04645139688516686,0.06439609907197265,0.1428219521394548,0.14054934875787503,0.006883257305924625,0.1393670017346157,0.14669705645843809,0.0,0.0,0.0,0.0,0.0,0.0,0.0,0.0,0.0,0.0
0.05,2,12,-0.6945833333334512,-0.8500000000001791,1.3814311721303714,-1.412541666666837,0.05061458333325044,11.616666666666667,11.627500000000001,1.3746426532893647,10.844500000000002,12.362114583333332,-12.311250000000117,-11.665000000000012,1.7359450203380813,-13.373000000000182,-11.49534375000022,-0.05841009435597035,-0.0725497960618202,0.12358525148898375,-0.12184302673045223,0.007880341882500726,1.8470833333334014,1.5750000000001236,0.7888497331654698,1.454583333333424,2.290864583333467,0.2031236496845981,0.20137297060743226,0.011629858605810398,0.19683945033869493,0.209490390289515,1.9295343044526074,1.8499265678883632,0.24674672800443406,1.79880888326056,2.062267255399658,350.9166666666667,354.5,36.37796119364114,331.33124999999995,369.0020833333333,0.5343179843614249,0.526498696785404,0.07923811479041082,0.49462604981175795,0.5823233420214305,5.833333333333333,6.0,1.2673044646258476,5.166666666666667,6.583333333333333,0.09527604926280486,0.0900780315113194,0.018030848372212843,0.0860890904124564,0.10532417687634042,0.1362375159937043,0.13544048010977827,0.007933254733390023,0.13193902633995783,0.140480432291764,0.0,0.0,0.0,0.0,0.0,0.0,0.0,0.0,0.0,0.0
0.05,5,12,-7.629166666666574,-7.667499999999954,2.167362067890998,-8.716885416666498,-6.380770833333071,20.282083333333336,19.317500000000003,3.788366437549503,18.25947916666667,22.45828125,-27.91124999999991,-27.92749999999994,5.372187689217461,-31.045822916666342,-24.88032291666663,-0.23968493415602318,-0.21974119615238324,0.07259574018377814,-0.2813954078840013,-0.20046302271831354,8.134166666666626,8.342500000000086,2.197687662204458,6.845510416666666,9.259583333333277,0.2043695508097294,0.20808593556165988,0.016298466509979362,0.19469087368561858,0.21216271893424082,2.010971679462958,1.9794946878402224,0.3044364475831883,1.8500220181578104,2.1780394001569783,387.9166666666667,383.5,52.83844731965082,358.4791666666667,416.7604166666667,1.017520996235158,1.0456125108601215,0.14966462202348133,0.933378583840139,1.0957898928467995,10.75,10.0,1.764549903980152,9.916666666666666,11.75,0.2874176051566542,0.2581711556236641,0.09482061601045755,0.238593760100687,0.3433093726883592,0.13612746269664974,0.13753762112718487,0.008735808674451348,0.1312637899686031,0.1410860410747727,0.0,0.0,0.0,0.0,0.0,0.0,0.0,0.0,0.0,0.0
0.05,10,12,-22.03333333333317,-23.235000000000014,9.444698448753144,-27.035677083333205,-16.874749999999477,29.749583333333334,28.965000000000003,4.282155074647967,27.44230208333333,32.015718750000005,-51.782916666666516,-50.94999999999977,12.253180191713842,-58.36069791666682,-45.20538541666645,-0.25553965299521214,-0.2545621170761295,0.0523479822036757,-0.2846323076036591,-0.22743581367924756,22.522499999999866,23.992500000000057,9.570950484764863,17.351593749999818,27.642895833333167,0.2075878918088332,0.20665056377224833,0.013656895016993529,0.19989066985749718,0.21424007815417878,2.5043312685227224,2.4203144497479143,0.8346256454940979,2.1069894135696163,2.946030563192963,448.5833333333333,451.0,55.47228355155611,419.49583333333334,478.3333333333333,1.79655372140168,1.7545612510860122,0.17747004396726382,1.7118900231682592,1.9062608601216335,17.5,16.5,4.421024151195574,15.333333333333334,19.916666666666668,0.7846393870016577,0.751821538098679,0.42547058885451056,0.5752883548180487,1.0271995061227999,0.13390899850681212,0.13199309947434948,0.009677024469941798,0.12909854078535235,0.13920938525153928,0.0,0.0,0.0,0.0,0.0,0.0,0.0,0.0,0.0,0.0
0.05,20,12,-39.56999999999973,-31.885000000000304,24.778210644177943,-54.2793437499998,-27.478947916666836,37.77458333333333,37.82,8.983331650221915,33.316864583333334,42.8050625,-77.34458333333306,-70.1150000000003,33.15194265926671,-96.88133333333269,-60.883895833333284,-0.23683507626601683,-0.23725265760965836,0.04777659812909338,-0.26312175387324904,-0.2137700054514802,40.47166666666653,33.87750000000036,24.741338459910768,28.206572916666964,54.852864583333236,0.20565423795781912,0.20696087632117416,0.013111856151940679,0.1987495560088682,0.21288978497226166,2.6078180701065667,2.5536951119602405,0.6877271555676644,2.2370328328441533,2.978629527182701,475.3333333333333,483.5,51.21848624601603,446.99583333333334,501.50625,2.7892412395018824,2.8627280625543006,0.44539967384441875,2.5467202432667255,3.0277783811178685,29.25,29.5,7.840744398797395,25.333333333333332,33.50208333333333,1.5160321291538457,1.1818727820768133,1.1612915228972098,1.0077561710840437,2.193197352621585,0.13622520558448056,0.1351450450380713,0.008012874050333942,0.1318173159348339,0.14060397457331072,0.0,0.0,0.0,0.0,0.0,0.0,0.0,0.0,0.0,0.0
0.1,1,12,1.0950000000000297,1.0850000000000222,0.6531705888830445,0.7223229166666584,1.4229166666667075,6.005833333333334,5.9625,0.8010074149393867,5.567906249999999,6.4588333333333345,-4.910833333333303,-4.639999999999922,0.7693144330959296,-5.3483958333333295,-4.526666666666644,0.22437511161935084,0.24341325764065502,0.12733904256225384,0.15214644849627856,0.2896762229458927,0.38000000000000494,0.259999999999998,0.3165797328837122,0.22998958333334085,0.5651249999999908,0.14855095857836198,0.15007686350209576,0.014608013637427185,0.14017769971628816,0.15605395959182433,2.2626902570807776,2.1356573297894093,0.47385472275663115,2.006864806492374,2.5239600778847118,228.5,240.5,28.330837679750374,212.08125,242.75416666666666,0.18360845641471182,0.17897480451781062,0.028655957917171647,0.16846582681726033,0.19852483347813496,3.4166666666666665,3.0,1.0836246694508316,2.9166666666666665,4.0,0.045818451499446806,0.0450445511072239,0.011213882870095416,0.04039087255253936,0.05214309924769775,0.14896436993248935,0.1463368662537668,0.006672125881202935,0.14543440429964372,0.1525994466143873,0.0,0.0,0.0,0.0,0.0,0.0,0.0,0.0,0.0,0.0
0.1,2,12,-1.0704166666667092,-1.3824999999999719,1.3176847090348283,-1.735125000000077,-0.31971875000013106,10.340416666666668,10.315000000000001,1.629978329935894,9.47865625,11.243666666666668,-11.410833333333377,-11.547500000000015,1.5829429343262735,-12.24710416666674,-10.49333333333337,-0.07154769580132765,-0.08074453022987416,0.07366224220578879,-0.11020385585744012,-0.030460010685979637,2.0441666666666882,1.9025000000000247,0.9434242112773243,1.5316145833333608,2.543802083333328,0.16677619433193613,0.1639359750839616,0.012639847200050049,0.16041424482060812,0.17340034849277983,2.2338084899304054,2.1469942109875917,0.40571145591982144,2.0225767636119407,2.452188309925021,276.8333333333333,267.5,27.672872615395004,262.74791666666664,292.3354166666667,0.33746017955401103,0.3318853171155517,0.05984356738783715,0.3074826238053866,0.36905408340573415,5.25,5.0,0.9653072991634227,4.75,5.75,0.134494831622556,0.11833376727389608,0.0484502556358081,0.11016984955517323,0.16282611644359396,0.14119969828069917,0.13934156741869075,0.0058676537724746515,0.13820720577428955,0.14452610810685834,0.0,0.0,0.0,0.0,0.0,0.0,0.0,0.0,0.0,0.0
0.1,5,12,-11.199583333333436,-10.909999999999975,4.9053627696138955,-13.826906249999983,-8.651645833333683,21.224999999999998,20.68,2.7592489096590302,19.729000000000003,22.781354166666667,-32.42458333333344,-31.564999999999976,7.087770023181758,-36.20873958333335,-28.76543750000025,-0.22463626935187722,-0.23420576169212853,0.06512000517724931,-0.2600359678497128,-0.18958120532066522,11.722916666666782,11.70750000000001,4.81113502877967,9.247322916666938,14.284395833333312,0.17386066226553268,0.17124408242829295,0.01304073368689078,0.1669278019885955,0.18124134198477698,2.7627888894128176,2.9573737654130596,0.6573800063625538,2.4073367624562634,3.110437519327023,330.1666666666667,327.0,34.67205669053273,311.25,348.66875,0.7531132348682306,0.7597741094700261,0.08506097294085149,0.7071296698523023,0.7977863452070663,11.25,10.5,4.025486983527018,9.083333333333334,13.583333333333334,0.42849077831179744,0.4343041402097162,0.11731894089007606,0.36474078978601365,0.48896000607676526,0.13665297682218283,0.13556880998899357,0.007085564041393773,0.13297459634389272,0.14093864296296565,0.0,0.0,0.0,0.0,0.0,0.0,0.0,0.0,0.0,0.0
0.1,10,12,-22.23333333333328,-19.61499999999907,11.414459994660557,-28.92181250000005,-16.986958333333057,27.557916666666667,27.96,4.041564423886405,25.430937500000002,29.670583333333333,-49.791249999999955,-47.86499999999957,15.036704203231025,-58.30507291666699,-42.486114583333176,-0.2647677504962887,-0.25791294337312753,0.05365017670497905,-0.2947876171032203,-0.2371240515109625,22.498750000000015,20.05499999999924,11.31636448306819,17.20622916666637,29.130812500000545,0.1686164319899834,0.16821867610159397,0.011726203506891363,0.1624389826288402,0.17494179538931573,2.7911506620913324,2.78284138844756,0.6339341203107887,2.467877170289463,3.119116316008179,356.8333333333333,356.0,32.78257112700238,340.075,375.2583333333333,1.3449898638864755,1.3527367506516073,0.22321431413887477,1.225955690703736,1.4591116420503907,17.166666666666668,17.5,4.108380201343089,14.997916666666667,19.583333333333332,0.7692186247396751,0.7346301241445138,0.4518811985219273,0.5606894790240848,1.0302930725915695,0.13707222436356795,0.1359047547756095,0.008313853702063369,0.1326512132014223,0.14165904298089294,0.0,0.0,0.0,0.0,0.0,0.0,0.0,0.0,0.0,0.0
0.1,20,12,-43.80749999999975,-42.74500000000083,26.12805923801926,-57.78316666666569,-30.57762499999967,40.04791666666666,40.182500000000005,11.645140121396983,33.779677083333326,46.03365625,-83.85541666666641,-87.76499999999976,36.31069836452724,-102.18892708333323,-64.97532291666668,-0.25537911827978604,-0.2575821961567387,0.033217704372141395,-0.27326990100014836,-0.23648855588307732,44.11874999999981,42.87250000000088,26.06110643756304,30.918124999999655,58.04764583333249,0.18037112880415584,0.18645327736236827,0.017076098376816645,0.1706702343975013,0.18902981642036962,3.3917143141756783,3.2321873159219843,1.3771582906543336,2.6667116481418196,4.092041646024849,417.0833333333333,427.5,48.27658633208014,390.3979166666667,441.1791666666667,2.344121054155807,2.2267593397046044,0.39411145218593036,2.121694902982913,2.5349533014769765,27.583333333333332,26.0,7.525210155124432,23.833333333333332,32.0,1.4783730132685624,1.3336739864926352,0.8736753263083693,1.0458721465658787,1.9600645908139245,0.13750856965959604,0.13564198699861246,0.007475508627880141,0.13389535719713036,0.14198954429394942,0.0,0.0,0.0,0.0,0.0,0.0,0.0,0.0,0.0,0.0
