env,scope,group,horizon,metric,mean,ci_lo,ci_hi,sessions,mean_fills
noise,mm_profile,all,-,E,1.2821935906956543,1.2648496622703256,1.297309805384782,24,352.5416666666667
noise,mm_profile,all,10ms,M,-0.7058533591849306,-0.7419618621505165,-0.6752863051648749,24,352.5416666666667
noise,mm_profile,all,10ms,R,0.5763402315107234,0.5269950864588469,0.6135271828795458,24,352.5416666666667
noise,mm_profile,all,50ms,M,-0.748921798106389,-0.7862099934889588,-0.7179409448791289,24,352.5416666666667
noise,mm_profile,all,50ms,R,0.5332717925892653,0.4826025989159725,0.5723075512499454,24,352.5416666666667
noise,mm_profile,all,100ms,M,-0.7708012454174291,-0.8149074990371282,-0.7348666024179316,24,352.5416666666667
noise,mm_profile,all,100ms,R,0.5113848141873903,0.4529464995341035,0.557104200532813,24,352.5416666666667
noise,mm_profile,all,500ms,M,-0.8372886169966643,-0.9054112282092609,-0.7850258337487999,24,352.5416666666667
noise,mm_profile,all,500ms,R,0.4446928839421029,0.36256808020889475,0.5034212797828558,24,352.5416666666667
noise,mm_profile,all,1s,M,-0.8642345792012273,-0.9381871412800853,-0.8035974554954511,24,352.5416666666667
noise,mm_profile,all,1s,R,0.41727071950730404,0.32880899885100373,0.48580365475012005,24,352.5416666666667
noise,all_profile,all,-,E,0.9347896983323404,0.9234875625319178,0.945870178949636,24,4818.166666666667
noise,all_profile,all,10ms,M,-0.3357579656136365,-0.3571670534959445,-0.3187544694243401,24,4818.166666666667
noise,all_profile,all,10ms,R,0.5990360822274895,0.579979356375254,0.6136827805847992,24,4818.166666666667
noise,all_profile,all,50ms,M,-0.3541415762538256,-0.37469674229277544,-0.3370467647677862,24,4818.166666666667
noise,all_profile,all,50ms,R,0.5807091937818587,0.5618905802657823,0.5960496811985162,24,4818.166666666667
noise,all_profile,all,100ms,M,-0.36754022110789925,-0.3894916342699377,-0.3487887487764615,24,4818.166666666667
noise,all_profile,all,100ms,R,0.5673211764471578,0.5469071871991725,0.5841216736495292,24,4818.166666666667
noise,all_profile,all,500ms,M,-0.40807302506504434,-0.4511331701226815,-0.3790301349598532,24,4818.166666666667
noise,all_profile,all,500ms,R,0.5268231576817546,0.48464530721581633,0.5552041124452225,24,4818.166666666667
noise,all_profile,all,1s,M,-0.4338354969619447,-0.493492533447367,-0.39054296933813415,24,4818.166666666667
noise,all_profile,all,1s,R,0.5009910450878426,0.44221860303758503,0.5421483344648922,24,4818.166666666667
noise,null_random_times,all,10ms,M,0.00024791666666666663,-0.000334375,0.0008333854166666667,24,nan
noise,null_random_times,all,50ms,M,0.0007145833333333332,-0.0005011979166666666,0.0019094531250000006,24,nan
noise,null_random_times,all,100ms,M,-7.291666666666673e-05,-0.001489609375,0.0014148958333333346,24,nan
noise,null_random_times,all,500ms,M,-0.0013239583333333332,-0.004750052083333334,0.001847447916666669,24,nan
noise,null_random_times,all,1s,M,-0.004434375,-0.010623671875,0.0014671875000000017,24,nan
noise,mm_by_inventory,extends_inventory,100ms,E,1.5493854555920847,1.5244380757804141,1.574203144204838,24,98.45833333333333
noise,mm_by_inventory,extends_inventory,100ms,M,-1.2148588905286581,-1.363119163126567,-1.0940475921734651,24,98.45833333333333
noise,mm_by_inventory,extends_inventory,100ms,R,0.3345265650634264,0.1997262819562416,0.4445343093371588,24,98.45833333333333
noise,mm_by_inventory,extends_inventory,1s,E,1.5493854555920847,1.5244380757804141,1.574203144204838,24,98.45833333333333
noise,mm_by_inventory,extends_inventory,1s,M,-1.5658326429294636,-1.819151881038423,-1.3496143689759732,24,98.45833333333333
noise,mm_by_inventory,extends_inventory,1s,R,-0.015968649893725557,-0.2622481146629747,0.1893594259367119,24,98.45833333333333
noise,mm_by_inventory,extends_inventory,500ms,E,1.5493854555920847,1.5244380757804141,1.574203144204838,24,98.45833333333333
noise,mm_by_inventory,extends_inventory,500ms,M,-1.4478190299675868,-1.6538981013230682,-1.2755260036981808,24,98.45833333333333
noise,mm_by_inventory,extends_inventory,500ms,R,0.10246224144129872,-0.09352931011994264,0.2647318631148807,24,98.45833333333333
noise,mm_by_inventory,from_flat,100ms,E,1.4952254352447027,1.4556395551337387,1.5305638255979206,24,30.791666666666668
noise,mm_by_inventory,from_flat,100ms,M,-0.9543848201611751,-1.0462177820487755,-0.8598322134300312,24,30.791666666666668
noise,mm_by_inventory,from_flat,100ms,R,0.5408406150835275,0.45934603228639886,0.6237916001484486,24,30.791666666666668
noise,mm_by_inventory,from_flat,1s,E,1.4952254352447027,1.4556395551337387,1.5305638255979206,24,30.791666666666668
noise,mm_by_inventory,from_flat,1s,M,-1.087894727253279,-1.3169306062957489,-0.8668188008538661,24,30.791666666666668
noise,mm_by_inventory,from_flat,1s,R,0.4086803920914739,0.18233284823556367,0.626221273874366,24,30.791666666666668
noise,mm_by_inventory,from_flat,500ms,E,1.4952254352447027,1.4556395551337387,1.5305638255979206,24,30.791666666666668
noise,mm_by_inventory,from_flat,500ms,M,-1.1293552212643234,-1.3056043257348442,-0.9710762417930603,24,30.791666666666668
noise,mm_by_inventory,from_flat,500ms,R,0.3660758673336857,0.19701779055972438,0.5167651538492527,24,30.791666666666668
noise,mm_by_inventory,reduces_inventory,100ms,E,1.1356025903270475,1.1069335143033232,1.161261716888991,24,223.29166666666666
noise,mm_by_inventory,reduces_inventory,100ms,M,-0.5557158541605696,-0.5854359373649313,-0.5258704904337103,24,223.29166666666666
noise,mm_by_inventory,reduces_inventory,100ms,R,0.5798672683092437,0.5367636204026146,0.6166382079942822,24,223.29166666666666
noise,mm_by_inventory,reduces_inventory,1s,E,1.1356025903270475,1.1069335143033232,1.161261716888991,24,223.29166666666666
noise,mm_by_inventory,reduces_inventory,1s,M,-0.5386100594908106,-0.6067072315826499,-0.4668113755303968,24,223.29166666666666
noise,mm_by_inventory,reduces_inventory,1s,R,0.5959099341514129,0.5137281777424254,0.675442300842671,24,223.29166666666666
noise,mm_by_inventory,reduces_inventory,500ms,E,1.1356025903270475,1.1069335143033232,1.161261716888991,24,223.29166666666666
noise,mm_by_inventory,reduces_inventory,500ms,M,-0.5383214546330589,-0.6017620023607314,-0.4781454793010536,24,223.29166666666666
noise,mm_by_inventory,reduces_inventory,500ms,R,0.5969305637257473,0.5193650840401964,0.6654051423220755,24,223.29166666666666
noise,mm_by_obi,book_leans_against(s*OBI<=-.5),100ms,E,1.4394112830950927,1.4182538237384033,1.4586164093320155,24,124.83333333333333
noise,mm_by_obi,book_leans_against(s*OBI<=-.5),100ms,M,-0.9481418101946963,-1.0148331435267923,-0.8986052379646827,24,124.83333333333333
noise,mm_by_obi,book_leans_against(s*OBI<=-.5),100ms,R,0.4912612652745844,0.4099407986227074,0.5494046378349817,24,124.83333333333333
noise,mm_by_obi,book_leans_against(s*OBI<=-.5),1s,E,1.4394112830950927,1.4182538237384033,1.4586164093320155,24,124.83333333333333
noise,mm_by_obi,book_leans_against(s*OBI<=-.5),1s,M,-1.1385028020594492,-1.235779632173358,-1.0417521925726496,24,124.83333333333333
noise,mm_by_obi,book_leans_against(s*OBI<=-.5),1s,R,0.30069986783853997,0.19306774355691134,0.40369969797455807,24,124.83333333333333
noise,mm_by_obi,book_leans_against(s*OBI<=-.5),500ms,E,1.4394112830950927,1.4182538237384033,1.4586164093320155,24,124.83333333333333
noise,mm_by_obi,book_leans_against(s*OBI<=-.5),500ms,M,-1.078728778119893,-1.1698002765424382,-0.9993204332098734,24,124.83333333333333
noise,mm_by_obi,book_leans_against(s*OBI<=-.5),500ms,R,0.3605210074577087,0.2520797733507141,0.45379843258089725,24,124.83333333333333
noise,mm_by_obi,book_leans_with(s*OBI>=.5),100ms,E,1.0672217871934835,1.0424938585341748,1.0920734937631487,24,43.541666666666664
noise,mm_by_obi,book_leans_with(s*OBI>=.5),100ms,M,-0.5484086619499199,-0.6794538434402339,-0.43352461012628074,24,43.541666666666664
noise,mm_by_obi,book_leans_with(s*OBI>=.5),100ms,R,0.5188131252435636,0.39143510642626045,0.629123392699913,24,43.541666666666664
noise,mm_by_obi,book_leans_with(s*OBI>=.5),1s,E,1.0672217871934835,1.0424938585341748,1.0920734937631487,24,43.541666666666664
noise,mm_by_obi,book_leans_with(s*OBI>=.5),1s,M,-0.6294979906118888,-0.9757667221235989,-0.3701960029694644,24,43.541666666666664
noise,mm_by_obi,book_leans_with(s*OBI>=.5),1s,R,0.43634152887748384,0.09510207918488418,0.6862584936682848,24,43.541666666666664
noise,mm_by_obi,book_leans_with(s*OBI>=.5),500ms,E,1.0672217871934835,1.0424938585341748,1.0920734937631487,24,43.541666666666664
noise,mm_by_obi,book_leans_with(s*OBI>=.5),500ms,M,-0.5588927737536306,-0.8332296973543124,-0.3458280632420304,24,43.541666666666664
noise,mm_by_obi,book_leans_with(s*OBI>=.5),500ms,R,0.5083883286123014,0.23851687803267368,0.7125422450254504,24,43.541666666666664
noise,mm_by_obi,neutral,100ms,E,1.2326042820982062,1.211336574211422,1.2539315289037918,24,184.16666666666666
noise,mm_by_obi,neutral,100ms,M,-0.7059787041200659,-0.7558643748122661,-0.6587900042850771,24,184.16666666666666
noise,mm_by_obi,neutral,100ms,R,0.52662557797814,0.46820522829042155,0.5822599419544064,24,184.16666666666666
noise,mm_by_obi,neutral,1s,E,1.2326042820982062,1.211336574211422,1.2539315289037918,24,184.16666666666666
noise,mm_by_obi,neutral,1s,M,-0.7447848477837056,-0.8009299782157298,-0.6825205116606878,24,184.16666666666666
noise,mm_by_obi,neutral,1s,R,0.48730847047318093,0.425847105145069,0.5555832062804039,24,184.16666666666666
noise,mm_by_obi,neutral,500ms,E,1.2326042820982062,1.211336574211422,1.2539315289037918,24,184.16666666666666
noise,mm_by_obi,neutral,500ms,M,-0.7483886637114857,-0.8010901094606734,-0.6956209371044809,24,184.16666666666666
noise,mm_by_obi,neutral,500ms,R,0.48407513152465625,0.4231139396461977,0.5426174548165441,24,184.16666666666666
noise,mm_by_taker,taker_informed,100ms,E,nan,nan,nan,0,0.0
noise,mm_by_taker,taker_informed,100ms,M,nan,nan,nan,0,0.0
noise,mm_by_taker,taker_informed,100ms,R,nan,nan,nan,0,0.0
noise,mm_by_taker,taker_informed,1s,E,nan,nan,nan,0,0.0
noise,mm_by_taker,taker_informed,1s,M,nan,nan,nan,0,0.0
noise,mm_by_taker,taker_informed,1s,R,nan,nan,nan,0,0.0
noise,mm_by_taker,taker_informed,500ms,E,nan,nan,nan,0,0.0
noise,mm_by_taker,taker_informed,500ms,M,nan,nan,nan,0,0.0
noise,mm_by_taker,taker_informed,500ms,R,nan,nan,nan,0,0.0
noise,mm_by_taker,taker_noise,100ms,E,1.2821935906956543,1.2648496622703256,1.297309805384782,24,352.5416666666667
noise,mm_by_taker,taker_noise,100ms,M,-0.7708012454174291,-0.8149074990371282,-0.7348666024179316,24,352.5416666666667
noise,mm_by_taker,taker_noise,100ms,R,0.5113848141873903,0.4529464995341035,0.557104200532813,24,352.5416666666667
noise,mm_by_taker,taker_noise,1s,E,1.2821935906956543,1.2648496622703256,1.297309805384782,24,352.5416666666667
noise,mm_by_taker,taker_noise,1s,M,-0.8642345792012273,-0.9381871412800853,-0.8035974554954511,24,352.5416666666667
noise,mm_by_taker,taker_noise,1s,R,0.41727071950730404,0.32880899885100373,0.48580365475012005,24,352.5416666666667
noise,mm_by_taker,taker_noise,500ms,E,1.2821935906956543,1.2648496622703256,1.297309805384782,24,352.5416666666667
noise,mm_by_taker,taker_noise,500ms,M,-0.8372886169966643,-0.9054112282092609,-0.7850258337487999,24,352.5416666666667
noise,mm_by_taker,taker_noise,500ms,R,0.4446928839421029,0.36256808020889475,0.5034212797828558,24,352.5416666666667
informed,mm_profile,all,-,E,1.7260723973752963,1.7114293904948912,1.7424586941821651,24,628.9583333333334
informed,mm_profile,all,10ms,M,-1.348544604337838,-1.416850306373275,-1.2796421190290972,24,628.9583333333334
informed,mm_profile,all,10ms,R,0.37752779303745854,0.3012077437394158,0.45427657876100946,24,628.9583333333334
informed,mm_profile,all,50ms,M,-1.4258515777991079,-1.4980599177276697,-1.3565144295858989,24,628.9583333333334
informed,mm_profile,all,50ms,R,0.3001819761792863,0.2204346732825477,0.3803370726358583,24,628.9583333333334
informed,mm_profile,all,100ms,M,-1.4914581186241758,-1.574158598033591,-1.4107687377679134,24,628.9583333333334
informed,mm_profile,all,100ms,R,0.23446554600797662,0.14668834106646111,0.32427722436890766,24,628.9583333333334
informed,mm_profile,all,500ms,M,-1.634544711373728,-1.73113305389797,-1.5363188914388382,24,628.9583333333334
informed,mm_profile,all,500ms,R,0.09077923702494313,-0.012963336702726005,0.19921801230409847,24,628.9583333333334
informed,mm_profile,all,1s,M,-1.643031790756801,-1.726964935027434,-1.556242004270199,24,628.9583333333334
informed,mm_profile,all,1s,R,0.08154803041128945,-0.01057934425593542,0.17715869599185308,24,628.9583333333334
informed,all_profile,all,-,E,1.36212613394597,1.3414748193224608,1.381490002636523,24,7195.875
informed,all_profile,all,10ms,M,-0.635408898247407,-0.6682556844103571,-0.6012086903339208,24,7195.875
informed,all_profile,all,10ms,R,0.7267246230510587,0.7076287861116253,0.7477887036906694,24,7195.875
informed,all_profile,all,50ms,M,-0.6917598484923694,-0.7300079131112438,-0.6518357052141454,24,7195.875
informed,all_profile,all,50ms,R,0.6704246198697912,0.6434250772907655,0.6982077040990046,24,7195.875
informed,all_profile,all,100ms,M,-0.7393295547548369,-0.7815177569468142,-0.6958765986730588,24,7195.875
informed,all_profile,all,100ms,R,0.6228029180603207,0.5895685533103571,0.6566676995978701,24,7195.875
informed,all_profile,all,500ms,M,-0.9725105550075049,-1.0382701489563828,-0.9085547835017628,24,7195.875
informed,all_profile,all,500ms,R,0.3896909929098311,0.33257012749029136,0.44537271381702215,24,7195.875
informed,all_profile,all,1s,M,-1.1101280262693045,-1.1780551166179836,-1.0439757307884645,24,7195.875
informed,all_profile,all,1s,R,0.2518812984348912,0.18983237861475166,0.31201646415847184,24,7195.875
informed,null_random_times,all,10ms,M,0.0009739583333333333,-0.0002188020833333333,0.002333463541666667,24,nan
informed,null_random_times,all,50ms,M,0.0004937499999999998,-0.0020116145833333336,0.0028741145833333344,24,nan
informed,null_random_times,all,100ms,M,-0.0009802083333333334,-0.004616901041666665,0.0027973177083333352,24,nan
informed,null_random_times,all,500ms,M,3.854166666666705e-05,-0.00668859375,0.0067315364583333355,24,nan
informed,null_random_times,all,1s,M,0.00043229166666666703,-0.009889140624999999,0.011466848958333335,24,nan
informed,mm_by_inventory,extends_inventory,100ms,E,2.219624225704391,2.114075775722586,2.3228178468980536,24,191.83333333333334
informed,mm_by_inventory,extends_inventory,100ms,M,-1.9953808222869072,-2.1107264961791627,-1.8830199521131814,24,191.83333333333334
informed,mm_by_inventory,extends_inventory,100ms,R,0.22432786857594889,0.14157514693297144,0.3119514233551349,24,191.83333333333334
informed,mm_by_inventory,extends_inventory,1s,E,2.219624225704391,2.114075775722586,2.3228178468980536,24,191.83333333333334
informed,mm_by_inventory,extends_inventory,1s,M,-2.1246113819130854,-2.3364143426959396,-1.9025779008160661,24,191.83333333333334
informed,mm_by_inventory,extends_inventory,1s,R,0.09468723774557614,-0.11235463195914516,0.3150557013998034,24,191.83333333333334
informed,mm_by_inventory,extends_inventory,500ms,E,2.219624225704391,2.114075775722586,2.3228178468980536,24,191.83333333333334
informed,mm_by_inventory,extends_inventory,500ms,M,-2.2132603241985334,-2.3817666393635957,-2.04684021957898,24,191.83333333333334
informed,mm_by_inventory,extends_inventory,500ms,R,0.006724418235054101,-0.14587813868752153,0.15468410348339123,24,191.83333333333334
informed,mm_by_inventory,from_flat,100ms,E,1.9354655221394246,1.8345425875514,2.034722675611206,24,44.125
informed,mm_by_inventory,from_flat,100ms,M,-1.779881716706716,-1.9560111712264836,-1.6097662000068467,24,44.125
informed,mm_by_inventory,from_flat,100ms,R,0.15515236115360775,-0.06485751883248025,0.35427043750813936,24,44.125
informed,mm_by_inventory,from_flat,1s,E,1.9354655221394246,1.8345425875514,2.034722675611206,24,44.125
informed,mm_by_inventory,from_flat,1s,M,-1.5303080495319474,-1.8799256138518896,-1.148732294674904,24,44.125
informed,mm_by_inventory,from_flat,1s,R,0.40331723202284825,0.044402651819053354,0.7724683052431158,24,44.125
informed,mm_by_inventory,from_flat,500ms,E,1.9354655221394246,1.8345425875514,2.034722675611206,24,44.125
informed,mm_by_inventory,from_flat,500ms,M,-1.6894759284934502,-2.0344367054097825,-1.3469258186808732,24,44.125
informed,mm_by_inventory,from_flat,500ms,R,0.24441468718390916,-0.13376294012280254,0.6196752172658458,24,44.125
informed,mm_by_inventory,reduces_inventory,100ms,E,1.4940950880210717,1.4645157317132087,1.5269234914974614,24,393.0
informed,mm_by_inventory,reduces_inventory,100ms,M,-1.2453587556491716,-1.3503261048649022,-1.144599201196072,24,393.0
informed,mm_by_inventory,reduces_inventory,100ms,R,0.24867159209410625,0.1400317786474808,0.35599275519396073,24,393.0
informed,mm_by_inventory,reduces_inventory,1s,E,1.4940950880210717,1.4645157317132087,1.5269234914974614,24,393.0
informed,mm_by_inventory,reduces_inventory,1s,M,-1.4609775175628732,-1.645971017676787,-1.292598986650987,24,393.0
informed,mm_by_inventory,reduces_inventory,1s,R,0.03195101181375168,-0.15126651216938466,0.2032933608844736,24,393.0
informed,mm_by_inventory,reduces_inventory,500ms,E,1.4940950880210717,1.4645157317132087,1.5269234914974614,24,393.0
informed,mm_by_inventory,reduces_inventory,500ms,M,-1.3694317344960538,-1.5108049503370267,-1.2382697688434916,24,393.0
informed,mm_by_inventory,reduces_inventory,500ms,R,0.12392137701527599,-0.022865133834652596,0.2665818672912336,24,393.0
informed,mm_by_obi,book_leans_against(s*OBI<=-.5),100ms,E,1.9147744471915604,1.8799669995479695,1.9500583745080775,24,188.25
informed,mm_by_obi,book_leans_against(s*OBI<=-.5),100ms,M,-1.7526753353986468,-1.8309081592141696,-1.6746307685401085,24,188.25
informed,mm_by_obi,book_leans_against(s*OBI<=-.5),100ms,R,0.16209911179291392,0.07742027389904829,0.2466203127280257,24,188.25
informed,mm_by_obi,book_leans_against(s*OBI<=-.5),1s,E,1.9147744471915604,1.8799669995479695,1.9500583745080775,24,188.25
informed,mm_by_obi,book_leans_against(s*OBI<=-.5),1s,M,-1.9907484695997235,-2.1202480670579855,-1.8568769045645281,24,188.25
informed,mm_by_obi,book_leans_against(s*OBI<=-.5),1s,R,-0.07797222863464497,-0.21070274221433177,0.05442085671729922,24,188.25
informed,mm_by_obi,book_leans_against(s*OBI<=-.5),500ms,E,1.9147744471915604,1.8799669995479695,1.9500583745080775,24,188.25
informed,mm_by_obi,book_leans_against(s*OBI<=-.5),500ms,M,-1.9971004596708788,-2.1225823978466547,-1.8815307898680578,24,188.25
informed,mm_by_obi,book_leans_against(s*OBI<=-.5),500ms,R,-0.08294691181181198,-0.21692623082923992,0.04199709079738536,24,188.25
informed,mm_by_obi,book_leans_with(s*OBI>=.5),100ms,E,1.4512285034764798,1.408853560333135,1.495289706359362,24,75.0
informed,mm_by_obi,book_leans_with(s*OBI>=.5),100ms,M,-0.9616930690706381,-1.0970060518703235,-0.8221701997117039,24,75.0
informed,mm_by_obi,book_leans_with(s*OBI>=.5),100ms,R,0.48954433550194815,0.348894182301473,0.644708300655199,24,75.0
informed,mm_by_obi,book_leans_with(s*OBI>=.5),1s,E,1.4512285034764798,1.408853560333135,1.495289706359362,24,75.0
informed,mm_by_obi,book_leans_with(s*OBI>=.5),1s,M,-1.0450122395774166,-1.272441109810197,-0.8144661424957648,24,75.0
informed,mm_by_obi,book_leans_with(s*OBI>=.5),1s,R,0.4042220318349212,0.16929472923683705,0.6409758462469963,24,75.0
informed,mm_by_obi,book_leans_with(s*OBI>=.5),500ms,E,1.4512285034764798,1.408853560333135,1.495289706359362,24,75.0
informed,mm_by_obi,book_leans_with(s*OBI>=.5),500ms,M,-1.0312091814665216,-1.22728097748225,-0.8318656883205826,24,75.0
informed,mm_by_obi,book_leans_with(s*OBI>=.5),500ms,R,0.41944922339023627,0.22015253719045091,0.6254732780934988,24,75.0
informed,mm_by_obi,neutral,100ms,E,1.6865036931894508,1.6664863670248986,1.7071654411101138,24,365.7083333333333
informed,mm_by_obi,neutral,100ms,M,-1.4672384882100953,-1.5796454401787041,-1.3602829958182843,24,365.7083333333333
informed,mm_by_obi,neutral,100ms,R,0.2189653534951186,0.10871713194778333,0.3257880797498469,24,365.7083333333333
informed,mm_by_obi,neutral,1s,E,1.6865036931894508,1.6664863670248986,1.7071654411101138,24,365.7083333333333
informed,mm_by_obi,neutral,1s,M,-1.5868635722158622,-1.7114023560689502,-1.4589951042313276,24,365.7083333333333
informed,mm_by_obi,neutral,1s,R,0.09856324160222163,-0.025423695132133623,0.22728251257526755,24,365.7083333333333
informed,mm_by_obi,neutral,500ms,E,1.6865036931894508,1.6664863670248986,1.7071654411101138,24,365.7083333333333
informed,mm_by_obi,neutral,500ms,M,-1.5803532416689041,-1.7292126980715228,-1.4428617562492831,24,365.7083333333333
informed,mm_by_obi,neutral,500ms,R,0.10535402294504308,-0.045098026528926076,0.24551186444409331,24,365.7083333333333
informed,mm_by_taker,taker_informed,100ms,E,1.763132675594066,1.742576344496711,1.783726680819511,24,214.95833333333334
informed,mm_by_taker,taker_informed,100ms,M,-1.9365442050298656,-2.0549673055803486,-1.8239932131983485,24,214.95833333333334
informed,mm_by_taker,taker_informed,100ms,R,-0.17370564385078935,-0.3027877267294961,-0.04985360264453939,24,214.95833333333334
informed,mm_by_taker,taker_informed,1s,E,1.763132675594066,1.742576344496711,1.783726680819511,24,214.95833333333334
informed,mm_by_taker,taker_informed,1s,M,-3.3504093078816553,-3.5467078065337447,-3.1611434205400166,24,214.95833333333334
informed,mm_by_taker,taker_informed,1s,R,-1.5876232048844232,-1.7907992450462304,-1.3869812121050928,24,214.95833333333334
informed,mm_by_taker,taker_informed,500ms,E,1.763132675594066,1.742576344496711,1.783726680819511,24,214.95833333333334
informed,mm_by_taker,taker_informed,500ms,M,-2.9580169850098392,-3.1401305284329393,-2.7730178078790773,24,214.95833333333334
informed,mm_by_taker,taker_informed,500ms,R,-1.1959661961131378,-1.385155557713248,-0.9977005783641504,24,214.95833333333334
informed,mm_by_taker,taker_noise,100ms,E,1.7071029789574197,1.6867006895169674,1.728789304563178,24,414.0
informed,mm_by_taker,taker_noise,100ms,M,-1.264709125601851,-1.3342871977128272,-1.1940410352253081,24,414.0
informed,mm_by_taker,taker_noise,100ms,R,0.4423440782093841,0.36745121268713893,0.5197816124212162,24,414.0
informed,mm_by_taker,taker_noise,1s,E,1.7071029789574197,1.6867006895169674,1.728789304563178,24,414.0
informed,mm_by_taker,taker_noise,1s,M,-0.7722810647771349,-0.8491638253189079,-0.6913285666202718,24,414.0
informed,mm_by_taker,taker_noise,1s,R,0.9327803655693728,0.8549302311368393,1.0137918990853234,24,414.0
informed,mm_by_taker,taker_noise,500ms,E,1.7071029789574197,1.6867006895169674,1.728789304563178,24,414.0
informed,mm_by_taker,taker_noise,500ms,M,-0.9602735856194261,-1.0437348788314826,-0.8860469233898852,24,414.0
informed,mm_by_taker,taker_noise,500ms,R,0.746256707588744,0.667865659055019,0.8193135866166658,24,414.0
