gamma,latency_ms,n,pnl_net_mean,pnl_net_median,pnl_net_std,pnl_net_ci_lo,pnl_net_ci_hi,pnl_edge_mean,pnl_edge_median,pnl_edge_std,pnl_edge_ci_lo,pnl_edge_ci_hi,pnl_inventory_mean,pnl_inventory_median,pnl_inventory_std,pnl_inventory_ci_lo,pnl_inventory_ci_hi,sharpe_1s_mean,sharpe_1s_median,sharpe_1s_std,sharpe_1s_ci_lo,sharpe_1s_ci_hi,max_drawdown_mean,max_drawdown_median,max_drawdown_std,max_drawdown_ci_lo,max_drawdown_ci_hi,fill_rate_orders_mean,fill_rate_orders_median,fill_rate_orders_std,fill_rate_orders_ci_lo,fill_rate_orders_ci_hi,adverse_cost_500ms_mean,adverse_cost_500ms_median,adverse_cost_500ms_std,adverse_cost_500ms_ci_lo,adverse_cost_500ms_ci_hi,n_fills_mean,n_fills_median,n_fills_std,n_fills_ci_lo,n_fills_ci_hi,inv_abs_mean_mean,inv_abs_mean_median,inv_abs_mean_std,inv_abs_mean_ci_lo,inv_abs_mean_ci_hi,inv_max_abs_mean,inv_max_abs_median,inv_max_abs_std,inv_max_abs_ci_lo,inv_max_abs_ci_hi,pnl_vol_1s_mean,pnl_vol_1s_median,pnl_vol_1s_std,pnl_vol_1s_ci_lo,pnl_vol_1s_ci_hi,quote_lifetime_mean_s_mean,quote_lifetime_mean_s_median,quote_lifetime_mean_s_std,quote_lifetime_mean_s_ci_lo,quote_lifetime_mean_s_ci_hi,killed_mean,killed_median,killed_std,killed_ci_lo,killed_ci_hi,diverged_mean,diverged_median,diverged_std,diverged_ci_lo,diverged_ci_hi
0.0,0.0,12,3.4170833333338635,5.985000000002628,12.539238315697581,-3.5025312499973205,9.662791666667301,27.663333333333338,27.275,3.6742255419793346,25.742125,29.698072916666668,-24.246249999999474,-22.67250000000213,12.252890776724222,-31.248447916666475,-18.29396874999939,0.04452543467150686,0.05493705461033095,0.10238789951366023,-0.011475660810670755,0.09656881463924609,12.096249999999594,10.28249999999963,5.525574887819642,9.462885416666682,15.259583333332058,0.25321434016075,0.2473804724983445,0.019332478154964944,0.24328139748888955,0.26384605243270604,1.1789882985193556,1.147839767899923,0.1664178349002599,1.0885672144723246,1.2643221771661688,392.75,391.5,50.18171525022382,365.1645833333333,419.25625,25.457211120764555,25.736316246741964,3.321835704993421,23.764614103677957,27.100767448595423,50.0,50.0,0.0,50.0,50.0,0.9993612465762598,0.9409726189254979,0.2178682842403543,0.8879651975793834,1.114362539092197,0.16683589727991466,0.1634860289551916,0.010806245851032233,0.16150294159864614,0.17322410399016525,0.0,0.0,0.0,0.0,0.0,0.0,0.0,0.0,0.0,0.0
0.0,1.0,12,5.565833333333941,8.467499999997472,11.218151248054443,-0.655729166665311,11.400281249999392,27.51166666666667,27.8375,2.830890747493168,25.96991666666667,28.955583333333333,-21.94583333333273,-20.485000000001314,11.30237220340159,-28.34720833333296,-16.16117708333396,0.06386696340644624,0.07212711482386668,0.10527573464259209,0.00935562932757368,0.12055813681882946,11.554166666666026,11.41499999999769,4.686741372954908,9.251989583332376,14.393354166665778,0.25585130009864715,0.2542625783400691,0.015088190607914241,0.24782484504517965,0.2642334710907982,1.1188278575473978,1.1119942518255912,0.11769502402112836,1.047617072366408,1.176205644230486,388.9166666666667,389.0,36.62949217460838,368.98541666666665,408.8395833333333,25.075514045757313,25.131624674196352,4.683666303856678,22.440486533449175,27.497987257457286,50.0,50.0,0.0,50.0,50.0,0.9560572981483059,0.9503599377876776,0.21316220044971715,0.8434314432603814,1.0713858261042841,0.16814238550740365,0.16538480551016246,0.009393240999868012,0.1634353101159198,0.17360091865833924,0.0,0.0,0.0,0.0,0.0,0.0,0.0,0.0,0.0,0.0
0.0,5.0,12,3.3558333333336114,3.1300000000007344,8.643013687716028,-1.1901145833321212,7.813281250000535,26.242499999999996,27.21,3.768479015585611,24.10288541666667,28.248687500000003,-22.88666666666639,-23.32500000000138,9.776335605878078,-27.93417708333201,-17.992687500000514,0.04288630613692043,0.02885747669300799,0.08829160745906628,-0.0007401876926906101,0.08865617053826949,11.461249999999666,9.89250000000061,5.740327883016542,9.041104166667148,15.149333333332821,0.24415937583254374,0.24329117945361792,0.019759918325217743,0.2330511582721676,0.25475994500286087,1.2258232630390442,1.2201592992719095,0.17100628826646425,1.1253629092655002,1.3071795761394416,376.0833333333333,383.0,49.40640064042739,348.82291666666663,402.5854166666667,25.498189979727773,25.5112945264987,3.774155878593844,23.62132565884738,27.609162322618012,50.083333333333336,50.0,0.2886751345948129,50.0,50.25,0.9518334117355488,0.9349421562038136,0.16194465628440644,0.8678635442623314,1.0391860857051507,0.1689123311111859,0.1633269216936212,0.011885711643975642,0.16295515901469723,0.1757874564230708,0.0,0.0,0.0,0.0,0.0,0.0,0.0,0.0,0.0,0.0
0.0,10.0,12,0.3941666666666019,1.9300000000005184,9.129871758866745,-4.616145833333797,5.141114583334373,24.704166666666666,24.432499999999997,3.2350950761167985,22.89113541666667,26.417385416666672,-24.310000000000063,-23.452499999998192,10.358106399426264,-29.85156250000112,-18.51187499999975,0.02012221317139642,0.016152280042455995,0.09803607744674982,-0.029595667895886635,0.0766297887568629,13.84958333333328,14.735000000000355,5.778847580275389,10.792031250000246,16.995833333333096,0.2386714954878105,0.2341265017173732,0.01564797872459406,0.23035948696147898,0.24750707522632906,1.1737169591936676,1.177581652302695,0.14376111312736964,1.100114032002643,1.2486453398886008,359.5833333333333,349.5,46.48647571329133,333.99791666666664,385.5,25.002823631624675,23.512163336229364,4.069633116998528,22.87572219808862,27.22164603243556,50.166666666666664,50.0,0.5773502691896257,50.0,50.5,0.9447835181378639,0.9747994151005919,0.21974865502493704,0.8197262782807704,1.054393385755722,0.17271302591809698,0.17270801021902304,0.012478297156531587,0.16671626355717858,0.17973949233202874,0.0,0.0,0.0,0.0,0.0,0.0,0.0,0.0,0.0,0.0
0.0,25.0,12,1.4379166666665337,-0.27000000000066393,7.627019094321739,-2.487291666666564,5.375562499999444,23.533333333333335,23.5975,2.750534934197787,21.938625,24.999770833333333,-22.095416666666797,-22.4850000000013,6.95030360956618,-25.678322916666843,-18.345104166667024,0.022207972751302794,-0.0017322577186943055,0.07713453906184728,-0.017873315464098122,0.06258016032989192,13.11791666666671,12.11499999999944,4.6075612057960065,10.908625000000107,15.990718750000216,0.23306552242945466,0.23038941750056502,0.015282528780931597,0.22486215163154405,0.2411076913656622,1.2017154461612687,1.1828510414409954,0.18569728937013064,1.103712666374835,1.3050139658641908,362.6666666666667,362.0,36.765431721890195,342.49583333333334,382.17083333333335,25.769475818129166,26.8627280625543,4.391883856437531,23.389909136982332,27.937349768317404,51.666666666666664,51.0,1.5569978883230462,50.916666666666664,52.50208333333333,0.9610752414599388,0.9555404074979059,0.18798697391097283,0.8564300114156985,1.0597520242210625,0.1686535092701168,0.1660465213569468,0.008341797401999643,0.16447500313994012,0.17346303819037304,0.0,0.0,0.0,0.0,0.0,0.0,0.0,0.0,0.0,0.0
0.0,50.0,12,-3.7887500000007037,-1.4475000000044247,7.834363443712121,-8.104593750001015,0.28162500000066004,20.912499999999998,20.8175,2.1332130056027525,19.747843749999998,22.06667708333333,-24.7012500000007,-24.010000000002698,8.227135568293868,-29.23012500000006,-20.28419791666867,-0.024151914116790654,-0.011049860760279551,0.059721831091864616,-0.05731298294448872,0.007585390281873303,14.959166666667045,14.135000000001469,4.249292900178954,12.819656250000053,17.406229166665312,0.21906548404424223,0.2185010071226342,0.01086182105771965,0.2137211032946558,0.22478977470922595,1.2191535812346237,1.1781005560887112,0.16815134457855097,1.132486840047006,1.316492070945742,337.9166666666667,330.0,31.69301136996877,321.575,354.91875,27.932160440196927,27.099044309296264,3.9187024990847337,25.808119750941216,30.047608963220384,53.416666666666664,53.5,2.3532698077098573,52.25,54.75,1.062931845800009,1.0421684777771347,0.2541489105909488,0.926431226436265,1.1988480146839113,0.16697204990908654,0.16549901667273031,0.009081872554800046,0.1622677155405337,0.17201092644580793,0.0,0.0,0.0,0.0,0.0,0.0,0.0,0.0,0.0,0.0
0.005,0.0,12,2.929583333333474,2.9599999999996953,4.038506957648126,0.6894583333334166,4.802218750000403,27.419583333333335,27.5075,3.297480069781478,25.526958333333337,29.098177083333333,-24.489999999999863,-24.089999999999634,5.2467851628838,-27.464166666666458,-21.83846874999948,0.11600905382661225,0.09856578711606903,0.11406382370297456,0.05759388696267082,0.17588379609921928,3.2991666666665957,2.4200000000000728,2.323676390915564,2.2495104166665714,4.590177083333611,0.23995036153582508,0.24090070040586312,0.014185874124229553,0.2319239160400941,0.2473030883862105,1.5441363709513674,1.5560855364515929,0.20111981004737364,1.4353909162698495,1.6574328014036308,406.5833333333333,409.0,54.34813425472577,375.1645833333333,434.4395833333333,3.7734578627280624,3.762380538662033,0.5602760528467069,3.4669073993628725,4.075532145960034,21.083333333333332,19.5,4.399552318822974,18.75,23.416666666666668,0.2953840108197168,0.26637743886929743,0.1158612323762969,0.24773532913236568,0.361816047716918,0.1515104383688564,0.14736083601241695,0.011916884729563655,0.14570135802624473,0.15886104296701248,0.0,0.0,0.0,0.0,0.0,0.0,0.0,0.0,0.0,0.0
0.005,1.0,12,4.235416666666759,4.779999999999546,4.573175969386181,1.59013541666668,6.5326875000003835,28.139166666666668,27.932499999999997,3.279688755557962,26.284041666666663,29.85948958333333,-23.903749999999906,-24.15000000000015,4.5510703661088305,-26.34145833333332,-21.350947916666357,0.17481976035660618,0.13966076143677159,0.17678284983308293,0.08237923974068818,0.27245051154135314,2.9174999999999827,2.1949999999999363,2.460810564908243,1.7158020833333552,4.409281250000044,0.24162765229904234,0.24196172779219732,0.014603495740453028,0.23313214438271,0.2494263052336547,1.4910686394482902,1.505560606979948,0.20868487110387007,1.3881491466511744,1.6205145250353834,416.0833333333333,414.5,51.678126783764014,387.56874999999997,443.42291666666665,3.6794816101940335,3.6602953953084274,0.35207088906659595,3.486826672458732,3.8691120040544456,21.583333333333332,21.0,3.8954129979043848,19.58125,23.585416666666664,0.28905204386162003,0.2620080726095739,0.10930040072781366,0.23614310026087829,0.3513550590673674,0.14823217552561974,0.14476340048433725,0.010893619399405297,0.1427376720042583,0.15460948665964455,0.0,0.0,0.0,0.0,0.0,0.0,0.0,0.0,0.0,0.0
0.005,5.0,12,2.825416666666771,3.1200000000009283,3.8867773858262087,0.8066562499998716,4.9200937500003254,26.174166666666668,25.43,2.976482696476538,24.614604166666673,27.782020833333334,-23.348749999999896,-23.235000000000134,3.8817575242758258,-25.439708333333034,-21.323635416666505,0.1218235363975579,0.10729703343056923,0.13883642706998162,0.05205984126918026,0.199043285975871,3.6379166666665674,2.837499999999693,2.415799753077646,2.4303854166665517,5.017083333333371,0.23199456802221072,0.23063011814826037,0.012373178747235604,0.2255026853040209,0.2387475767957779,1.5037199633490248,1.483518962475575,0.2553434238207583,1.369426914681041,1.6303753229156102,403.1666666666667,397.5,46.208683429009575,377.99583333333334,429.5020833333333,3.931653634520707,4.000868809730669,0.4234421685277352,3.703192875760209,4.151647118447727,24.833333333333332,24.0,6.3365223231292385,21.664583333333333,28.333333333333332,0.3062223965897532,0.28186398844122557,0.1498352038558512,0.24095117019077014,0.39458058202519464,0.15109947748970234,0.15133889162433845,0.010949875882815959,0.14515278965776154,0.15735045545866247,0.0,0.0,0.0,0.0,0.0,0.0,0.0,0.0,0.0,0.0
0.005,10.0,12,4.6195833333333445,4.66999999999895,3.2046631210937084,2.893989583333337,6.275468750000376,25.546666666666667,25.7775,3.247250818582987,23.685052083333336,27.27379166666667,-20.927083333333325,-21.317499999999562,4.846128941711812,-23.531291666666636,-18.098312499999775,0.17491207587364488,0.15915361695092828,0.13151580587413567,0.10893566476827589,0.24482206842193438,2.4750000000001244,2.142500000000382,1.2420895151462383,1.8073645833334682,3.145135416666767,0.22575237223991632,0.23000572042966783,0.014857486607464152,0.21714527006604553,0.23380355751678478,1.3437897186089895,1.3012631361571292,0.2213048135781508,1.222731455948998,1.4657725376669475,387.0833333333333,385.5,51.2754740828814,358.07916666666665,413.5125,4.450984651028092,4.388357949609036,0.3635731074971996,4.241672096727484,4.651987402258905,24.583333333333332,24.5,3.941811612428832,22.5,26.833333333333332,0.2678308901006378,0.26523062358368676,0.06675718559612802,0.2310959761716264,0.3052344040881492,0.15577413102226126,0.15373814120725832,0.011522884505774059,0.1499310707259639,0.16242828819681235,0.0,0.0,0.0,0.0,0.0,0.0,0.0,0.0,0.0,0.0
0.005,25.0,12,4.251250000000359,4.507500000000064,2.0274660909619615,3.150604166666806,5.297458333333689,24.355416666666667,24.8075,2.776635028831361,22.719270833333336,25.83216666666666,-20.10416666666631,-20.0374999999999,2.8375372110763504,-21.607354166666347,-18.458031249999426,0.13932834052781484,0.1614779772183874,0.06991887917207892,0.0999411240331326,0.17509364092765628,2.5808333333333118,2.360000000000298,0.9539435692602453,2.1378437500002168,3.123812499999795,0.223594529940517,0.22050692215747358,0.011797456998049925,0.21691280036303928,0.22998160887920524,1.2108210720349815,1.2008084555446654,0.13327282373494254,1.1387854748714525,1.2780099405281533,395.4166666666667,390.5,40.236704937686234,373.49791666666664,416.91875,5.102374746597161,5.126411815812338,0.5233434673250769,4.816020489429484,5.375669707500725,27.25,27.5,4.712169930567599,24.833333333333332,30.0,0.27916536376212425,0.2734306784565582,0.05246392448694362,0.25266292249938743,0.3087726522608847,0.15394080897989137,0.1519699232912522,0.009580855983992222,0.14915447162626086,0.15977877958414716,0.0,0.0,0.0,0.0,0.0,0.0,0.0,0.0,0.0,0.0
0.005,50.0,12,1.0083333333334228,0.5250000000002757,2.85382863514743,-0.4680937499998602,2.51170833333332,21.792083333333334,21.494999999999997,2.468304956049922,20.506031250000003,23.20895833333333,-20.78374999999991,-21.36249999999967,3.706746383285337,-22.682739583333195,-18.74529166666681,0.04468709078926366,0.012552580165485255,0.08833854505250437,0.00017301511866841366,0.09565937124951217,4.080833333333321,3.550000000000068,2.0846776874630906,2.995833333333363,5.128145833333285,0.21033480539444746,0.2100665662873838,0.012068032196144952,0.2041824778365255,0.21702111318209646,1.261662655519004,1.2641358662485422,0.16121862297862857,1.1679036456282355,1.3441857405343889,375.0,374.0,45.03130224430759,351.4125,399.75,5.879163046626122,5.992615117289313,0.6010145581190938,5.553690631335071,6.175658847379092,30.833333333333332,30.0,5.9974742158426135,27.75,34.333333333333336,0.3288465080855291,0.29565178799142594,0.11909288579331152,0.2691081143259197,0.3966966317691547,0.15301538434345788,0.15297568022120328,0.010006833967129833,0.14774191452968727,0.15869706732917452,0.0,0.0,0.0,0.0,0.0,0.0,0.0,0.0,0.0,0.0
0.01,0.0,12,-3.8845833333333935,-2.0700000000003342,10.121053093413412,-10.036093750000022,0.8899374999999432,26.605,27.1575,3.342284874426203,24.67036458333334,28.36758333333333,-30.489583333333396,-28.802500000000336,12.239326232631582,-37.777083333333174,-24.454010416666694,0.010933436758606313,-0.04989683115384479,0.17501754580099024,-0.07800749238326814,0.10637315013652957,7.625416666666745,3.8200000000005048,9.07612438772798,3.533041666666598,12.978187499999981,0.23483120673675636,0.23523500309214596,0.013265972678281517,0.2273341692326533,0.24210014771533142,1.905773406296433,1.7767309923658874,0.6156369843023829,1.6252121329540272,2.2861862038449874,424.5,428.5,54.87920619622037,393.48333333333335,454.16875,2.316101940341732,2.339270199826238,0.21357971918861027,2.2003801042571673,2.428837242977121,18.833333333333332,17.0,5.4578272955342575,16.24791666666667,21.835416666666664,0.44097995696839193,0.32570591508906854,0.4060370713850149,0.26367949776237753,0.6819008431859921,0.14014821098417443,0.14102747625348383,0.012754815284073849,0.13327056064910442,0.1474710321852111,0.0,0.0,0.0,0.0,0.0,0.0,0.0,0.0,0.0,0.0
0.01,1.0,12,-1.7658333333331295,-2.524999999999153,4.2671162464368875,-3.82782291666641,0.7567812500002874,27.060416666666672,26.8475,1.7771944927754857,26.141083333333338,28.002052083333332,-28.8262499999998,-29.077499999999155,5.4474773665515315,-31.46592708333315,-25.828447916666306,-0.011746724715996387,-0.06324788189894574,0.1498177095519038,-0.08159006593228736,0.07628032965409753,5.532083333333124,5.317499999999448,3.149732642574084,3.9060833333329903,7.287937499999911,0.2368931288161119,0.2346064469482056,0.007361261311865623,0.23305665530340178,0.24107039609800038,1.9300751416026294,2.030027207528898,0.3833731045300013,1.712761418187797,2.1305530574905585,429.9166666666667,425.5,32.452646154423874,414.07916666666665,447.16875,2.3026353895163623,2.304517810599479,0.23181472155899502,2.1769982623805393,2.422371850564726,16.083333333333332,15.5,2.9063670960444234,14.666666666666666,17.666666666666668,0.3325619969623012,0.3372330466124715,0.13393864556608417,0.27038659423029227,0.40783075695479837,0.1386025979247829,0.13947693846327436,0.00619079683085269,0.13501407627332315,0.14169874503885088,0.0,0.0,0.0,0.0,0.0,0.0,0.0,0.0,0.0,0.0
0.01,5.0,12,2.365000000000142,1.42999999999968,3.646938940586445,0.537125000000079,4.282729166667083,25.795833333333334,26.177500000000002,2.7280636100732814,24.141437500000002,27.19532291666666,-23.430833333333194,-22.184999999999448,4.130683320828649,-25.745864583333198,-21.397708333333167,0.11593861653563005,0.053446919493148705,0.1520257913251662,0.043184851892136625,0.19800135641356253,2.545833333333325,2.4449999999998795,1.455929620759936,1.803531250000049,3.3721249999999854,0.2304012534498876,0.23220667621460836,0.01144820088086549,0.22374890571565317,0.23604841688827044,1.564909855030031,1.5382456102858821,0.3261276028887223,1.4040967079602262,1.7612428265656888,410.1666666666667,414.5,39.72366671103886,388.06874999999997,431.25,2.704097885896322,2.6976542137271937,0.3119675796148663,2.542549956559513,2.873463292788879,20.166666666666668,19.0,5.149286505444373,17.666666666666668,23.25,0.2372431685645191,0.22511894918460762,0.08434837190641183,0.201693316209103,0.29064509692381757,0.14508965128042328,0.14359153655805257,0.01009254467181742,0.13980602792081515,0.15068938945895308,0.0,0.0,0.0,0.0,0.0,0.0,0.0,0.0,0.0,0.0
0.01,10.0,12,2.211666666666788,2.1425000000004175,2.3185647336749793,0.9605208333337353,3.3634375000001366,25.303750000000004,25.3975,2.868513334464388,23.642062499999994,26.83608333333333,-23.09208333333321,-24.112499999999873,3.4578208181751,-24.767916666666576,-20.982531249999898,0.09649196420169369,0.0839704474286926,0.10388167491831861,0.04591761203907733,0.1598395995530462,2.742499999999923,2.6824999999999477,1.5265997570356915,1.9380208333332707,3.5428749999998237,0.2237170623754474,0.22568162976420097,0.013406098953742614,0.21612724594901703,0.2306988789023322,1.5442369712949997,1.5573008361077703,0.1924306153807534,1.4380570878680075,1.6338103482347042,411.5833333333333,417.0,48.1766792571097,383.2375,436.18333333333334,2.7135099913119034,2.748045178105995,0.34747751151679834,2.5201165653055315,2.8993140023168262,19.75,20.0,4.494946657586211,17.333333333333332,22.25,0.24714951987022385,0.2443818876755815,0.07642608792682329,0.20778771587349235,0.29032237932010474,0.1434958542548224,0.14163498327956725,0.010073989406494639,0.13827415966036455,0.14899216585099165,0.0,0.0,0.0,0.0,0.0,0.0,0.0,0.0,0.0,0.0
0.01,25.0,12,3.0474999999999937,3.0025000000004525,2.433581815873047,1.5691458333333037,4.1574791666668505,23.46375,23.265,2.8971083741928227,21.857687499999997,25.06720833333333,-20.416250000000005,-20.60500000000028,4.359636205110954,-23.09143750000034,-18.236885416666567,0.1300514596925983,0.12020866180380801,0.09316642124525043,0.0771184534312571,0.17408778607344322,2.5012500000002333,2.3100000000003433,1.2486522279499508,1.917177083333396,3.275750000000198,0.2173323278077455,0.21809716759659825,0.01008235218863275,0.2116470697732292,0.22268271285487784,1.3387574478041113,1.3110391806694266,0.174448009649064,1.2472259126849394,1.437538743843166,401.25,406.5,41.948290679229004,377.49791666666664,423.75416666666666,3.464161598609905,3.454821894005213,0.2947639626684122,3.321642412395019,3.631382131479873,20.666666666666668,19.5,4.228331571528878,18.49791666666667,23.25208333333333,0.2354860868410986,0.2106319527676263,0.06579900613303473,0.2050414007610566,0.2774253007864904,0.14739791035763752,0.1456105112338007,0.010273743990409548,0.14219741283910145,0.1537688220981435,0.0,0.0,0.0,0.0,0.0,0.0,0.0,0.0,0.0,0.0
0.01,50.0,12,2.615000000000246,3.075000000000017,3.194192172735448,0.7375104166670673,4.120927083333644,22.142083333333336,22.135,2.3142458602134632,20.816479166666667,23.37472916666667,-19.527083333333092,-19.57999999999824,3.255693934082664,-21.28506249999971,-17.72921875000008,0.10968317822240746,0.11688070955253152,0.11766246391127168,0.04487837116984941,0.17075502494302527,2.8029166666666967,2.3125000000002274,1.7144631525685492,1.9787395833333083,3.7795937500000005,0.20772596071037963,0.20593110797139014,0.012142911068034615,0.20104757884314423,0.21460661221623714,1.1948764222786212,1.1587798234348434,0.1975132096764166,1.1072102834569104,1.31666779325444,386.3333333333333,382.0,36.47996544389645,366.24583333333334,405.25,4.140023168259485,4.174196350999131,0.4089628582591744,3.9031892557196644,4.355489791485664,23.916666666666668,24.0,4.481443219916251,21.664583333333333,26.333333333333332,0.2468107396104213,0.23703295713205047,0.05424786324605354,0.21709845958123306,0.2750317021622143,0.1469476085113763,0.1474718578668858,0.008983275536361851,0.14247165231439948,0.15206490801679548,0.0,0.0,0.0,0.0,0.0,0.0,0.0,0.0,0.0,0.0
0.02,0.0,12,-6.251249999999954,-3.999999999999659,5.738458822636235,-9.400906250000123,-3.292177083333217,23.82041666666667,23.902500000000003,2.5406866093577336,22.291927083333334,25.134697916666667,-30.07166666666662,-29.44999999999972,7.046670501131463,-33.88837499999999,-26.483781249999883,-0.1534545913743089,-0.13224931379418028,0.09386428455331405,-0.20477746260553395,-0.10246971088601067,7.28708333333331,5.209999999999702,5.276443558760806,4.533416666666594,10.117927083333306,0.22378261229514743,0.22552435134175236,0.011496396222569219,0.21709324911243807,0.22988256196103368,2.0250478568332126,1.9060417270356418,0.36015473177986806,1.8487330887545501,2.228995544617049,415.5,426.0,45.71552352220295,389.65833333333336,439.42291666666665,1.5278019113814076,1.5052128583840139,0.18409878591806267,1.4356610194034174,1.622518462206777,14.916666666666666,15.0,2.539088359425425,13.664583333333333,16.166666666666668,0.3081563550603405,0.21366431756145327,0.18747311561338817,0.21445680583765095,0.4097234042859944,0.13694279567281872,0.13623451721146554,0.008076041655939687,0.13273023534248776,0.14141381326344477,0.0,0.0,0.0,0.0,0.0,0.0,0.0,0.0,0.0,0.0
0.02,1.0,12,-7.789583333333287,-7.212500000000013,5.419009242863941,-10.667677083333276,-4.9069479166663985,25.09,24.6675,3.1538252387162538,23.352437500000004,26.780218749999996,-32.87958333333329,-33.034999999999656,7.582057306063216,-37.04761458333328,-28.638583333333347,-0.20362030929667105,-0.20742944824797727,0.11286225074659614,-0.261345960331586,-0.1409488398438666,8.628333333333293,7.569999999999979,5.006936703366263,6.10070833333321,11.36222916666675,0.23005206280816612,0.2284648494835706,0.009352249188788603,0.22516128346428876,0.23529226804769635,2.005405066093593,1.9311907440896356,0.35103356303474187,1.8302014246097909,2.201636850823471,450.0833333333333,458.0,50.85354789327224,421.49583333333334,477.0083333333333,1.5871705763104549,1.5799304952215465,0.14302213322586024,1.5136819432377642,1.6629850854329566,14.833333333333334,14.0,3.2427074359478554,13.164583333333333,16.66875,0.3049880782933238,0.2873176381440138,0.17805581567095974,0.22649150547491836,0.40888332759185325,0.13038849063238905,0.1259435723084964,0.00923102450380745,0.12558763681337068,0.13539915259068888,0.0,0.0,0.0,0.0,0.0,0.0,0.0,0.0,0.0,0.0
0.02,5.0,12,-1.1566666666664271,-1.967500000000122,3.2767183787033463,-2.824614583332932,0.7764999999999894,24.584166666666665,23.7425,3.5249834514977985,22.572395833333335,26.455989583333334,-25.74083333333309,-25.827499999999844,5.8501817506080975,-28.932781249999646,-22.19916666666664,-0.029005810774757005,-0.07860043911106726,0.13461713380905413,-0.0953284334806987,0.05167772563295743,3.5054166666664344,3.124999999999865,2.141305313814128,2.3232395833331867,4.640197916666238,0.22659926735077832,0.22545822167750335,0.014508536776041518,0.21855428956920814,0.2348765069426538,1.6633011030434304,1.596294130069571,0.26329608184381015,1.5260757329632115,1.7974471987075653,433.25,414.0,60.55669770028445,401.07916666666665,468.16875,1.8470894874022588,1.8509991311902692,0.11889512619812515,1.7848754706052705,1.9116203301476973,14.75,13.5,3.333712099692528,13.083333333333334,16.416666666666668,0.2265759197778182,0.21193922706934976,0.07401697860925904,0.18856697524674143,0.2661312051682358,0.13487052532857494,0.13555181994706422,0.011451795231240444,0.128649060248559,0.14140869155583616,0.0,0.0,0.0,0.0,0.0,0.0,0.0,0.0,0.0,0.0
0.02,10.0,12,-2.6283333333336216,-2.7650000000000716,5.462972606280292,-5.615604166666959,0.31597916666635817,23.622083333333332,23.415,2.9087411040871376,21.953166666666668,25.274625000000004,-26.250416666666954,-27.11250000000007,7.244433116141072,-30.41656250000022,-22.165468750000308,-0.016374556602079673,-0.09520655228312706,0.17775767424264072,-0.09786298935743534,0.08824024484846238,5.5220833333334935,3.775000000000027,4.987438064474556,3.057875000000099,8.334458333333531,0.21656711688530375,0.2158081176130201,0.011237908577294743,0.21007473707474314,0.2224769971451494,1.6774954675247045,1.8102340292265957,0.3417321498679199,1.4851174289223528,1.841871800747818,419.5,415.5,50.97682182753613,389.98125,446.34166666666664,1.9968143643208804,2.078192875760209,0.19098094839929913,1.8918114682884448,2.0927001882421084,17.0,16.0,4.6122366887148445,14.666666666666666,19.5,0.3131267137124979,0.22359660265728104,0.22344058816635676,0.2038453235690132,0.4399964591261652,0.1373293342234241,0.13479215317108256,0.011110275548979,0.13222208401404684,0.14438349573992248,0.0,0.0,0.0,0.0,0.0,0.0,0.0,0.0,0.0,0.0
0.02,25.0,12,1.1579166666665632,1.4050000000000011,3.1725430424285928,-0.5184062500002314,2.774843750000276,23.527916666666666,23.8525,3.1197912651135473,21.970677083333335,25.16028125,-22.370000000000104,-22.955000000000112,4.3125071804948965,-24.463822916667,-19.76633333333328,0.07284261421940978,0.07615234309970959,0.11313409579659124,0.015868144691858696,0.13622777653565563,2.8737500000000025,2.512499999999818,1.7714158756614469,2.0012395833334162,3.85435416666664,0.2143309848139545,0.21178786712683556,0.013534521667994627,0.20768778711200306,0.22171676922465464,1.4575841209534055,1.4647775496623332,0.24033117984941135,1.3182235513804197,1.5822763098283454,416.5833333333333,417.5,43.75231595601713,393.1645833333333,439.8458333333333,2.5863017665797856,2.5347523892267594,0.1558864125817406,2.503744931943238,2.6746470460469163,19.083333333333332,17.5,4.358029857908759,16.833333333333332,21.41875,0.25179882877334187,0.20252138008938533,0.12319462140204772,0.19273328035550868,0.3187654783478864,0.1383383277132881,0.13749890044990323,0.007600692797709965,0.13467193166532818,0.14298850133726404,0.0,0.0,0.0,0.0,0.0,0.0,0.0,0.0,0.0,0.0
0.02,50.0,12,2.7929166666667755,3.3749999999998863,2.210124902201728,1.5799479166669972,3.926364583333308,21.936666666666667,21.8325,2.7689564274234613,20.40159375,23.428822916666665,-19.14374999999989,-18.784999999999577,3.1274227880881,-20.85739583333298,-17.481125000000034,0.11372344403532965,0.14125652320242482,0.08724583561397124,0.06835518806625052,0.15834952307883782,2.6554166666666768,1.9850000000002979,1.5379213514782053,1.905385416666735,3.5316770833331854,0.2052881415470109,0.2056509312384367,0.009257780746902004,0.20045402003401794,0.21070195698005084,1.2425292821952292,1.2786134453781512,0.2179890886071701,1.1323119112390543,1.3621067040257735,401.25,396.0,40.671913471762615,379.8145833333333,423.0833333333333,3.30053576600058,3.2762814943527365,0.2821098079820961,3.1611461048363747,3.453705111497249,22.25,22.5,3.7203372281164366,20.333333333333332,24.166666666666668,0.23604098005336585,0.216050188026079,0.07240790991181904,0.20287766367067803,0.27820405122808517,0.1379142311933818,0.13492886317847208,0.00843221202395197,0.1335804968422666,0.14260698178548678,0.0,0.0,0.0,0.0,0.0,0.0,0.0,0.0,0.0,0.0
0.05,0.0,12,-11.937499999999886,-10.492499999999367,4.28549217498031,-14.396083333333111,-9.772520833333308,22.83791666666667,21.802500000000002,3.299210276258501,21.01370833333333,24.80392708333333,-34.77541666666655,-32.94499999999937,7.217662193389036,-38.94668749999979,-30.96893749999993,-0.25457199034774497,-0.2519192138606768,0.055492101287507783,-0.2842090875983235,-0.2238632941248857,12.370833333333254,10.924999999999805,4.381749771564501,10.161187500000025,14.862812499999828,0.19912630569550185,0.2002970723977943,0.018484350926052506,0.18876536763361476,0.20878262930540603,2.540984006660166,2.4963432679968114,0.622281705661351,2.224542533680853,2.8833828577112994,389.3333333333333,391.0,58.88869830348424,355.74583333333334,419.1770833333333,0.9968867651317695,0.9882710686359687,0.17474544287269178,0.9031747755574863,1.08884122502172,12.083333333333334,12.5,2.9987371079213063,10.416666666666666,13.666666666666666,0.42200086531058356,0.4481339751998343,0.14517909944159024,0.339164082387945,0.5004192226409335,0.1328069671313634,0.13344223138135747,0.007758382526932379,0.1290344517651963,0.13725044028440106,0.0,0.0,0.0,0.0,0.0,0.0,0.0,0.0,0.0,0.0
0.05,1.0,12,-14.134166666666587,-10.354999999999961,7.163690273408965,-18.00119791666666,-10.54162499999998,23.892916666666665,24.3675,2.6976887905401656,22.37638541666667,25.323,-38.02708333333325,-35.45749999999997,8.947160153401041,-42.9517395833334,-33.54378125000004,-0.2526667107678713,-0.24510963711700245,0.046918480988808645,-0.2796226313940875,-0.23113507070015563,14.675416666666573,10.829999999999984,7.048101761961871,11.12866666666654,18.503177083333313,0.2064326871384433,0.20450128114493732,0.016700850690074386,0.19703141843404198,0.2149884592209276,2.657874581538596,2.4592126681459487,0.7615224439047427,2.280893336825083,3.115651852231941,411.5,407.5,59.67563839777349,377.8270833333333,443.50625,1.1055603822762816,1.080364900086881,0.18350816417809138,1.008595786272806,1.2038806834636546,12.75,11.0,4.882715339942427,10.5,15.5,0.49459755227756136,0.3498059254253082,0.26743307989215764,0.360515359885225,0.6473786479108168,0.13016278988016755,0.13024283513078194,0.008647320293447617,0.12563910391153946,0.13524867772615579,0.0,0.0,0.0,0.0,0.0,0.0,0.0,0.0,0.0,0.0
0.05,5.0,12,-6.985000000000096,-5.612499999999841,5.1627446012931095,-9.778583333333287,-4.268406250000073,21.63416666666667,22.2625,3.156018660888871,19.76997916666667,23.230239583333333,-28.619166666666757,-29.8825000000001,7.025453021087953,-32.13339583333351,-24.709437500000135,-0.20446824834965416,-0.20566014867831406,0.1245278724252708,-0.27256641929336123,-0.13492711889246198,7.6437500000000815,6.437499999999758,4.811345079837074,5.13939583333341,10.364489583333379,0.20424741171039465,0.2031955007642111,0.01383761616949819,0.19669228133658112,0.21184253491990798,2.007119813356071,1.8669494100318729,0.5836933822369811,1.6929593913512069,2.315790739376414,401.75,398.5,46.64396092645961,377.25,428.5875,1.2435563278308714,1.239357080799305,0.13792988290814137,1.1709039241239503,1.313064726324935,11.0,10.0,2.449489742783178,9.75,12.416666666666666,0.28752882609205,0.2625000343853683,0.13996044617963418,0.21743805926618634,0.3618441527271454,0.13304005314618164,0.13284775969253437,0.008493385744097515,0.12850970574833367,0.13779695115475482,0.0,0.0,0.0,0.0,0.0,0.0,0.0,0.0,0.0,0.0
0.05,10.0,12,-4.012916666666807,-4.0849999999996385,3.903681513143846,-6.17666666666685,-1.9484895833336298,22.977500000000003,21.2275,5.0904208166819656,20.552447916666665,25.905177083333335,-26.990416666666803,-25.21250000000031,7.664452615909026,-31.297218750000127,-23.65498958333351,-0.12836542329299985,-0.1543948516674612,0.10811227270136975,-0.17934433930526725,-0.06546111686144383,5.8462500000000714,5.710000000000136,3.540713285226838,4.063708333333435,7.836125000000194,0.20474057921813424,0.20875215053161517,0.014274544430244989,0.19618196675692695,0.21148397743939715,1.8523259412883197,1.863882151348621,0.45648644506614855,1.605505475218985,2.0768537020195077,411.75,418.5,42.9505529650085,386.24583333333334,432.0020833333333,1.3994352736750653,1.4231103388357949,0.18976433466134654,1.2961537069215177,1.4914096437880104,12.666666666666666,12.5,2.6400183654090306,11.333333333333334,14.166666666666666,0.26714722598715884,0.2279877438484295,0.13694493640607788,0.19943963539302284,0.34506269485701885,0.1325903453877565,0.13157358416483042,0.00885438544772203,0.12781804633310262,0.13770400560243287,0.0,0.0,0.0,0.0,0.0,0.0,0.0,0.0,0.0,0.0
0.05,25.0,12,-1.5350000000001351,-1.4950000000005446,3.1646247802858944,-3.1924166666666425,0.22509374999985232,21.8175,21.145,4.037048595649595,19.727781250000003,24.126916666666666,-23.352500000000134,-22.21000000000011,3.4714239284346613,-25.342989583333402,-21.601093750000192,-0.060534891928196805,-0.07182776292097369,0.10026799390249048,-0.11306323185424214,-0.004993183454447321,3.7704166666667973,3.175000000000267,1.66490985059423,2.926177083333612,4.67961458333342,0.2020186016528611,0.20022373890931816,0.011108527150615248,0.19619347242151075,0.20773313318748116,1.7072258925775754,1.7099155840047242,0.26420938208699096,1.5687471903218324,1.8439048679769805,411.1666666666667,411.5,44.94002737656109,388.6666666666667,434.6666666666667,1.911236605849986,1.9079061685490877,0.17925249828833634,1.8126773819866782,2.0056526933101644,14.833333333333334,14.5,3.40676688460784,13.083333333333334,16.75,0.23946802605649453,0.24168291653841362,0.05269165746383649,0.21266118409375737,0.26682883650927686,0.13450524682480902,0.13703276744570597,0.009296391547366495,0.12903409711078254,0.13912754929372867,0.0,0.0,0.0,0.0,0.0,0.0,0.0,0.0,0.0,0.0
0.05,50.0,12,2.1412500000000585,1.8975000000001216,3.276794529164864,0.27373958333336224,3.7080104166667307,21.04458333333334,21.3775,3.386918321970131,19.220770833333336,22.797385416666668,-18.903333333333276,-19.607499999999188,3.097575542650138,-20.41637499999975,-17.137885416666546,0.0702830345644182,0.0758767454953381,0.11418395860786348,0.005508479545866627,0.12752255676048382,2.815833333333309,2.125000000000284,1.6507007235679645,1.9544062500001218,3.738833333333177,0.1906315384702358,0.1902557639659574,0.01102417661477061,0.18431550401550828,0.19615709917878454,1.3555375584981777,1.40026463878327,0.2082961696031301,1.2406876817004397,1.4664867190718949,390.5833333333333,390.0,46.463002551068584,363.07916666666665,414.5854166666667,2.5721836084564145,2.517810599478714,0.18568170045154717,2.4724876918621486,2.6738198667825075,18.083333333333332,17.5,3.91868097783688,16.083333333333332,20.25,0.26377175909984885,0.23519133378449256,0.07668756054147899,0.22794748495470407,0.30997971756421727,0.13278729402190356,0.13224419838606224,0.009047517473196817,0.12822759919532867,0.13831698257902908,0.0,0.0,0.0,0.0,0.0,0.0,0.0,0.0,0.0,0.0
0.1,0.0,12,-12.839583333333358,-14.065000000000055,6.393122888319211,-16.100291666666593,-9.395229166666661,22.35083333333333,22.14,4.317187022573702,20.063375,24.628541666666667,-35.1904166666667,-34.53500000000027,8.81559915416814,-40.10190624999998,-30.587302083333395,-0.21152302171183032,-0.21076616249682797,0.06272454626694807,-0.24358093836536837,-0.17510885802065676,13.335833333333335,14.547500000000099,6.17337348226361,10.038645833333316,16.477124999999916,0.1676007638485372,0.171052692765695,0.012927311800395903,0.16061483734068843,0.17426746113185093,3.0636184484666855,3.1875612541743585,0.6198163228398087,2.711320483639732,3.3937580657991995,326.0,334.0,34.51218493649611,307.575,343.92083333333335,0.7688242108311613,0.7571676802780192,0.1166092364916946,0.7105415580654504,0.8352085143353605,13.0,11.0,3.7416573867739413,11.166666666666666,15.168749999999998,0.5075103552730761,0.5041927049646135,0.21052868497621177,0.39175236674721475,0.6126471835939276,0.13401534125334838,0.13416455199165583,0.005012766575318403,0.13129702610733565,0.13655915850821163,0.0,0.0,0.0,0.0,0.0,0.0,0.0,0.0,0.0,0.0
0.1,1.0,12,-14.240833333333306,-14.775000000000162,6.317780764467581,-17.412854166666577,-10.63231250000013,22.03458333333334,21.295,4.62084086126665,19.664135416666667,24.59265625,-36.275416666666636,-35.88750000000016,10.350084641360622,-41.81339583333309,-30.470177083333468,-0.23007617248105092,-0.24414892223563445,0.06124670616271312,-0.25949389236920484,-0.19590313727469283,14.971666666666719,15.030000000000236,6.195736192713034,11.390687500000155,18.089572916666594,0.15870210410479005,0.16030226804855657,0.016503602900264255,0.1498952501071292,0.1681094844263094,3.6066389859462404,3.7184895987740187,1.1211076615678421,2.977788677038778,4.1874436771436745,305.0833333333333,301.0,39.17433838469755,285.8333333333333,328.0,0.7528960324355634,0.7189400521285838,0.09635242588961895,0.7048924847958298,0.8083297132927888,12.333333333333334,12.0,3.2844906435973886,10.75,14.166666666666666,0.5165035006923921,0.5414698154012452,0.1908574038655575,0.40819142514739537,0.6166886695271288,0.13468238399233068,0.13471038627735746,0.0068889643205415334,0.13085262750411858,0.13857657191297304,0.0,0.0,0.0,0.0,0.0,0.0,0.0,0.0,0.0,0.0
0.1,5.0,12,-7.284166666666511,-5.184999999999846,5.988161743023186,-10.907541666666528,-4.2755208333332115,20.232916666666668,20.03,4.681670961571759,17.7468125,22.719322916666666,-27.517083333333172,-25.177500000000045,9.992621700383285,-33.30657291666654,-22.59703124999978,-0.19049503264235798,-0.18601836912097397,0.07701219807994324,-0.23329202510084918,-0.14806626589894814,8.029166666666557,5.997499999999917,6.025098955556014,5.019114583333376,11.788499999999877,0.16823596994556075,0.16731488367668987,0.015523425728081078,0.15969615355215236,0.1767328762385212,2.417336833061197,2.1602457644087503,0.8438595675257052,1.970419030744608,2.899972355425753,325.8333333333333,318.0,42.98378834637613,302.6666666666667,350.67083333333335,0.9066029539530844,0.9022589052997394,0.15142755672491653,0.8297820735592237,0.9918983492615118,11.833333333333334,10.5,3.0401355631656037,10.333333333333334,13.583333333333334,0.3040828601098737,0.2699489222569849,0.14930923011070504,0.23046368139267814,0.39261401934312185,0.1369253621308017,0.13516394924763162,0.007535966163444571,0.1330269788746171,0.14125980970726923,0.0,0.0,0.0,0.0,0.0,0.0,0.0,0.0,0.0,0.0
0.1,10.0,12,-5.491666666666737,-4.72749999999985,2.102577782945001,-6.616562500000208,-4.4703437499998495,20.214583333333334,19.47,3.3287026262858666,18.659749999999995,22.081041666666668,-25.706250000000068,-24.54749999999977,3.8125833075847315,-27.74753125000017,-23.800968750000006,-0.16359335797982621,-0.16245133177416057,0.056552169878197465,-0.1935429196894239,-0.13450120692117434,6.390416666666689,5.78000000000015,1.9783251161404523,5.425395833333154,7.475489583333352,0.17237778662696335,0.16994470112729015,0.013780293529129189,0.16517599597355576,0.1797508342729187,2.2682142805785337,2.353010901925578,0.34345808703497516,2.085425586250886,2.4477941790686026,343.9166666666667,337.5,36.41792349263137,324.1645833333333,362.925,1.0553866203301479,1.0703735881841876,0.13534286488590425,0.9821097596293078,1.1224460613958878,12.166666666666666,11.0,3.4859023439441263,10.247916666666667,14.166666666666666,0.30824550390842503,0.290617692184293,0.1067532528223233,0.256163941095959,0.3675565392150285,0.13584410005086064,0.13295643241405627,0.006391100085937001,0.13264995282940092,0.13950899670231703,0.0,0.0,0.0,0.0,0.0,0.0,0.0,0.0,0.0,0.0
0.1,25.0,12,-1.5262500000001478,-1.2575000000005545,2.491218326442042,-2.8301250000001743,-0.11077083333337644,20.580833333333334,17.985,4.347970181242013,18.3980625,22.93609375,-22.10708333333348,-21.91000000000039,4.8304975549925775,-24.686385416666855,-19.70027083333343,-0.04494058742651433,-0.04654479534016327,0.08727527344043622,-0.09074982532668298,0.0029812473099976615,3.738333333333447,3.612500000000196,1.9117856162300533,2.7187187500001753,4.727760416666744,0.18332544532726325,0.18347430058555628,0.011562777307930207,0.17762831076389954,0.18948279838823973,1.6784136139471315,1.7114858790595644,0.3585142359540715,1.4947969513367547,1.8810098270520061,374.5,373.5,36.47539643999151,354.16041666666666,393.5125,1.587604981175789,1.5742832319721982,0.13347182538641567,1.5174304952215465,1.6587767883000293,14.25,13.0,3.6711405213193253,12.5,16.25,0.24523996702644443,0.21506618133035046,0.09228032708150392,0.19497647950067343,0.2905724158489257,0.13471109956840122,0.13448690007252367,0.0072392211396651515,0.1308892431588674,0.1387751622557011,0.0,0.0,0.0,0.0,0.0,0.0,0.0,0.0,0.0,0.0
0.1,50.0,12,2.994999999999957,1.8349999999999653,4.157265819130589,0.9877395833329891,5.0288541666667905,21.037083333333335,20.7025,4.411537795338148,18.63698958333333,23.327197916666666,-18.042083333333377,-18.552499999999462,4.083763559586542,-19.91792708333345,-15.629104166666465,0.07471411580039125,0.09212999555926796,0.1158675123482285,0.0157265278427852,0.1323810473000829,2.2479166666666948,2.0749999999999886,1.0825463633433994,1.6987395833332688,2.828864583333353,0.18295196097250202,0.18071772125256275,0.01060785580724391,0.1777903270968898,0.18859405288657236,1.371511957388349,1.3521544174883238,0.25584056625087964,1.2184074642052407,1.5043375856565941,370.0,375.0,28.460498941515414,352.6645833333333,383.7520833333333,2.2187228496959164,2.173761946133797,0.22606456662914942,2.0906856356791197,2.3314762525340287,15.75,17.0,3.8876260575878905,13.666666666666666,17.835416666666664,0.28489328059150587,0.26199135107502347,0.11954877383326079,0.22070434070716766,0.3479911820615329,0.1333493972778013,0.13273687174009519,0.00893444617846864,0.12913513832366405,0.13877348683433519,0.0,0.0,0.0,0.0,0.0,0.0,0.0,0.0,0.0,0.0
