lambda_inv,c_adverse,n,pnl_net_mean,pnl_net_median,pnl_net_std,pnl_net_ci_lo,pnl_net_ci_hi,pnl_edge_mean,pnl_edge_median,pnl_edge_std,pnl_edge_ci_lo,pnl_edge_ci_hi,pnl_inventory_mean,pnl_inventory_median,pnl_inventory_std,pnl_inventory_ci_lo,pnl_inventory_ci_hi,sharpe_1s_mean,sharpe_1s_median,sharpe_1s_std,sharpe_1s_ci_lo,sharpe_1s_ci_hi,max_drawdown_mean,max_drawdown_median,max_drawdown_std,max_drawdown_ci_lo,max_drawdown_ci_hi,fill_rate_orders_mean,fill_rate_orders_median,fill_rate_orders_std,fill_rate_orders_ci_lo,fill_rate_orders_ci_hi,adverse_cost_500ms_mean,adverse_cost_500ms_median,adverse_cost_500ms_std,adverse_cost_500ms_ci_lo,adverse_cost_500ms_ci_hi,n_fills_mean,n_fills_median,n_fills_std,n_fills_ci_lo,n_fills_ci_hi,inv_abs_mean_mean,inv_abs_mean_median,inv_abs_mean_std,inv_abs_mean_ci_lo,inv_abs_mean_ci_hi,inv_max_abs_mean,inv_max_abs_median,inv_max_abs_std,inv_max_abs_ci_lo,inv_max_abs_ci_hi,pnl_vol_1s_mean,pnl_vol_1s_median,pnl_vol_1s_std,pnl_vol_1s_ci_lo,pnl_vol_1s_ci_hi,quote_lifetime_mean_s_mean,quote_lifetime_mean_s_median,quote_lifetime_mean_s_std,quote_lifetime_mean_s_ci_lo,quote_lifetime_mean_s_ci_hi,killed_mean,killed_median,killed_std,killed_ci_lo,killed_ci_hi,diverged_mean,diverged_median,diverged_std,diverged_ci_lo,diverged_ci_hi
0.02,0.0,12,7.984583333333165,8.750000000000483,3.7190024678750695,6.007249999999854,9.93608333333338,20.638333333333332,19.2575,3.0393901401831296,19.096989583333333,22.313822916666666,-12.653750000000167,-11.707499999999778,4.265261435555469,-14.97355208333382,-10.479104166666659,0.17639545114378705,0.18889573258708298,0.08932460547244449,0.1316426252553073,0.222850879542875,3.224166666666657,3.1949999999997942,0.7215539837842652,2.8366666666667477,3.603781249999836,0.3309903787245889,0.33579660040334197,0.017988335551871196,0.321442265294051,0.34050646169212173,1.2235286606551956,1.2541282093168886,0.19685590004682663,1.1152477309280466,1.325516348525556,225.16666666666666,216.0,24.57579494074804,211.58125,239.08541666666667,9.537648421662322,9.8627280625543,1.1856431870184456,8.896718433246454,10.151066101940344,29.583333333333332,30.0,2.7122058561364044,27.914583333333333,30.91875,0.40365736309595396,0.422278612225137,0.04712126150300831,0.37751632920389483,0.42641782327764166,0.40123109941931645,0.39288264283025753,0.035338104186055735,0.38150536023434917,0.42129450667558305,0.0,0.0,0.0,0.0,0.0,0.0,0.0,0.0,0.0,0.0
0.02,0.5,12,5.276249999999732,7.28499999999984,6.328914212851535,1.8010416666661726,8.446437499999385,19.368333333333332,19.33,2.6159869798582482,18.041197916666665,20.86944791666667,-14.0920833333336,-11.905000000000634,6.178705902435164,-17.54468750000023,-10.944854166666964,0.1366397309626706,0.16143450377022756,0.13243679660345758,0.06485081063613897,0.2094025804547679,5.063750000000056,3.962500000000091,3.78764146150451,3.143697916666868,7.153729166666626,0.27936831819235985,0.2795730706075534,0.019394743754094133,0.26952298128579666,0.28896959997232635,1.199797575691792,1.2070698676070997,0.23456760073258062,1.0801142876781737,1.3282959176639362,194.0,189.5,22.22611077089287,182.83333333333334,206.66666666666666,10.015928178395598,10.393136403127716,2.257182343814034,8.772954677092386,11.222475021720243,30.083333333333332,30.5,4.888917584856095,27.333333333333332,32.50208333333333,0.4518368071363599,0.4187519929644822,0.13944024067228428,0.38108161851158373,0.5271651600468764,0.38235930784651573,0.3874581344052386,0.028078561200271576,0.36595476154456147,0.39632087408711,0.0,0.0,0.0,0.0,0.0,0.0,0.0,0.0,0.0,0.0
0.02,1.0,12,6.680833333333472,4.435000000000173,6.940386363797277,2.9219687500002807,10.715385416666619,18.38041666666667,18.01,3.2531840754540586,16.741770833333337,20.2634375,-11.699583333333194,-12.16749999999966,7.008445054598772,-15.325562499999526,-7.790656250000006,0.1283779307826382,0.08047131203532627,0.137784344620119,0.0543646691383013,0.2089562584679082,5.547083333333252,5.282499999999601,2.985929471807134,4.002906249999871,7.144083333333411,0.2366263974286653,0.23202537593984962,0.035101235577669955,0.21802377236534148,0.2554013862613469,1.3928531083806523,1.2810699681962745,0.44547604253837525,1.1540762395726505,1.6503215551237094,176.16666666666666,171.5,30.85105960559343,161.32291666666669,194.08541666666667,11.728496959165943,11.920503909643788,2.2835175453335754,10.384681798436143,12.858116130900665,32.916666666666664,32.0,4.851585182997283,30.333333333333332,35.416666666666664,0.4984173139129313,0.4700222309225025,0.1109483536096394,0.4415909069437641,0.5610593297083252,0.3604216028063943,0.3561088033470744,0.03480416079911783,0.34088090943178895,0.37991151037533305,0.0,0.0,0.0,0.0,0.0,0.0,0.0,0.0,0.0,0.0
0.02,1.5,12,4.90875000000014,4.6925000000003365,5.533703808562651,2.0403645833335085,8.140249999999632,16.290833333333335,16.225,2.998680644226825,14.795916666666667,17.90207291666667,-11.382083333333194,-11.380000000000498,6.808339958639687,-14.969020833332433,-7.648989583333934,0.0799108718691899,0.07401393947812011,0.08473620007417118,0.03549974695566064,0.12746096354768247,6.635416666666434,6.487500000000182,2.116004444845141,5.503947916666791,7.736541666666312,0.1919738216810062,0.19319065067732621,0.026223211322366866,0.1783504504982206,0.2062632337026516,1.3520441428759657,1.2542496587865208,0.5005642431505213,1.1033985370548651,1.6133721518259847,149.0,144.0,27.987009973784755,134.83333333333334,164.83541666666667,13.416015059368666,12.510425716768028,2.0042716493878916,12.413117216912829,14.600481465392411,35.0,35.0,5.799686511904211,31.916666666666668,38.08541666666667,0.5891494638038376,0.564388813083605,0.11739347072036917,0.5305248199804248,0.6514310883498396,0.34182789757375565,0.34167729010921694,0.031545188582949364,0.3249846870903655,0.3587762923902201,0.0,0.0,0.0,0.0,0.0,0.0,0.0,0.0,0.0,0.0
0.02,2.0,12,6.6829166666667055,5.899999999999949,7.555282456164344,3.0682708333329174,11.199354166666538,16.55875,15.245000000000001,4.4279921188441,14.417375000000002,19.138375,-9.875833333333295,-9.235000000000152,6.963244682987682,-13.403781250000153,-6.040135416666189,0.12074891811010886,0.10105380662393497,0.13951830604783616,0.053640644330695875,0.20600163716857006,7.115000000000042,5.8474999999994,4.594838507400937,4.6081354166664115,9.59407291666699,0.1754563308190055,0.17776500960933833,0.03070949743566619,0.15965835250790653,0.19184205085346986,1.629654136814226,1.5861182682691166,0.45147936639341535,1.4014077169203907,1.8710474725004458,138.75,128.0,34.60983832800883,122.57708333333333,159.16666666666666,14.442658557775848,14.296698523023458,4.21402006282835,12.234413915435852,16.82188857515204,34.5,33.0,5.977229519373731,31.416666666666668,37.918749999999996,0.6161615678545801,0.5268694461947395,0.20017210672752903,0.5059929968624535,0.7306055304135707,0.33494838088726864,0.3273301825236163,0.032581354388998146,0.3177393196873344,0.3518705306927103,0.0,0.0,0.0,0.0,0.0,0.0,0.0,0.0,0.0,0.0
0.05,0.0,12,8.779166666666558,8.989999999999327,2.5484673052757714,7.5160833333331265,10.209187500000034,21.54375,21.2275,2.7785461576155255,20.22591666666667,23.1435625,-12.764583333333443,-13.040000000000012,3.076624078384914,-14.336291666666703,-11.121697916666967,0.2522547797569171,0.23511695866450955,0.11466859542624687,0.1961737146214128,0.31379559710570737,2.622916666666574,2.689999999999941,0.885195043564601,2.1628229166666046,3.1042187499998666,0.33322317157996206,0.33151246484579816,0.01845216472749506,0.32402087909895566,0.3438343574017823,1.2209974445841714,1.2249678338388015,0.24250150679617707,1.0932273117746505,1.3453489434081878,228.83333333333334,224.5,25.69695182961071,216.66458333333333,243.25833333333333,6.72089487402259,6.855777584708949,1.0428851992189438,6.1284661888213146,7.279309658268173,24.916666666666668,25.0,3.6793856535947396,22.83125,26.916666666666668,0.32271824788078546,0.322129647712885,0.05428930983486843,0.295354209090218,0.3514581319788586,0.39326420489480224,0.39861910993185845,0.02959101776287324,0.3761193060254694,0.40991511189000646,0.0,0.0,0.0,0.0,0.0,0.0,0.0,0.0,0.0,0.0
0.05,0.5,12,7.825833333333484,8.042499999999905,3.861025436881122,5.8674062499999735,9.911052083333534,20.26291666666667,18.805,4.025396907778351,18.398489583333337,22.654229166666664,-12.437083333333184,-10.937500000000096,6.130936625142758,-15.982333333333044,-9.488802083333436,0.21617475459183896,0.21137596870206662,0.11888643730615497,0.15475451141045116,0.28167568669539184,2.6783333333333323,2.19000000000014,1.5285054098297017,1.9453541666667697,3.538281249999926,0.2803520927791889,0.27081908929303977,0.024519805320645047,0.26815108792321146,0.293718036042395,1.2815719850685559,1.2842588423798615,0.17079140013172797,1.1953425719125474,1.3751474278567477,199.41666666666666,187.5,37.75148000309713,181.66458333333333,221.00625,7.462930784824788,7.469157254561251,1.250137741515504,6.864226759339704,8.187592311033884,23.333333333333332,23.5,2.902454551623922,21.833333333333332,24.916666666666668,0.33566526855445433,0.3308630206982708,0.06308841673653867,0.3027871645791524,0.36722772565548645,0.38055515387227823,0.39254845048137565,0.032588280205703014,0.36192020901612687,0.3961146656476581,0.0,0.0,0.0,0.0,0.0,0.0,0.0,0.0,0.0,0.0
0.05,1.0,12,6.2845833333337735,6.142500000000382,6.447903978790129,3.0922708333338447,9.85431250000043,18.09625,17.05,3.023105811909335,16.674708333333335,19.841927083333335,-11.811666666666227,-11.292499999999553,7.360615195797669,-15.962843749999562,-8.090927083332884,0.1581885022963238,0.14015950263058116,0.15805630372170526,0.08319476959366466,0.2525051922827479,4.8224999999999865,4.567499999999711,2.929163315227092,3.3194375000001233,6.356708333333203,0.21724537655873724,0.2185148070078441,0.013310218724608809,0.21027506281434663,0.22430613605110594,1.4409548131262964,1.394265356700301,0.2736050247824767,1.3020394509698168,1.5734731377482374,168.25,162.5,21.650635094610966,157.91666666666666,180.75208333333333,9.279467130031856,9.005212858384013,2.399545790848236,8.055035476397336,10.63433789458442,27.333333333333332,27.0,4.618802153517007,24.916666666666668,29.833333333333332,0.43053709379755656,0.40187283477001345,0.11520713656618747,0.371585130690386,0.491354695998184,0.350898204121393,0.3578348304188341,0.02916444928014629,0.3342138018820914,0.36548371055817364,0.0,0.0,0.0,0.0,0.0,0.0,0.0,0.0,0.0,0.0
0.05,1.5,12,4.766250000000397,6.95250000000064,5.303492042127249,1.661635416667414,7.301812500000154,16.42833333333333,16.44,4.286003294728579,14.247781250000001,18.668458333333334,-11.662083333332937,-10.087499999999723,5.034792790867002,-14.297687499999478,-9.13231250000004,0.08918707745874142,0.09922135654348646,0.08785836889612467,0.04097837487811435,0.13327812996611563,6.124583333333125,5.749999999999659,2.6572537586537153,4.736552083333244,7.59349999999964,0.18769134699570922,0.18478817109344928,0.026137115295269544,0.17451104461262215,0.20228060451315122,1.4081762494244394,1.4155881815369906,0.13528733195150638,1.3372863186984125,1.4808800807921014,142.08333333333334,138.5,34.66845129439034,125.24583333333334,161.5,11.177309585867361,10.70894874022589,2.6845144154651464,9.776822690414132,12.648615334491748,32.583333333333336,30.5,5.599648257351581,29.664583333333333,35.666666666666664,0.526731175002049,0.5717913412924168,0.12744332931254607,0.45852309884765124,0.5948914845603096,0.3542521900527822,0.36030618834786676,0.03707183662503478,0.3333949966497622,0.37344250383037675,0.0,0.0,0.0,0.0,0.0,0.0,0.0,0.0,0.0,0.0
0.05,2.0,12,7.531249999999914,8.059999999999036,4.082038887281104,5.048489583333349,9.599260416666892,15.579583333333334,15.15,4.520621165248972,13.400812499999999,18.161458333333336,-8.048333333333423,-8.930000000000765,4.0927154429507535,-10.099041666666652,-5.718906250000801,0.11988544270340047,0.11733453001913235,0.07283875131632765,0.08084940035698993,0.15712886189956904,5.549583333333445,5.304999999999666,2.6857379706462545,4.228093749999949,7.082250000000433,0.16480472607842445,0.16820386510041682,0.0323447186844354,0.1470819747150453,0.1808556473865084,1.4966353105307524,1.396238107999464,0.48591454006167906,1.2490954403498262,1.765331560630222,125.66666666666667,127.5,31.346547825973765,110.07916666666667,143.08958333333334,12.644656820156385,12.658992180712424,4.828416368736474,10.110188604112366,15.334551476976545,30.666666666666668,32.0,5.0512524699475785,27.83125,33.166666666666664,0.5998288014333181,0.546125839897788,0.1830665120152567,0.5088020540341077,0.7100104973475952,0.3463423629363118,0.34507503364327374,0.04420462443428544,0.3215968249989134,0.3699911940045404,0.0,0.0,0.0,0.0,0.0,0.0,0.0,0.0,0.0,0.0
0.1,0.0,12,8.367499999999948,9.44249999999969,3.112390560324751,6.67829166666661,10.01086458333312,21.135833333333334,20.5825,3.867056569944577,19.13078125,23.412572916666665,-12.768333333333382,-12.217500000000152,3.407299205938301,-14.595489583333551,-10.976229166666876,0.25830119824296616,0.2673078968082683,0.11242265487035213,0.1968328162729373,0.3175122433077804,2.4666666666666686,2.0850000000000364,1.2451840560068526,1.883697916666529,3.2033958333333783,0.3241496948657212,0.32327364495595706,0.024783424832591973,0.31089581208500916,0.3387706300274795,1.1940240209379684,1.2219660131010537,0.2141469103263982,1.0756575976704223,1.3030076721269308,233.91666666666666,229.0,36.44038302695946,214.33333333333334,254.83958333333334,5.011366927309587,4.903127715030409,0.7408794766380397,4.612328048074139,5.440120909354185,22.166666666666668,21.5,4.509249752822894,19.75,24.585416666666664,0.2971105285705387,0.2993249721107767,0.05721303487615537,0.2661733122023496,0.32824474617170296,0.37496539585388966,0.3809927460411796,0.028955772171605124,0.35816120246482136,0.39044592904577474,0.0,0.0,0.0,0.0,0.0,0.0,0.0,0.0,0.0,0.0
0.1,0.5,12,8.888333333333254,7.699999999999648,3.1596434877526396,7.347916666666629,10.784822916666634,20.4225,20.365000000000002,2.9609200812032612,18.964927083333333,22.004156249999998,-11.534166666666744,-11.024999999999684,3.3739973819395215,-13.350458333333586,-9.765343750000133,0.28882796359621343,0.2635930409780781,0.13282216273421338,0.22275816674730603,0.36644687994924596,2.2433333333334056,2.365000000000066,1.0568743223928048,1.6968125000000862,2.81815625000005,0.2748761040472503,0.27648969984710714,0.018047822801802137,0.26553084830237494,0.2841151594777853,1.2890994166754368,1.3065721415607987,0.30473438571265477,1.1320745305017073,1.4369821083938898,201.5,204.0,21.71509738742736,190.74791666666667,213.5875,5.401752099623516,5.367940920938315,0.6248424604896601,5.073901317694758,5.72099261511729,21.916666666666668,21.5,2.968266507678524,20.333333333333332,23.41875,0.2838644528504241,0.2886538915924582,0.06388864335039138,0.2513378155713944,0.31871538487414597,0.36934924945514763,0.3746770311982375,0.03637647904005294,0.35006542570036675,0.3886539262948221,0.0,0.0,0.0,0.0,0.0,0.0,0.0,0.0,0.0,0.0
0.1,1.0,12,8.037916666666355,7.6699999999997885,2.8407021045809713,6.700916666666451,9.60099999999968,18.853333333333335,17.8575,3.6051726306752214,17.0334375,20.883052083333332,-10.815416666666978,-9.952500000000516,4.140727570199082,-13.104260416666946,-8.796062500000348,0.23078493862901897,0.24000874977870024,0.09409842957121525,0.18319275107519445,0.2795704581956447,2.582500000000001,2.5100000000000477,1.177911286982094,1.9964270833333457,3.2573020833333715,0.2224698500028374,0.21694644926046114,0.018067832673055007,0.21334033175341835,0.23198124117048796,1.2395539609147777,1.291437442694007,0.2333971437746051,1.1067177446443934,1.3616012471186985,171.08333333333334,160.0,29.5710495197071,156.66458333333333,186.59166666666667,6.447292209672749,6.4404865334491745,1.088379117696464,5.864476542137272,7.006112438459311,21.333333333333332,21.0,3.8924947208076146,19.25,23.583333333333332,0.31836102947924094,0.2971065002678972,0.06396777499585173,0.28615861163639206,0.3532916714655737,0.3475181109029201,0.35566944823629015,0.0272464599751016,0.3331890599667029,0.36155076393396607,0.0,0.0,0.0,0.0,0.0,0.0,0.0,0.0,0.0,0.0
0.1,1.5,12,7.748749999999807,8.19249999999954,3.026143754471464,6.121749999999965,9.274489583332983,17.891666666666666,16.69,4.303930198262415,15.879541666666668,20.4021875,-10.14291666666686,-10.217500000000701,3.5005392171217173,-12.08586458333372,-8.194010416666544,0.1995961671166687,0.19468913548209418,0.08646349774315605,0.15380746091571026,0.2460390704915681,3.510416666666733,3.262500000000273,1.1716915866568705,2.8961979166667318,4.136864583333311,0.18988752438942388,0.18477548581698686,0.027720482161003982,0.17599747219047063,0.2046946596162439,1.5461431640318148,1.5493589973383042,0.36362517859036586,1.3659116239566393,1.7398700802212768,149.75,138.5,39.043390780468386,132.49791666666667,173.25625,7.1569649580075305,7.2558644656820155,0.9663224022917272,6.633414784245582,7.664742615117289,23.916666666666668,24.0,3.058767824804721,22.08125,25.25208333333333,0.3472550518382785,0.32902272846594416,0.06667466611744549,0.3127677559781448,0.382512206026538,0.340442542969359,0.34185175649945004,0.03806481295539328,0.3198996429315693,0.3612202391893341,0.0,0.0,0.0,0.0,0.0,0.0,0.0,0.0,0.0,0.0
0.1,2.0,12,7.258333333333657,7.647500000000349,3.299137857995941,5.5268750000001265,9.019697916666964,17.286250000000003,16.377499999999998,3.392531318941654,15.782197916666671,19.226166666666668,-10.027916666666343,-8.837499999999457,5.0792257187014025,-13.019885416666606,-7.757187499999533,0.16825851880044065,0.15681950115759302,0.10608144906378827,0.11189240682398481,0.2292841853699335,4.087083333333264,4.062499999999943,1.9865553310525412,3.016656250000003,5.209010416666645,0.17134229701417567,0.1602715231033815,0.028356078203052363,0.15661578088561623,0.1872411639512757,1.5504498480914097,1.4075002012396363,0.40315443061089457,1.3292008614937767,1.7652364266577365,139.5,133.5,30.309014560628057,124.75,157.25416666666666,8.307993049522155,8.082971329278887,2.197158720560439,7.124505864465681,9.529829134086304,25.583333333333332,25.0,4.461111425588376,23.166666666666668,28.0,0.42920826527376793,0.4199352755410578,0.1225452623685943,0.36141301935979364,0.49489514562237497,0.32323397209323484,0.32902933667130563,0.024492177974277093,0.30937511964752357,0.3360242039376038,0.0,0.0,0.0,0.0,0.0,0.0,0.0,0.0,0.0,0.0
0.2,0.0,12,9.485833333333355,9.64500000000018,2.0822396523207862,8.374885416666881,10.645427083333221,21.466250000000002,20.57,3.0129101946306154,20.016041666666666,23.09878125,-11.980416666666644,-11.397500000000088,2.8374127606401176,-13.533333333333392,-10.573968750000047,0.35390800102550884,0.35467772080097804,0.09180471872038115,0.30561216017402454,0.40362654647178436,1.3995833333333063,1.2525000000000546,0.4270429951385907,1.18493749999999,1.636322916666674,0.3168738216317591,0.3208738671322857,0.01352975917653176,0.30949636851160556,0.3228888897178271,1.1668385221180948,1.1950392659082694,0.2597396898357183,1.0233406707940447,1.2905133412891356,241.83333333333334,236.5,26.11803046080457,228.58333333333334,256.16875,3.790399652476108,3.8475238922675934,0.32503664026330337,3.6248352881552277,3.9631479872574573,18.416666666666668,17.0,2.7455197664338145,17.0,20.0,0.2376052384641447,0.23931431427785987,0.02942910240158048,0.2225607779191147,0.2542384211487921,0.3605808102233093,0.36635453008698793,0.025181001559622884,0.345631908693757,0.37269752695381725,0.0,0.0,0.0,0.0,0.0,0.0,0.0,0.0,0.0,0.0
0.2,0.5,12,9.712083333333416,9.83500000000059,2.055140404773665,8.648562500000061,10.846197916666963,21.125833333333333,20.395,3.3965482701582723,19.49198958333333,23.06275,-11.413749999999917,-10.889999999999883,2.8043854658211256,-12.786874999999908,-9.839510416666723,0.3363890204579851,0.3433276208299699,0.08665253380978427,0.29001284191054366,0.38389225945417405,1.632083333333237,1.4974999999999454,0.7318452964108423,1.234395833333218,2.0629479166665154,0.27083993574414317,0.26979921918572225,0.014328141338133298,0.26368638716513276,0.27847482421420205,1.2800913778230592,1.2289866714225923,0.17772326589030213,1.1901080332478131,1.3755641098163118,212.33333333333334,204.0,28.11771791248466,199.0,228.17499999999998,4.130249058789459,4.199826238053866,0.47116547354106453,3.879568491167101,4.383673617144512,18.833333333333332,18.5,3.4859023439441255,16.916666666666668,20.75,0.26009625872182557,0.2564831067269931,0.06368206226108847,0.22889579458922293,0.29598540119623507,0.3454931611639233,0.34845595138495145,0.026555594136727735,0.33079687057606477,0.3584659998012882,0.0,0.0,0.0,0.0,0.0,0.0,0.0,0.0,0.0,0.0
0.2,1.0,12,7.5445833333333745,7.339999999999947,3.044138524453314,6.032916666666757,9.21363541666702,17.949166666666667,17.020000000000003,4.05500018682509,16.039989583333337,20.394875,-10.404583333333294,-10.242500000000097,3.611272413840707,-12.499604166666561,-8.665302083333431,0.24821010409546798,0.22490346046944845,0.1261185686898436,0.18983288571424678,0.3193388774217425,2.487083333333364,2.035000000000025,1.370662511232091,1.8441354166667385,3.246864583333336,0.21368878531592747,0.21198219850313904,0.02048980326453138,0.20361427370924384,0.2243391815745281,1.4211742602246462,1.3563760618382381,0.3416480514847509,1.245168226951259,1.6073120953349662,168.58333333333334,171.5,29.438559541505896,153.83125,184.75625,5.307993049522154,5.210686359687228,1.0173703265391187,4.807330582102519,5.855055386620329,20.083333333333332,20.0,2.937479851639476,18.5,21.666666666666668,0.2815191960504619,0.25989137954421004,0.06618746742708351,0.24981444159364133,0.31932745320548606,0.33970976426959804,0.3432800275675115,0.03459350640183267,0.31927776910968214,0.35717857182971,0.0,0.0,0.0,0.0,0.0,0.0,0.0,0.0,0.0,0.0
0.2,1.5,12,7.643333333333385,7.390000000000157,3.4008183061603567,5.819395833333394,9.465822916666625,18.664583333333336,18.19,2.7030037654543895,17.358145833333335,20.2073125,-11.02124999999995,-10.950000000000214,3.455583179962009,-12.957270833333299,-9.25137500000002,0.2215666351984533,0.20657070273924777,0.11615568845024081,0.160900301118384,0.2846340494715017,3.13041666666661,2.509999999999934,2.1144024067993787,2.0732291666666,4.34967708333323,0.19912545348255598,0.19897828863346106,0.015624656688132031,0.19087571319278684,0.20757417595730943,1.5123831279043056,1.5333251193193609,0.29455554088705366,1.347219643145368,1.6552542215211061,162.33333333333334,156.0,21.781281927936252,151.74583333333334,175.41666666666666,5.708803938604112,5.549522154648132,1.1106022553288755,5.144370836953374,6.325794598899509,20.25,21.0,2.958039891549808,18.5,21.75,0.3194232023122614,0.30559788774776897,0.05746134213395853,0.2915176118407483,0.3517356679962901,0.3253489516720078,0.3306604610181348,0.02992582640198241,0.307898623546018,0.34061553528863103,0.0,0.0,0.0,0.0,0.0,0.0,0.0,0.0,0.0,0.0
0.2,2.0,12,6.557083333333334,6.684999999999839,4.357094767228405,4.428072916666464,9.013239583333496,16.11125,14.1225,3.8119257391650603,14.317895833333333,18.414885416666664,-9.554166666666667,-8.160000000000098,4.60740403803469,-12.124166666666623,-7.309416666666544,0.17939748712985845,0.21939808798993227,0.12071216433081954,0.11633976441250207,0.24495840690034312,4.3495833333333325,3.730000000000274,3.5905288660417334,2.6394791666666384,6.434958333333297,0.15636389741056522,0.1567911710192554,0.00936193751927436,0.15150681527685544,0.16141099087063326,1.6874956694504109,1.5135482243933422,0.7917527271425011,1.3241569108616917,2.1499407170889895,123.83333333333333,118.0,18.324515785904925,114.75,134.66875,6.815377932232841,6.762380538662033,1.7905071725124744,5.800222632493483,7.7656584853750354,20.666666666666668,19.0,6.471382223203006,17.4125,24.25,0.3687247323546028,0.37919300771921616,0.11456185706931658,0.30246854949416657,0.42978003043009827,0.3352486548736034,0.33945514577242175,0.030809224560349065,0.316580328509928,0.3501883740487016,0.0,0.0,0.0,0.0,0.0,0.0,0.0,0.0,0.0,0.0
0.4,0.0,12,8.410000000000045,8.747499999999661,2.0295185277657266,7.316187500000142,9.480031249999865,19.96166666666667,19.455,2.348384680170735,18.722343749999997,21.27507291666667,-11.551666666666625,-11.47249999999997,2.466060838788239,-12.81220833333317,-10.277947916666559,0.37654927073392197,0.4133800435621613,0.10489248117060015,0.32131773555436516,0.4304386213212278,1.1545833333333089,0.9750000000000512,0.5733928461888758,0.8749895833333095,1.4821979166666472,0.3063243403305493,0.3088958422278648,0.013684205362605353,0.29846194862139747,0.313620481587161,1.3245575068964037,1.269458580398192,0.3058351235340359,1.1625030190700698,1.487807961909317,240.75,233.5,24.669174729167207,227.75,255.75208333333333,2.777946713003186,2.7484795829713295,0.3229709057315471,2.585957862728063,2.9483184911671008,15.833333333333334,15.0,2.9180732539042804,14.25,17.416666666666668,0.19855248561719518,0.191191035647315,0.029315747105340104,0.18353062219117613,0.21439895697793598,0.3532301736200886,0.3561274354073125,0.031576107648233785,0.3350378834250387,0.37037431043878033,0.0,0.0,0.0,0.0,0.0,0.0,0.0,0.0,0.0,0.0
0.4,0.5,12,8.264166666666705,8.36499999999964,1.9681727027571616,7.2929895833333225,9.301718750000026,20.447083333333335,20.847500000000004,3.110973582142394,18.82552083333334,22.124427083333334,-12.18291666666663,-10.877499999999715,3.1427784886605337,-13.85261458333341,-10.695812499999997,0.3236392636392685,0.3210554564179272,0.07488078502905805,0.2871431874543539,0.3660558910786892,1.5183333333333404,1.1450000000000387,0.7452496022789559,1.1624062500000314,1.9108958333333155,0.26046437147921103,0.25758490944664625,0.013707102052305874,0.25344627195868946,0.26747135031379715,1.4113696114812544,1.3959660974977461,0.30574079607310867,1.2450472120087994,1.5699654097252027,214.66666666666666,218.0,23.019096156860456,202.41458333333333,226.75208333333333,2.952215464813206,2.9361424847958295,0.2895119778262731,2.7925264262959746,3.100798218940052,15.333333333333334,15.0,2.6400183654090306,13.916666666666666,16.66875,0.22390182195483346,0.226373143978698,0.034469368501735854,0.20545793199164383,0.24315335327780307,0.33171626429258066,0.3379041623108995,0.024961154251783507,0.3181281952711117,0.3442080416746194,0.0,0.0,0.0,0.0,0.0,0.0,0.0,0.0,0.0,0.0
0.4,1.0,12,7.40875000000013,6.9700000000000415,4.14151713802391,5.29626041666686,9.766041666666927,19.03625,18.115000000000002,3.690241507864172,17.189968750000002,21.198822916666668,-11.62749999999987,-10.964999999999886,2.557111740723453,-13.095614583333262,-10.38911458333325,0.26781648132835806,0.2460736179708066,0.13108063507483658,0.20159484752701504,0.3376235457147697,1.9770833333333246,1.60249999999985,1.3247975116860657,1.3340833333333553,2.727781249999944,0.21607690527607126,0.22003302653858403,0.022470234462802555,0.20449807939316278,0.22850547081186565,1.6985486485882018,1.677837355530472,0.5007881657990212,1.4402581222258337,1.9679383583610641,178.58333333333334,174.0,31.506011932308855,163.08333333333334,197.41875,3.2835939762525346,3.358384013900956,0.4390659749316986,3.042497465971619,3.52203337677382,16.166666666666668,16.5,2.1672493389016636,14.916666666666666,17.333333333333332,0.24222785569677818,0.2440450983129278,0.042578253336959464,0.21891877393753842,0.26474116765185923,0.32786840930290495,0.33389792955729164,0.026771880978687105,0.3128018145714503,0.3411250007115454,0.0,0.0,0.0,0.0,0.0,0.0,0.0,0.0,0.0,0.0
0.4,1.5,12,7.753333333333295,7.527499999999975,3.4353856031634056,5.838625000000106,9.532510416666376,18.36416666666667,18.0375,2.969324099195069,16.816125,19.948854166666667,-10.610833333333373,-10.420000000000393,2.9458690902633267,-12.160343749999964,-9.068010416666638,0.27630529463179987,0.29453077419435136,0.1308063621899446,0.20488115178348226,0.3420250984066912,1.8933333333332978,1.5200000000000387,1.003872803725911,1.4105312499998726,2.452156249999897,0.18800828625087618,0.1805826991012176,0.02205217754389766,0.17742006654128828,0.20040737122851637,1.6420402181530749,1.6180756674639603,0.36578247692682075,1.4343537423098671,1.8393743749008757,158.5,149.5,28.858589394115956,144.32916666666668,174.6,4.044888502751231,4.056907037358818,0.6908632558973831,3.6756316970750076,4.401875181002028,16.333333333333332,16.0,2.229281716090851,15.166666666666666,17.583333333333332,0.2624493301543534,0.22669278077099764,0.059990222988918686,0.23316086490320875,0.2955280789568619,0.32272003135989674,0.33128692797482384,0.024813170204750053,0.3093230012072876,0.33480332890396797,0.0,0.0,0.0,0.0,0.0,0.0,0.0,0.0,0.0,0.0
0.4,2.0,12,8.002083333333283,8.047500000000383,3.188910798898728,6.246395833333389,9.71364583333361,18.002083333333335,17.01,4.783618095472645,15.632770833333334,20.837874999999997,-10.000000000000052,-9.110000000000069,3.744789713722296,-12.077802083333522,-8.059343749999792,0.2523890452161326,0.2461723617592246,0.09614922283673426,0.1969421089618498,0.299634066103743,2.0254166666666245,1.6900000000000546,1.0989136336592917,1.4749479166665955,2.69491666666667,0.17057735693342876,0.1770829407641344,0.02563594236295277,0.15709662173530564,0.1848006887797708,1.674853900517973,1.5194394213381555,0.7079919595804444,1.3277669265030274,2.045923804212945,147.16666666666666,147.5,35.12790481895692,128.91458333333333,167.08541666666667,4.513756154068926,4.523892267593397,1.0960936275367656,3.9355017376194614,5.08206269910223,16.416666666666668,16.0,2.678477631835372,15.0,17.833333333333332,0.29054572909750814,0.29270218253651636,0.06693848016982254,0.2570650289334456,0.32936470320601496,0.31332627388210677,0.3080871418510623,0.033933538392532506,0.2950047753308828,0.3326367569026989,0.0,0.0,0.0,0.0,0.0,0.0,0.0,0.0,0.0,0.0
