beta_obi_x,c_latency,n,pnl_net_mean,pnl_net_median,pnl_net_std,pnl_net_ci_lo,pnl_net_ci_hi,pnl_edge_mean,pnl_edge_median,pnl_edge_std,pnl_edge_ci_lo,pnl_edge_ci_hi,pnl_inventory_mean,pnl_inventory_median,pnl_inventory_std,pnl_inventory_ci_lo,pnl_inventory_ci_hi,sharpe_1s_mean,sharpe_1s_median,sharpe_1s_std,sharpe_1s_ci_lo,sharpe_1s_ci_hi,max_drawdown_mean,max_drawdown_median,max_drawdown_std,max_drawdown_ci_lo,max_drawdown_ci_hi,fill_rate_orders_mean,fill_rate_orders_median,fill_rate_orders_std,fill_rate_orders_ci_lo,fill_rate_orders_ci_hi,adverse_cost_500ms_mean,adverse_cost_500ms_median,adverse_cost_500ms_std,adverse_cost_500ms_ci_lo,adverse_cost_500ms_ci_hi,n_fills_mean,n_fills_median,n_fills_std,n_fills_ci_lo,n_fills_ci_hi,inv_abs_mean_mean,inv_abs_mean_median,inv_abs_mean_std,inv_abs_mean_ci_lo,inv_abs_mean_ci_hi,inv_max_abs_mean,inv_max_abs_median,inv_max_abs_std,inv_max_abs_ci_lo,inv_max_abs_ci_hi,pnl_vol_1s_mean,pnl_vol_1s_median,pnl_vol_1s_std,pnl_vol_1s_ci_lo,pnl_vol_1s_ci_hi,quote_lifetime_mean_s_mean,quote_lifetime_mean_s_median,quote_lifetime_mean_s_std,quote_lifetime_mean_s_ci_lo,quote_lifetime_mean_s_ci_hi,killed_mean,killed_median,killed_std,killed_ci_lo,killed_ci_hi,diverged_mean,diverged_median,diverged_std,diverged_ci_lo,diverged_ci_hi
0.0,0.0,12,8.022500000000303,8.390000000000242,2.469538510440141,6.778520833333703,9.487427083333927,17.712500000000002,17.130000000000003,2.9037393603295856,16.265708333333336,19.423906249999998,-9.689999999999698,-10.027500000000177,1.6525558717003115,-10.584927083333143,-8.826291666666613,0.22297160760161897,0.20637505384512073,0.08049804027109973,0.18240666195845961,0.2696880635126972,2.7795833333333584,2.3625000000000114,1.4358058528120616,2.014145833333287,3.5821041666666242,0.2565378931235372,0.25287162162162163,0.03618949369169079,0.23722850175876933,0.27572773618163016,1.3819337057798584,1.453113132186166,0.35843476413692266,1.185191600793376,1.5712288023958405,183.41666666666666,178.0,30.278880528523608,168.4125,201.0,7.403779322328412,7.481320590790617,1.3730357249659175,6.633635606718796,8.184975021720243,24.0,24.0,3.2752515517548764,22.25,25.75,0.3253419574406981,0.3476300234024676,0.0630867751252086,0.28990993523924047,0.3583899865681248,0.3828710061802479,0.3846149381395143,0.03389392112714683,0.3643458924270272,0.40095938383239743,0.0,0.0,0.0,0.0,0.0,0.0,0.0,0.0,0.0,0.0
0.0,0.5,12,8.02333333333305,7.702499999999304,2.9522744185497403,6.521999999999736,9.591802083332974,19.4325,18.8,2.8388373900723387,17.9965,20.967166666666667,-11.409166666666954,-10.92250000000026,2.4287256603685856,-12.781364583333628,-10.106312500000211,0.22289375754403032,0.21713686947468613,0.08511593595452038,0.18104219066337637,0.2670213477427309,2.812916666666529,2.744999999999777,1.2012710282584491,2.1478854166665893,3.4310312499998026,0.24078747633122155,0.24120534866690174,0.02274054529221838,0.22934334440397486,0.253645483446007,1.373531282425138,1.3586434451669365,0.24452189346006556,1.2475965441125358,1.501668503922101,186.33333333333334,189.5,20.685231153622333,175.24583333333334,197.66666666666666,6.3857515204170285,6.308427454387489,0.7868541396815479,5.973682305241819,6.809790399652475,22.916666666666668,22.5,2.7122058561364044,21.583333333333332,24.5,0.3191679192970028,0.3179498948339057,0.05900007330157262,0.2880583954301477,0.3545486970742646,0.34724802560506557,0.3416034028630604,0.026448197122764926,0.3328028479784206,0.3610067757167761,0.0,0.0,0.0,0.0,0.0,0.0,0.0,0.0,0.0,0.0
0.0,1.0,12,8.384166666666898,9.84750000000058,3.7820315808818883,6.274489583333339,10.405895833333577,19.442083333333333,18.5375,3.5963911572659346,17.675239583333337,21.451895833333335,-11.057916666666436,-10.857499999999733,4.190140732250428,-13.360677083333158,-8.801572916666174,0.2415452277489438,0.26466124867476803,0.1371038206594424,0.16789146157392232,0.32204430972219605,2.8933333333332505,2.877499999999941,1.5814468825807464,2.0407604166665827,3.7252083333332715,0.22977540162728802,0.2334958344003002,0.015650464152477662,0.22112512829337475,0.2380799270388154,1.411109141339791,1.3977209145282656,0.28222605796899775,1.2543508933428242,1.5507371395911675,180.16666666666666,175.0,22.30300971672304,168.91458333333333,192.66875,6.826744859542427,6.779322328410078,1.2806806506527322,6.061064653924124,7.4958441934549676,22.25,23.0,4.070403151799809,19.916666666666668,24.333333333333332,0.3334414149507175,0.329939756515575,0.08301066073420472,0.28880302567649985,0.3791981610769383,0.3416935155375221,0.34525390871219963,0.032585963494805706,0.32297927063306725,0.3586190943057241,0.0,0.0,0.0,0.0,0.0,0.0,0.0,0.0,0.0,0.0
0.0,2.0,12,8.83083333333306,8.812499999999716,3.092073321291426,7.180739583333024,10.421927083333129,17.860833333333336,16.384999999999998,4.082592666283018,15.733427083333334,20.07016666666667,-9.030000000000273,-8.097500000000187,3.275232816152015,-10.880968750000068,-7.298375000000376,0.24021867947542286,0.22989476555762628,0.09166518970246054,0.1923719148684684,0.28915918130416546,2.7954166666666596,2.937499999999865,1.2440009835083559,2.114749999999975,3.507499999999911,0.18766407761517467,0.17764431517314025,0.024573929095696445,0.17502373916096864,0.1997736359164578,1.4411971223494149,1.3779794955981524,0.37313051671678116,1.2453156005268822,1.6492911371263306,149.91666666666666,134.0,33.085174744570836,133.32500000000002,168.00208333333333,6.59383145091225,6.502172024326672,1.267760500221886,5.894397987257459,7.30306436432088,22.666666666666668,23.0,3.6265017787828464,20.5,24.583333333333332,0.3248323207899282,0.3165414697087208,0.05866244646591151,0.29482750648466693,0.3586628042464454,0.33060496875485623,0.3363538347824143,0.03123168065078683,0.3132183275412422,0.34714250834066995,0.0,0.0,0.0,0.0,0.0,0.0,0.0,0.0,0.0,0.0
0.5,0.0,12,8.037916666666783,8.490000000000123,4.635731999829036,5.573177083333524,10.643104166666609,20.035833333333333,19.2,3.158775534726689,18.56061458333334,22.026041666666668,-11.99791666666655,-13.47249999999984,4.096919828765473,-14.165781249999759,-9.828020833333106,0.20940886535173578,0.21829614433711103,0.1280696791596355,0.13906248070794427,0.2753372109751307,3.147083333333446,3.009999999999877,1.4428561610622133,2.3891458333335014,3.928364583333454,0.27261326991962065,0.2796422051244153,0.035335978224145886,0.2531815206522196,0.29087776825974765,1.3853773755697096,1.3261437908496734,0.44009180928987124,1.139451827257469,1.6011335211451831,199.58333333333334,199.0,33.222277118970894,181.99791666666667,219.0875,7.413408630176659,7.260642919200695,0.8275590514719795,6.9504887054735,7.864999637995946,23.416666666666668,23.0,3.502163833282434,21.583333333333332,25.416666666666668,0.3538972110301514,0.35812307431402723,0.060609587204188964,0.31957433454642836,0.3846618983538107,0.37760591586153036,0.37363577120729685,0.030552737529978294,0.360551378510948,0.39479474106064966,0.0,0.0,0.0,0.0,0.0,0.0,0.0,0.0,0.0,0.0
0.5,0.5,12,8.034999999999977,7.272499999999781,3.272715025229774,6.301062499999799,10.033958333333295,19.27666666666667,18.770000000000003,2.875697807278762,17.90548958333334,20.845989583333335,-11.241666666666688,-10.94500000000006,4.455604914208234,-13.737177083332957,-8.917802083333187,0.24039061231297223,0.25140523204061205,0.12304895178105407,0.17588031744991967,0.314429634464665,2.7470833333333124,2.2724999999999227,1.6432374618602295,1.9606770833332194,3.716666666666702,0.2449190074791585,0.23755970536818005,0.018768492944686917,0.2350891619710532,0.2552154245526493,1.416093573000966,1.3445910720104268,0.3002887760982396,1.2585787326861542,1.5746106364215477,188.41666666666666,189.5,23.971416059106478,175.99583333333334,201.83541666666667,6.403417318273964,6.259339704604692,1.0865515339115548,5.871045105705184,7.059191282942369,22.666666666666668,23.0,3.3933982252531925,20.916666666666668,24.50208333333333,0.31735414028377235,0.2788496172740466,0.08397901962721167,0.27757126459469594,0.3660604765382342,0.35684373243397705,0.351506744806926,0.029519981251492806,0.3413720462787722,0.373862416817466,0.0,0.0,0.0,0.0,0.0,0.0,0.0,0.0,0.0,0.0
0.5,1.0,12,7.627916666666789,7.8849999999997635,3.7096241284318827,5.526041666666668,9.461166666666973,17.22666666666667,16.942500000000003,3.2780297112562593,15.644854166666669,19.076166666666666,-9.598749999999876,-8.124999999999918,3.947513098026556,-11.906312500000091,-7.76232291666657,0.2329503545413872,0.2728785963265089,0.10115457720671608,0.17152989959339582,0.28058878976875434,2.4749999999998664,2.4499999999996476,0.9928814815292567,1.9928645833331717,3.013812499999921,0.21398451947645716,0.21845861948157747,0.02044383191470521,0.2031623111171066,0.22356481574765585,1.4489918878025787,1.4646269200107966,0.178964484473817,1.3568195871067048,1.5473411550206249,157.25,159.0,23.460314653396352,144.83333333333334,169.75,6.449753837242977,6.323197219808862,0.9426634956984031,5.932723356501592,6.97340718216044,23.083333333333332,23.5,4.337119558025357,20.666666666666668,25.416666666666668,0.2873849797770472,0.2881340774828989,0.04932513020768901,0.26210492258558993,0.3154628599987773,0.35790437803891856,0.3707221580753105,0.028380078144846,0.34156054051421336,0.37265016644331433,0.0,0.0,0.0,0.0,0.0,0.0,0.0,0.0,0.0,0.0
0.5,2.0,12,7.390416666666487,7.290000000000248,3.516398246613881,5.485885416666447,9.328072916666589,17.148333333333333,16.1875,3.634559078756279,15.328114583333333,19.01769791666667,-9.757916666666846,-9.940000000000364,3.577817680662434,-11.73982291666674,-7.891979166666896,0.2229342450098825,0.18029740276684347,0.13445291954466146,0.1529761075579743,0.3021807644718927,2.924583333333293,2.6849999999998033,1.5489842101626428,2.147739583333334,3.813479166666581,0.19403625467367605,0.19688687232703037,0.021718851764705418,0.1825032527425309,0.2059473956914774,1.4454640530533789,1.3880814354727398,0.41519516665129685,1.223681073498566,1.6801963789934538,146.08333333333334,143.0,25.11956258063472,133.16458333333333,159.50208333333333,6.857370402548509,6.935273675065161,1.2981594203031959,6.1303105994787135,7.574002678830004,21.75,21.5,3.9571569224748857,19.666666666666668,24.0,0.30952987944586047,0.31830588139847593,0.05980243267412759,0.276765192693059,0.3434994527481422,0.349298037735202,0.3595815864445739,0.029651833953910963,0.3326282111367128,0.36428169723297127,0.0,0.0,0.0,0.0,0.0,0.0,0.0,0.0,0.0,0.0
1.0,0.0,12,7.727083333333183,7.952499999999787,4.480243225100794,5.127708333333083,10.065135416666575,19.577916666666667,19.1625,3.7190941335548935,17.706645833333333,21.458104166666665,-11.850833333333485,-11.474999999999945,3.695604165967526,-14.009260416666859,-9.86556250000015,0.19828783035849037,0.16745972176377458,0.12549315149790008,0.12920036340816926,0.2685536264221084,3.7995833333335063,2.867500000000291,2.4298853866849885,2.6289479166667573,5.223229166667039,0.2645641125997632,0.26765874460871186,0.018465770905867145,0.25470761683065135,0.2741389525339817,1.331921784138525,1.2682198791409078,0.3431863794955536,1.149145108413926,1.5190691480724088,195.08333333333334,196.0,27.858272260377763,180.74791666666667,209.25208333333333,7.2710686359687235,7.622936576889661,1.372882479045038,6.50717673037938,7.9762742542716465,24.75,25.5,2.454124543035107,23.416666666666668,25.916666666666668,0.36048597319812714,0.4043732459792643,0.06306860027489752,0.32748315139064366,0.3898505266737965,0.376335696026425,0.371556757806068,0.02943632369681584,0.3614636250509163,0.3914225818044702,0.0,0.0,0.0,0.0,0.0,0.0,0.0,0.0,0.0,0.0
1.0,0.5,12,5.669999999999756,7.027499999999293,3.1350917051974987,3.9410833333332955,7.2520208333329625,17.819999999999997,16.6025,3.2471532987302196,16.119958333333333,19.691333333333333,-12.150000000000245,-11.364999999999945,3.0570068546034563,-13.82186458333346,-10.514062500000273,0.15187018198837315,0.18489810389417757,0.08943426398817195,0.10391391152846248,0.19470462707814065,4.024583333333401,3.6600000000005366,1.7721179654111456,3.0875416666668345,5.014208333333455,0.23648377820321245,0.23105088194584106,0.028684569378349598,0.22072869258692054,0.252376725351084,1.336697491629894,1.3817436420644005,0.3887945837507606,1.1341622995805525,1.5543335176004236,175.08333333333334,169.0,27.681494748570778,160.6625,191.42083333333332,7.008977700550246,6.651607298001737,1.124301763325452,6.4493683029249915,7.6463528091514625,23.166666666666668,24.5,3.9962103260085007,20.833333333333332,25.333333333333332,0.3424528220764529,0.34504593485581025,0.05929471529689949,0.31241319340982027,0.377504395781193,0.368563195408391,0.36751247269640486,0.02887796644501205,0.3542015071178421,0.3840265471995782,0.0,0.0,0.0,0.0,0.0,0.0,0.0,0.0,0.0,0.0
1.0,1.0,12,8.037916666666355,7.6699999999997885,2.8407021045809713,6.700916666666451,9.60099999999968,18.853333333333335,17.8575,3.6051726306752214,17.0334375,20.883052083333332,-10.815416666666978,-9.952500000000516,4.140727570199082,-13.104260416666946,-8.796062500000348,0.23078493862901897,0.24000874977870024,0.09409842957121525,0.18319275107519445,0.2795704581956447,2.582500000000001,2.5100000000000477,1.177911286982094,1.9964270833333457,3.2573020833333715,0.2224698500028374,0.21694644926046114,0.018067832673055007,0.21334033175341835,0.23198124117048796,1.2395539609147777,1.291437442694007,0.2333971437746051,1.1067177446443934,1.3616012471186985,171.08333333333334,160.0,29.5710495197071,156.66458333333333,186.59166666666667,6.447292209672749,6.4404865334491745,1.088379117696464,5.864476542137272,7.006112438459311,21.333333333333332,21.0,3.8924947208076146,19.25,23.583333333333332,0.31836102947924094,0.2971065002678972,0.06396777499585173,0.28615861163639206,0.3532916714655737,0.3475181109029201,0.35566944823629015,0.0272464599751016,0.3331890599667029,0.36155076393396607,0.0,0.0,0.0,0.0,0.0,0.0,0.0,0.0,0.0,0.0
1.0,2.0,12,7.865416666666616,8.335000000000264,3.427315712394122,5.983052083333325,9.785041666666643,17.62,16.5875,3.8629345886726636,15.745177083333331,19.938343749999998,-9.754583333333384,-9.210000000000424,4.346103510007202,-12.215322916666853,-7.610708333333413,0.24101183530637657,0.27977966717478964,0.13111519374581387,0.17099078184992766,0.31358096672119884,2.8375000000000923,2.8600000000004684,1.2492061115328503,2.21782291666659,3.5562812500000067,0.19110505211908627,0.19153129479216435,0.022545081160710512,0.17876353123182975,0.2036158702413287,1.3377848965361359,1.245985759538026,0.3955407911341735,1.1328990407302886,1.5472069162312048,148.66666666666666,143.0,25.829276318772756,135.49583333333334,163.41875,6.151679698812628,6.060816681146829,1.0400254204179957,5.562856573993629,6.692966261222128,21.333333333333332,21.5,3.96194014303216,19.25,23.5,0.3122034704380349,0.31798519062090724,0.07276085811236514,0.27551727456302033,0.3535034455381429,0.3381109251750592,0.35181082774675554,0.03552398878265715,0.3170991335393935,0.3566151173983848,0.0,0.0,0.0,0.0,0.0,0.0,0.0,0.0,0.0,0.0
1.5,0.0,12,8.969583333333416,9.777500000000458,3.8446991006114852,6.912000000000363,11.043416666666742,19.146666666666665,18.755,3.266452992393302,17.47292708333333,21.0161875,-10.177083333333252,-10.219999999998736,3.665762018222804,-12.28189583333351,-8.478072916666353,0.24258860717283628,0.25049960918778286,0.10496223086872758,0.18449481622289224,0.2959557330031235,2.669166666666674,2.134999999999877,1.3158143578189605,1.998947916666568,3.466364583333346,0.26248926917821297,0.26297467967900723,0.021836598723105248,0.2509897249535931,0.27347388219746926,1.2666447297477916,1.3155656767631885,0.22520092139977205,1.151105929112943,1.3814052757701478,190.41666666666666,189.0,25.353709907242493,176.74791666666667,204.50416666666666,7.138285548798145,7.049522154648132,1.2898655938738153,6.45951708659137,7.813374239791485,25.5,25.5,2.7797972457128464,24.0,26.916666666666668,0.32601774739605466,0.32036948055182335,0.04339678401111642,0.30401561232098123,0.35074672192238493,0.38270088391910545,0.38991291544890805,0.030536653329880713,0.36431534032979773,0.39731348159985624,0.0,0.0,0.0,0.0,0.0,0.0,0.0,0.0,0.0,0.0
1.5,0.5,12,6.51750000000026,6.434999999999405,3.5223097406520676,4.705614583333197,8.340666666667198,18.689583333333335,17.177500000000002,4.202973221603386,16.690624999999997,21.084635416666664,-12.172083333333072,-11.379999999999717,3.8366293553855586,-14.383718749999721,-10.229395833333212,0.1856640897996211,0.15975584073888152,0.122283016492907,0.12503914449039047,0.2531191429778637,3.2074999999998304,2.907499999999942,1.3407960661146137,2.4987187499998966,3.900499999999823,0.2326262505993905,0.23055449140878842,0.03302611271731695,0.2157981051597435,0.2511253909268791,1.2998221113598347,1.2667262235817573,0.39938653579146643,1.1012984759482163,1.494096101697713,174.0,160.5,35.8785831279989,156.33125,193.50208333333333,7.427888792354474,7.076455256298871,1.3742711822886755,6.740911888213148,8.132665435852882,24.0,23.5,3.567530340063379,22.164583333333333,26.083333333333332,0.33113076428511395,0.3214539307865279,0.05887105821370417,0.29946123402346686,0.3627493374446012,0.3624878308941313,0.35825967705334394,0.03474435173627479,0.3428247412494048,0.3797638279319859,0.0,0.0,0.0,0.0,0.0,0.0,0.0,0.0,0.0,0.0
1.5,1.0,12,7.832500000000084,8.045000000000215,3.6718427996653324,5.972906250000077,9.809593750000117,18.31291666666667,17.67,3.324307486552878,16.70329166666666,20.31426041666667,-10.480416666666583,-9.322500000000305,4.426689948654077,-12.919916666666575,-8.352854166666749,0.2230290014532623,0.22232647969943697,0.1248091464900198,0.1576746667238516,0.2869503244773367,3.1645833333332454,3.1949999999997374,1.4542499759065135,2.4081874999999684,4.007281249999848,0.21317037651310042,0.21032695374800636,0.01622229678614255,0.20506199262109356,0.22145366866462557,1.418650866029363,1.4297726440150198,0.2842743689043484,1.268015925497555,1.5487935730106823,163.33333333333334,160.0,25.730538394301156,150.33125,178.08541666666667,6.430060816681146,5.751086012163336,1.2174694844243705,5.820654141326383,7.089295540110049,22.5,22.0,3.5032452487268535,20.75,24.583333333333332,0.3283779827864946,0.2999010206576967,0.09650130679805674,0.2812638984480156,0.3830564291350614,0.34838947599891307,0.35941808651389673,0.03794107746710277,0.3263914286608571,0.36711163752432924,0.0,0.0,0.0,0.0,0.0,0.0,0.0,0.0,0.0,0.0
1.5,2.0,12,8.67541666666662,8.849999999999795,2.234174098300355,7.504729166666415,9.807250000000106,17.542916666666667,16.9325,3.1051456255803216,15.99916666666667,19.34042708333333,-8.867500000000048,-8.739999999999787,2.309750576852972,-10.063812500000171,-7.55300000000003,0.22042703859849408,0.21707046053265655,0.0817795663884516,0.1812571101817353,0.2704007968627344,2.860416666666642,2.7424999999996658,1.1766969532113536,2.216510416666662,3.477124999999992,0.19288833853437878,0.19110907112743097,0.01478618325591532,0.1854171691290183,0.20108583716765327,1.4471713405942734,1.5241977685624013,0.3558494393745774,1.2487167737829217,1.6238552407042106,147.66666666666666,145.0,23.297808454613897,136.08333333333334,161.00625,6.856791196061395,6.906602953953085,1.1945214306915053,6.20323450622647,7.423586374167391,22.916666666666668,23.0,3.9648073054937956,20.74791666666667,24.833333333333332,0.35662818657833223,0.3731672639845042,0.05547465964184816,0.3231020308950029,0.38292099219713926,0.3447042901562478,0.3473556390174172,0.028407525920931567,0.3284694436239967,0.3601580622379537,0.0,0.0,0.0,0.0,0.0,0.0,0.0,0.0,0.0,0.0
2.0,0.0,12,8.446250000000001,8.30999999999986,2.7726260320564866,6.949520833333359,10.00339583333349,18.78166666666667,18.475,3.3169614609357962,17.091645833333335,20.530427083333333,-10.335416666666665,-9.742499999999954,3.3615969272827626,-12.162927083333303,-8.653104166666482,0.22872753669051926,0.22291714014457703,0.08347841164872805,0.1798369669599054,0.27512621930076103,2.8520833333334963,2.1950000000003342,1.7051239068991424,2.0645729166667333,3.8960729166667267,0.24074205225712716,0.2439826073245723,0.02903668837645546,0.22569269589886481,0.25643588744297147,1.3645367530690606,1.360681093640244,0.2941223515406659,1.2199900714048761,1.5187704833686184,181.91666666666666,181.0,26.407500082477714,169.74375,195.84166666666667,6.866565305531421,7.009991311902693,1.31819562235545,6.160966912829423,7.541673906747755,22.5,22.0,4.757768766592554,20.0,25.16875,0.3423784623110641,0.3108707408731746,0.11302668476008759,0.2873172749312908,0.40953197451636597,0.36119951497944336,0.3616930065651487,0.029887157322663088,0.3449170747462526,0.3770774951564679,0.0,0.0,0.0,0.0,0.0,0.0,0.0,0.0,0.0,0.0
2.0,0.5,12,6.859166666666854,7.122500000000883,2.829672188959103,5.308322916666617,8.384187500000024,18.162083333333335,17.37,3.5947072572257555,16.34066666666667,20.211708333333338,-11.302916666666482,-11.397500000000361,3.373210945572905,-13.293124999999966,-9.582031249999979,0.19456278469133623,0.20217156937031033,0.09420010697406327,0.14450089078234557,0.24660564136822413,3.1808333333333394,2.6400000000003843,1.617206954391887,2.3673333333334083,4.096281250000053,0.2237928489642013,0.22622257467618292,0.02123167406398834,0.21234284520259902,0.2348954068348175,1.3515021366582864,1.3460769980506821,0.34347835760635237,1.1657069382538499,1.520861592052145,176.25,171.5,28.30716260145927,162.4125,192.66875,6.86280046336519,6.720677671589922,0.8969120212973017,6.40912793223284,7.353060744280336,22.75,23.0,3.0488447886789096,21.0,24.25208333333333,0.317427170773996,0.3083809861320297,0.043341241015492506,0.29573761668709186,0.34222829725105824,0.3494424278701655,0.35528469368228066,0.0348908722646073,0.3284904080600464,0.3670906089291504,0.0,0.0,0.0,0.0,0.0,0.0,0.0,0.0,0.0,0.0
2.0,1.0,12,7.806666666667046,8.705000000000439,4.8739382682207895,5.453406250000332,10.541541666667095,18.414583333333336,17.0925,4.031367610452569,16.49679166666667,20.840708333333332,-10.60791666666629,-9.44249999999938,5.3165818899389805,-13.607531249999854,-8.080406249999367,0.21893842973268307,0.25731161273693914,0.148357061715748,0.14536984983425363,0.3065196251996676,3.101250000000036,2.1424999999998136,1.5795455689994617,2.2341770833333374,3.9122395833333274,0.20222739835756567,0.20155705879998398,0.023258528533560162,0.18973617758351777,0.21431303608591637,1.3944688503285398,1.4460258200830827,0.3982321209283513,1.1797436086694264,1.5860459000729523,167.66666666666666,155.5,28.96183486569659,153.07708333333335,184.83333333333334,6.690920938314509,6.413119026933101,1.1693025937736305,6.055973066898349,7.317508326093252,23.5,24.5,4.358898943540674,21.08125,25.833333333333332,0.3398414757390165,0.34078191037047245,0.05960167526559799,0.3071033532142836,0.3710444375765679,0.3312551991609845,0.33492223137941846,0.027984152257794007,0.31511876857046595,0.34508509963887324,0.0,0.0,0.0,0.0,0.0,0.0,0.0,0.0,0.0,0.0
2.0,2.0,12,8.564166666666772,9.297499999999957,3.1285444141829943,6.830718750000139,10.038864583333599,18.28708333333333,16.767500000000002,4.316410260607626,16.087041666666664,20.72664583333333,-9.722916666666562,-8.154999999999884,4.098268180992116,-12.082541666666367,-7.529760416666601,0.24925444076117886,0.2509872643805441,0.11269590230733642,0.1899576351781158,0.3112554284575679,2.6204166666665762,2.4999999999998295,1.1757308333221743,1.9853541666665013,3.254791666666625,0.18196945287024532,0.1791786032968581,0.025003195924511813,0.16805802622494678,0.19517047405764493,1.614480303142354,1.6372992628669212,0.4180056358596472,1.392433619821494,1.8235624508983321,148.66666666666666,137.0,32.828295260292904,131.07916666666668,165.75416666666666,6.9560527077903265,7.004344048653345,1.133969718468015,6.335125253402838,7.523242470315668,22.416666666666668,22.0,2.937479851639476,20.75,23.833333333333332,0.3204776979559939,0.3182627059829055,0.0692028209103685,0.28230659146720444,0.35757655272607297,0.3238062581360622,0.3176146222179255,0.03466862279353593,0.3055585280467485,0.34312409519244946,0.0,0.0,0.0,0.0,0.0,0.0,0.0,0.0,0.0,0.0
