window,latency_ms,arm,n_fills,pnl_gross_usd,notional_usd,killed,pnl_edge_usd,pnl_inventory_usd,inv_abs_mean_btc,inv_max_abs_btc,eff_half_spread_ticks,postfill_500ms_ticks,postfill_100ms_ticks,fill_rate_orders,quote_lifetime_s,sharpe_1s,max_drawdown_usd,touch_fidelity,pnl_net_A_0bps_usd,pnl_net_A_0bps_bps,pnl_net_B_1/2.5bps_usd,pnl_net_B_1/2.5bps_bps,pnl_gross_bps
0,0.0,AS_scaled,54,-0.6330236739996735,3177.9083127900003,0.0,0.07342065,-0.7064443239996735,0.00785712434814815,0.01,18.745882938078367,-58.377815815032726,-47.64361077947663,0.03821656050955414,0.36636626236044656,-0.09092945811465183,0.764915523999548,nan,-0.6330236739996735,-1.9919507162996757,-0.9508145052786736,-2.991950716299676,-1.9919507162996757
0,0.0,adaptive_off,51,-0.6863535029999639,2700.2804327850004,0.0,0.061317377500000006,-0.7476708804999639,0.008261821481481482,0.01,18.424017358738652,-62.33370516465442,-49.941036266098415,0.20454545454545456,1.834307917431193,-0.09300358572898905,0.8408909529999846,nan,-0.6863535029999639,-2.541786011062845,-0.956381546278464,-3.5417860110628454,-2.541786011062845
0,0.0,adaptive_inventory,62,-0.4604459804999408,3350.8311917070005,0.0,0.076240508,-0.5366864884999408,0.004046053281481481,0.00697341,18.46233952413298,-70.02438664104622,-49.879905025166394,0.20363636363636364,1.970545673992674,-0.14507640980414369,0.4837601114999188,nan,-0.4604459804999408,-1.374124669841627,-0.7955290996706408,-2.374124669841627,-1.374124669841627
0,0.0,adaptive_full,25,-0.246802173500015,1399.1329686420002,0.0,0.0371710135,-0.283973187000015,0.0025405495925925926,0.00390483,21.55547382186049,-58.60327933497059,-42.8154612960187,0.07317073170731707,2.207786885245902,-0.1290971758850904,0.28105744200001936,nan,-0.246802173500015,-1.7639651057580426,-0.386715470364215,-2.7639651057580426,-1.7639651057580426
0,10.0,AS_scaled,51,-0.5337243100004798,2926.5170195919995,0.0,0.053478488000000005,-0.5872027980004798,0.007192657362962963,0.01,14.827934533428122,-67.40796494430772,-51.223452865909316,0.02480916030534351,0.3285946210191083,-0.09263488264903687,0.6756889100003036,nan,-0.5337243100004798,-1.8237526261675014,-0.8263760119596798,-2.8237526261675017,-1.8237526261675014
0,10.0,adaptive_off,40,-0.6408750519996147,2036.878520468,0.0,0.035226458,-0.6761015099996147,0.007754192562962963,0.01,14.031359637243124,-74.64935599820278,-57.652563260988025,0.15675675675675677,2.318207863387978,-0.09702718006468906,0.8087750519997599,nan,-0.6408750519996147,-3.1463587325392637,-0.8445629040464147,-4.146358732539263,-3.1463587325392637
0,10.0,adaptive_inventory,47,-0.41054710349999723,2613.1823760420007,0.0,0.049595836000000004,-0.46014293949999724,0.003661804774074074,0.00600706,15.40043913567715,-77.05252254599327,-56.738481693519816,0.16517857142857142,2.4181385090090086,-0.15175439784486286,0.443767671000046,nan,-0.41054710349999723,-1.5710618105492637,-0.6718653411041973,-2.5710618105492635,-1.5710618105492637
0,10.0,adaptive_full,29,-0.33863819799981343,1473.0665106410001,0.0,0.037017315,-0.3756555129998134,0.003886460074074074,0.00550537,20.390563805280777,-57.50166683742661,-40.97727240177723,0.084,2.171273661290323,-0.1157851463064916,0.40948786149988337,nan,-0.33863819799981343,-2.2988656354182955,-0.48594484906391344,-3.2988656354182955,-2.2988656354182955
1,0.0,AS_scaled,40,-0.4873372559999325,2127.751879704,0.0,0.047146712,-0.5344839679999325,0.005336842740740741,0.01,17.976759366868905,-45.060565504787526,-39.7769742641788,0.039149888143176735,0.5369883822869955,-0.10440813431726663,0.6221108560000346,nan,-0.4873372559999325,-2.2903857383396033,-0.7001124439703326,-3.2903857383396033,-2.2903857383396033
1,0.0,adaptive_off,35,-0.5453517040000406,1965.5228635360002,0.0,0.041523112,-0.5868748160000407,0.005440662222222223,0.01,17.139556386235228,-43.551215859670904,-39.13167162542804,0.20125786163522014,2.852545363057325,-0.1106587276828667,0.680340204000089,nan,-0.5453517040000406,-2.7745884523517885,-0.7419039903536406,-3.7745884523517885,-2.7745884523517885
1,0.0,adaptive_inventory,45,-0.26613579650009456,2087.168307635,0.0,0.049172511,-0.31530830750009453,0.003155224203703704,0.0069934,19.112813871221896,-45.664079617498935,-46.17123888009372,0.19796954314720813,2.665641025641026,-0.09575947824003922,0.3684681545001496,nan,-0.26613579650009456,-1.2751046263329706,-0.47485262726359456,-2.275104626332971,-1.2751046263329706
1,0.0,adaptive_full,26,-0.21603992299995411,1137.7444092540002,0.0,0.0268946725,-0.2429345954999541,0.002193238825925926,0.00485808,19.178561750800455,-52.196178146370684,-50.854696469447276,0.0708955223880597,2.022932330827068,-0.12092849983084598,0.2645487884999582,nan,-0.21603992299995411,-1.8988440746688253,-0.3298143639253541,-2.898844074668825,-1.8988440746688253
1,10.0,AS_scaled,41,-0.5506236000001081,1955.4904464,0.0,0.0333632,-0.5839868000001082,0.005623684444444445,0.01,13.842502696871628,-52.366836777030954,-43.5008712969878,0.02561576354679803,0.4829229239881541,-0.11582660502096266,0.675623599999966,nan,-0.5506236000001081,-2.815782613583154,-0.7461726446401081,-3.815782613583154,-2.815782613583154
1,10.0,adaptive_off,36,-0.5876294000000826,1955.5328522000002,0.0,0.033913200000000004,-0.6215426000000825,0.005683252592592592,0.01,14.070699527010207,-51.13561115260144,-42.14517467430089,0.174496644295302,3.120652863945578,-0.1182317973490841,0.7128294000000039,nan,-0.5876294000000826,-3.0049579547538245,-0.7831826852200826,-4.0049579547538245,-3.0049579547538245
1,10.0,adaptive_inventory,41,-0.30826270000002864,1949.000503728,0.0,0.031923937,-0.34018663700002866,0.0032021220222222223,0.00586697,13.288683949815596,-45.1232677306293,-41.610476243995436,0.1588235294117647,3.0900005714285714,-0.1275866006435607,0.37718625250000315,nan,-0.30826270000002864,-1.5816450504265718,-0.5031627503728286,-2.5816450504265718,-1.5816450504265718
1,10.0,adaptive_full,23,-0.33265695449996,1105.2484831830002,0.0,0.0186155445,-0.35127249899996005,0.0023641494185185187,0.0048136,13.6639181818382,-55.71715525764706,-45.566434500622805,0.052830188679245285,2.011595714828897,-0.15451409228576063,0.36755101899996134,nan,-0.33265695449996,-3.0097933592448163,-0.44318180281826003,-4.009793359244816,-3.0097933592448163
2,0.0,AS_scaled,27,0.08839193599999362,1954.708708768,0.0,0.03132808,0.05706385599999362,0.004772218806965543,0.00710176,12.998254069412358,-56.77878461987838,-39.80906954512866,0.043859649122807015,0.9396126760563381,0.0353376280822577,0.13186878400006208,nan,0.08839193599999362,0.45220004189629187,-0.10707893487680639,-0.5477999581037082,0.45220004189629187
2,0.0,adaptive_off,26,0.09006176000002597,1889.8300585920001,0.0,0.029642992000000003,0.06041876800002596,0.005089669714709151,0.00710176,12.721353236837047,-57.42568458348211,-39.87336235546156,0.16129032258064516,3.363398692810457,0.0336651454482652,0.13247895999995762,nan,0.09006176000002597,0.47656009909761743,-0.09892124585917406,-0.5234399009023827,0.47656009909761743
2,0.0,adaptive_inventory,29,-0.029676573499934022,2063.932153187,0.0,0.031162084000000003,-0.06083865749993403,0.002193447165616895,0.00463454,12.245256557513295,-54.9141908945552,-36.140987665575956,0.17088607594936708,3.298717948717949,-0.02453456936759649,0.09761274099992079,nan,-0.029676573499934022,-0.14378657483536578,-0.23606978881863402,-1.1437865748353657,-0.14378657483536578
2,0.0,adaptive_full,15,-0.07146411049999912,1170.9731991200001,0.0,0.017853872,-0.08931798249999912,0.0009401671582067432,0.00312729,12.365470350431382,-54.3617507786479,-34.253942413645746,0.05668016194331984,2.1281632653061227,-0.08124086132412417,0.08430656800001657,nan,-0.07146411049999912,-0.6102967220232302,-0.18856143041199913,-1.6102967220232303,-0.6102967220232302
2,10.0,AS_scaled,30,0.04015000000001123,2189.743,0.0,0.02755,0.01260000000001123,0.0040722489811041125,0.007,10.203703703703704,-50.7037037037037,-35.55555555555556,0.0481283422459893,0.9525356046511628,0.017751908624056064,0.13345000000003893,nan,0.04015000000001123,0.18335485031810234,-0.17882429999998878,-0.8166451496818978,0.18335485031810234
2,10.0,adaptive_off,30,0.04065000000005625,2189.7393,0.0,0.0262,0.014450000000056251,0.0040722489811041125,0.007,9.703703703703704,-50.01851851851852,-34.870370370370374,0.19285714285714287,3.7244032028985514,0.017875818636451764,0.13384999999993852,nan,0.04065000000005625,0.18563853697130178,-0.1783239299999438,-0.8143614630286983,0.18563853697130178
2,10.0,adaptive_inventory,32,-0.059825462499965454,2282.6836389670007,0.0,0.026747785500000003,-0.08657324799996546,0.0017644910781771026,0.00454296,9.503251624657633,-46.64546241676861,-32.720173396295664,0.19718309859154928,3.6710545857142853,-0.05155515565091444,0.09843847399997685,nan,-0.059825462499965454,-0.26208389756119993,-0.28809382639666553,-1.2620838975611999,-0.26208389756119993
2,10.0,adaptive_full,15,-0.04053680149998229,1093.107295435,0.0,0.0156884485,-0.05622524999998229,0.0008811552908484625,0.00238426,11.64041329408788,-37.57385196292803,-31.421621256650866,0.050980392156862744,2.046798418972332,-0.058541161824897464,0.05848729649999029,nan,-0.04053680149998229,-0.37084009656939254,-0.1498475310434823,-1.3708400965693928,-0.37084009656939254
3,0.0,AS_scaled,49,-0.7732977359999609,3185.059678264,0.0,0.090474156,-0.8637718919999609,0.005827188266666667,0.01,23.049565881993274,-35.58101599918476,-18.965616019565882,0.05067567567567568,0.6032220327313771,-0.14711484510116887,0.78089273599997,nan,-0.7732977359999609,-2.4278908846739182,-1.0918037038263608,-3.4278908846739182,-2.4278908846739182
3,0.0,adaptive_off,42,-0.7477992480000069,2714.137266752,0.0,0.076234356,-0.8240336040000069,0.005299909540740741,0.01,22.789177328709794,-40.154072701183786,-23.966058830563195,0.24203821656050956,2.655201,-0.1299405957314493,0.8135628480000605,nan,-0.7477992480000069,-2.755200546267492,-1.0192129746752068,-3.7552005462674916,-2.755200546267492
3,0.0,adaptive_inventory,49,-0.5970791994997171,2672.169786792,0.0,0.075400192,-0.6724793914997171,0.00450798415925926,0.0073676900000000005,22.89649383906721,-35.108124165487176,-19.931295054582492,0.22564102564102564,2.7407024145077723,-0.15134317841846892,0.6002679004997162,nan,-0.5970791994997171,-2.2344358597681926,-0.8642961781789171,-3.234435859768193,-2.2344358597681926
3,0.0,adaptive_full,27,-0.5146872664999478,1838.86528034,0.0,0.063516564,-0.5782038304999477,0.0038959692703703706,0.00538969,28.02715321471452,-18.522197894231486,-13.627558686129648,0.09774436090225563,1.9662878787878788,-0.1570915029747589,0.521137971499968,nan,-0.5146872664999478,-2.7989394981930587,-0.6985737945339479,-3.798939498193059,-2.7989394981930587
3,10.0,AS_scaled,39,-0.3650999999998277,2271.8735,0.0,0.03665,-0.4017499999998277,0.00526074074074074,0.01,13.089285714285714,-72.41071428571429,-48.660714285714285,0.03594351732991014,0.6785559343629344,-0.07865016393862886,0.5489999999998645,nan,-0.3650999999998277,-1.6070437020363486,-0.5922873499998277,-2.6070437020363486,-1.6070437020363486
3,10.0,adaptive_off,36,-0.3139999999997656,2109.4799000000003,0.0,0.0352,-0.3491999999997656,0.006361851851851852,0.01,13.538461538461538,-66.23076923076923,-46.36538461538461,0.1780821917808219,3.0993903402777776,-0.06312426458523278,0.5836499999998068,nan,-0.3139999999997656,-1.4885185680117907,-0.5249479899997656,-2.4885185680117905,-1.4885185680117907
3,10.0,adaptive_inventory,38,-0.38887563400010094,2055.0138670359997,0.0,0.031684661,-0.42056029500010095,0.003737225137037037,0.00705882,12.510023129083025,-63.82400497168681,-42.88971912654348,0.1870967741935484,3.453353470588235,-0.11895880955947348,0.41436913050006297,nan,-0.38887563400010094,-1.8923260822613641,-0.5943770207037009,-2.892326082261364,-1.8923260822613641
3,10.0,adaptive_full,23,-0.20332683699994902,1412.853074237,0.0,0.025621953000000003,-0.22894878999994903,0.0024066536074074077,0.00538969,14.714081025795345,-68.99509223452067,-48.69485454154947,0.06818181818181818,1.9909935190839696,-0.09137052854753197,0.2698372014999677,nan,-0.20332683699994902,-1.4391223030020588,-0.34461214442364907,-2.4391223030020592,-1.4391223030020588
4,0.0,AS_scaled,21,-0.13510309999992387,1472.1089371,0.0,0.0217793,-0.15688239999992387,0.0018047202667654688,0.006152,11.998292199206698,-49.83285588364919,-44.25975099162627,0.05817174515235457,1.5016713091922007,-0.09547598789309394,0.13510309999992387,nan,-0.13510309999992387,-0.9177520535000077,-0.2823139937099239,-1.9177520535000079,-0.9177520535000077
4,0.0,adaptive_off,23,-0.19130810000012843,1634.3172421,0.0,0.0261768,-0.21748490000012843,0.0022600741015190813,0.008152,12.989678443826916,-46.3770841603811,-41.35708614529575,0.19827586206896552,4.621052631578947,-0.11145086735785467,0.19130810000012843,nan,-0.19130810000012843,-1.1705689389552605,-0.3547398242101284,-2.17056893895526,-1.1705689389552605
4,0.0,adaptive_inventory,22,-0.09606339199996228,1504.4847902760002,0.0,0.023904299,-0.11996769099996228,0.0012178814005187105,0.00437234,12.885775476364515,-49.796897943606034,-45.99622606318177,0.1896551724137931,4.621052631578947,-0.10022043676281966,0.09606339199996228,nan,-0.09606339199996228,-0.6385135471016579,-0.2465118710275623,-1.6385135471016579,-0.6385135471016579
4,0.0,adaptive_full,22,-0.07516940099995395,1445.160783728,0.0,0.0233617755,-0.09853117649995395,0.0013188046165246389,0.00375903,13.110539657490735,-56.30855717579134,-47.25419802818103,0.08482142857142858,2.3725225225225226,-0.0649680672783897,0.07516940099995395,nan,-0.07516940099995395,-0.5201455910396604,-0.21968547937275396,-1.5201455910396602,-0.5201455910396604
4,10.0,AS_scaled,23,-0.16579999999999018,1621.9846,0.0,0.023700000000000002,-0.18949999999999018,0.002258243793997777,0.008,11.85,-48.6,-42.45,0.047961630695443645,1.2984417060240963,-0.09300730818943374,0.17049999999997567,nan,-0.16579999999999018,-1.022204526479414,-0.3279984599999902,-2.022204526479414,-1.022204526479414
4,10.0,adaptive_off,24,-0.19365000000004784,1703.0875,0.0,0.024200000000000003,-0.21785000000004784,0.0024657280474249723,0.009000000000000001,11.523809523809524,-46.88095238095238,-41.023809523809526,0.19444444444444445,4.962812018867925,-0.10078522797150569,0.1986500000000433,nan,-0.19365000000004784,-1.1370525589557074,-0.36395875000004785,-2.1370525589557072,-1.1370525589557074
4,10.0,adaptive_inventory,24,-0.10146517449993553,1594.1980118840002,0.0,0.022505788000000002,-0.12397096249993553,0.00130832856243053,0.00457315,11.449231140207855,-48.983439766841684,-44.65605561979607,0.19444444444444445,4.962812018867925,-0.09582752738083739,0.10146517449993553,nan,-0.10146517449993553,-0.6364653182575823,-0.2608849756883356,-1.6364653182575828,-0.6364653182575823
4,10.0,adaptive_full,13,-0.012788697000004845,837.2429410300001,0.0,0.0079255695,-0.020714266500004845,0.00039970596517228604,0.0024751,7.677717426052183,-63.648034645571656,-59.80410537043172,0.04672897196261682,2.5091805,-0.024160842417339068,0.029558404999988852,nan,-0.012788697000004845,-0.15274774349571493,-0.09651299110300486,-1.152747743495715,-0.15274774349571493
5,0.0,AS_scaled,15,-0.17066639600011513,1132.7888213760002,0.0,0.019520544,-0.19018694000011513,0.004496160474074074,0.00997896,13.964231960031361,-33.1276232280513,-26.188623474135415,0.033734939759036145,1.304110176755448,-0.0631252640762932,0.3399624280000779,nan,-0.17066639600011513,-1.506603815111862,-0.28394527813771514,-2.5066038151118617,-1.506603815111862
5,0.0,adaptive_off,16,-0.2205613760000915,1134.544361376,0.0,0.020977908,-0.2415392840000915,0.005043336444444445,0.01,14.98422,-32.68948857142857,-25.760917142857142,0.10714285714285714,3.8325277028985516,-0.07636576686761219,0.39076137599992933,nan,-0.2205613760000915,-1.9440524628987612,-0.33401581213769155,-2.944052462898761,-1.9440524628987612
5,0.0,adaptive_inventory,14,-0.1770559564999985,919.263513212,0.0,0.015534338500000001,-0.1925902949999985,0.003106006859259259,0.00608706,13.694351709905401,-35.96587858715171,-26.37357507883293,0.09558823529411764,4.001473902985075,-0.1118420536178752,0.2577088900000142,nan,-0.1770559564999985,-1.9260631359265747,-0.2689823078211985,-2.9260631359265745,-1.9260631359265747
5,0.0,adaptive_full,11,-0.11103728499999477,904.228146871,0.0,0.007590332000000001,-0.11862761699999477,0.0016771960407407408,0.00301245,6.802457739675325,-33.793728748850626,-24.98702301980065,0.06358381502890173,3.1134502923976615,-0.15825104249489705,0.13617542849999253,nan,-0.11103728499999477,-1.2279786399508716,-0.20146009968709477,-2.2279786399508716,-1.2279786399508716
5,10.0,AS_scaled,15,-0.17386639599999398,1132.7920213760003,0.0,0.015870544,-0.18973693999999397,0.004210234548148148,0.00897896,11.353165042320745,-33.23492734795722,-26.29592759404133,0.03349282296650718,1.2943475913461537,-0.07068523422767897,0.32221242799995764,nan,-0.17386639599999398,-1.534848345672481,-0.287145598137594,-2.534848345672481,-1.534848345672481
5,10.0,adaptive_off,15,-0.1741642919998867,1132.7933192720002,0.0,0.015721596,-0.1898858879998867,0.004210234548148148,0.00897896,11.24661348197577,-33.34147890830219,-26.402479154386306,0.10071942446043165,3.9113036350364965,-0.0706207143715132,0.32251032399996404,nan,-0.1741642919998867,-1.537476334269123,-0.2874436239270867,-2.537476334269123,-1.537476334269123
5,10.0,adaptive_inventory,14,-0.17875038049999148,936.6686348080001,0.0,0.013252363500000001,-0.19200274399999148,0.0030061901074074074,0.00565229,11.465579116122575,-36.48368501149382,-27.220516871294357,0.09420289855072464,3.9400632205882355,-0.11908101568696375,0.24989509850000147,nan,-0.17875038049999148,-1.9083630417135942,-0.2724172439807915,-2.9083630417135944,-1.9083630417135942
5,10.0,adaptive_full,12,-0.12015065450003704,964.402369443,0.0,0.009093179,-0.12924383350003704,0.00195735387037037,0.00354921,7.6408453248744825,-29.89532046299603,-21.639783627082327,0.06936416184971098,3.1097512222222226,-0.13745152478976885,0.15781615650004355,nan,-0.12015065450003704,-1.24585606907448,-0.21659089144433702,-2.2458560690744798,-1.24585606907448
6,0.0,AS_scaled,38,-0.1284757000000809,2178.6719746000003,0.0,0.03745475,-0.16593045000008091,0.002011390596075528,0.004906,13.920593919571843,-47.73989073069204,-43.661989890730695,0.0673469387755102,1.1065573770491803,-0.08837453158727156,0.1284757000000809,nan,-0.1284757000000809,-0.5896973087179348,-0.34634289746008096,-1.589697308717935,-0.5896973087179348
6,0.0,adaptive_off,36,-0.20692079999992075,2016.7249197000003,0.0,0.0319322,-0.23885299999992074,0.00287723880044428,0.006906,12.821087288203646,-48.4106239460371,-44.00323215289488,0.21232876712328766,3.6166666666666663,-0.10278290816898292,0.20692079999992075,nan,-0.20692079999992075,-1.0260239161952807,-0.4085932919699208,-2.026023916195281,-1.0260239161952807
6,0.0,adaptive_inventory,37,-0.10115825150006685,2114.27280637,0.0,0.03430156,-0.13545981150006686,0.0012367664531654943,0.00392072,13.136979528308137,-46.878041713949344,-43.153962036238795,0.21768707482993196,3.5917241379310343,-0.08872645177062215,0.10115825150006685,nan,-0.10115825150006685,-0.4784541105352705,-0.31258553213706686,-1.4784541105352704,-0.4784541105352705
6,0.0,adaptive_full,25,-0.00780946499999402,1275.793365042,0.0,0.01858291,-0.02639237499999402,0.0007823139800074046,0.0019,11.794584226674436,-46.94474169589463,-42.64446357008935,0.08791208791208792,2.8966666666666674,-0.011377096341849068,0.0443649999999991,nan,-0.00780946499999402,-0.06121261650970357,-0.13538880150419402,-1.0612126165097036,-0.06121261650970357
6,10.0,AS_scaled,39,-0.3550481499999023,2113.5057487999998,0.0,0.03207675,-0.3871248999999023,0.004116600148093299,0.008101,12.289471667752194,-46.573119803838935,-43.96053791042489,0.0421875,0.8438256661442006,-0.11830538460239358,0.3550481499999023,nan,-0.3550481499999023,-1.6799015105659898,-0.5663987248799023,-2.6799015105659896,-1.6799015105659898
6,10.0,adaptive_off,39,-0.393950200000063,2105.3390502,0.0,0.029566150000000003,-0.423516350000063,0.0049715438726397635,0.01,11.371596153846154,-46.44305769230769,-42.27603846153846,0.1956521739130435,3.7967415693430655,-0.11388949812279321,0.393950200000063,nan,-0.393950200000063,-1.871195995545891,-0.604484105020063,-2.8711959955458908,-1.871195995545891
6,10.0,adaptive_inventory,39,-0.20350308050007015,1992.4431456060001,0.0,0.029207653500000003,-0.23271073400007017,0.0021901285227693447,0.00480425,11.870332513871848,-45.850093007320694,-42.46589860271589,0.1956521739130435,3.824569999999999,-0.11864244438531124,0.20350308050007015,nan,-0.20350308050007015,-1.021374592037229,-0.40274739506067014,-2.021374592037229,-1.021374592037229
6,10.0,adaptive_full,24,-0.03244614100000831,1183.877520122,0.0,0.017313499500000003,-0.04975964050000831,0.0007899493780081452,0.0019,11.84209592142432,-50.653341244707704,-46.26217280083172,0.07177033492822966,2.501077198067633,-0.04212933544986627,0.04409499999999866,nan,-0.03244614100000831,-0.2740667041018288,-0.15083389301220834,-1.274066704101829,-0.2740667041018288
7,0.0,AS_scaled,70,-0.28869529750011225,3858.8590615689996,0.0,0.08811663950000001,-0.3768119370001123,0.004499492893175075,0.01,18.486185392125783,-51.444140199105405,-42.0028856919818,0.054003724394785846,0.48368138992537313,-0.06768943368306032,0.4314728390000937,nan,-0.28869529750011225,-0.7481364125870139,-0.6745812036570122,-1.748136412587014,-0.7481364125870139
7,0.0,adaptive_off,69,-0.23963754649992097,3660.43333857,0.0,0.07962913,-0.31926667649992096,0.004984312997032641,0.01,17.61113793345204,-52.11793962695297,-42.2312484007041,0.23376623376623376,2.157873458515284,-0.0524366075261045,0.4397326549998155,nan,-0.23963754649992097,-0.6546698828656684,-0.605680880356921,-1.6546698828656685,-0.6546698828656684
7,0.0,adaptive_inventory,84,-0.4921321575001798,3774.1149240170002,0.0,0.085903147,-0.5780353045001798,0.003784403308605341,0.00793266,18.427496464259796,-46.627507168548355,-35.97716715186339,0.26394052044609667,1.9715152621722847,-0.13742279529489093,0.5990491565001594,nan,-0.4921321575001798,-1.3039670688575011,-0.8695436499018798,-2.303967068857501,-1.3039670688575011
7,0.0,adaptive_full,40,-0.2054832464999663,1802.9220153310002,0.0,0.060064147500000005,-0.2655473939999663,0.0010854114725519287,0.00310373,26.968783969633254,-41.61285315509841,-29.585266389274654,0.09407665505226481,1.852982456140351,-0.1853654594864736,0.22402515299994974,nan,-0.2054832464999663,-1.1397234309230033,-0.3857754480330663,-2.139723430923003,-1.1397234309230033
7,10.0,AS_scaled,64,-0.09387369999997475,3023.6523539960003,0.0,0.041958831,-0.13583253099997475,0.0028248139762611273,0.01,11.233945398719786,-52.64492327183585,-40.782103847813815,0.05227882037533512,0.7157025766129032,-0.02831880073756356,0.3719423149999077,nan,-0.09387369999997475,-0.31046459384099856,-0.3962389353995748,-1.3104645938409984,-0.31046459384099856
7,10.0,adaptive_off,63,-0.0313262060000028,2861.76050149,0.0,0.041382578,-0.0727087840000028,0.002979858486646884,0.01,11.706515183575464,-54.00425346053357,-42.17748381614278,0.18316831683168316,2.6215700999999996,-0.009294031158845726,0.3731948209997942,nan,-0.0313262060000028,-0.10946480665902175,-0.3175022561490028,-1.1094648066590216,-0.10946480665902175
7,10.0,adaptive_inventory,55,-0.3691527664998233,2769.9343471700004,0.0,0.039984373000000004,-0.40913713949982333,0.002517039962908012,0.00692216,11.6858051700087,-54.782404031541795,-40.75325905660449,0.19095477386934673,2.666316015228426,-0.14271312844157721,0.42551513349987324,nan,-0.3691527664998233,-1.3327130546504868,-0.6461462012168233,-2.3327130546504864,-1.3327130546504868
7,10.0,adaptive_full,31,-0.15525772750001465,1587.5222904710001,0.0,0.036794053,-0.19205178050001465,0.0020973120511869436,0.00504437,18.7616115157804,-60.240855677961996,-45.737313596463274,0.06688963210702341,1.7765638619528619,-0.07697766373404029,0.3056829345000409,nan,-0.15525772750001465,-0.9779877009093927,-0.31400995654711467,-1.9779877009093925,-0.9779877009093927
