env,arm,latency_ms,n,pnl_net_mean,pnl_net_ci_lo,pnl_net_ci_hi,pnl_net_std,pnl_edge_mean,pnl_edge_ci_lo,pnl_edge_ci_hi,pnl_edge_std,pnl_inventory_mean,pnl_inventory_ci_lo,pnl_inventory_ci_hi,pnl_inventory_std,sharpe_1s_mean,sharpe_1s_ci_lo,sharpe_1s_ci_hi,sharpe_1s_std,n_fills_mean,n_fills_ci_lo,n_fills_ci_hi,n_fills_std,fill_rate_orders_mean,fill_rate_orders_ci_lo,fill_rate_orders_ci_hi,fill_rate_orders_std,fill_ratio_qty_mean,fill_ratio_qty_ci_lo,fill_ratio_qty_ci_hi,fill_ratio_qty_std,adverse_cost_500ms_mean,adverse_cost_500ms_ci_lo,adverse_cost_500ms_ci_hi,adverse_cost_500ms_std,postfill_10ms_mean,postfill_10ms_ci_lo,postfill_10ms_ci_hi,postfill_10ms_std,postfill_100ms_mean,postfill_100ms_ci_lo,postfill_100ms_ci_hi,postfill_100ms_std,eff_half_spread_ticks_mean,eff_half_spread_ticks_ci_lo,eff_half_spread_ticks_ci_hi,eff_half_spread_ticks_std,inv_abs_mean_mean,inv_abs_mean_ci_lo,inv_abs_mean_ci_hi,inv_abs_mean_std,inv_max_abs_mean,inv_max_abs_ci_lo,inv_max_abs_ci_hi,inv_max_abs_std,quote_lifetime_mean_s_mean,quote_lifetime_mean_s_ci_lo,quote_lifetime_mean_s_ci_hi,quote_lifetime_mean_s_std,quote_surv_250ms_mean,quote_surv_250ms_ci_lo,quote_surv_250ms_ci_hi,quote_surv_250ms_std,quote_to_trade_mean,quote_to_trade_ci_lo,quote_to_trade_ci_hi,quote_to_trade_std,max_drawdown_mean,max_drawdown_ci_lo,max_drawdown_ci_hi,max_drawdown_std,killed_mean,killed_ci_lo,killed_ci_hi,killed_std,diverged_mean,diverged_ci_lo,diverged_ci_hi,diverged_std,d0_pnl_net,d0_pnl_net_lo,d0_pnl_net_hi,d0_pnl_net_p,d0_n_fills,d0_n_fills_lo,d0_n_fills_hi,d0_n_fills_p,d0_fill_rate_orders,d0_fill_rate_orders_lo,d0_fill_rate_orders_hi,d0_fill_rate_orders_p,d0_adverse_cost_500ms,d0_adverse_cost_500ms_lo,d0_adverse_cost_500ms_hi,d0_adverse_cost_500ms_p,d0_inv_abs_mean,d0_inv_abs_mean_lo,d0_inv_abs_mean_hi,d0_inv_abs_mean_p,d0_quote_surv_250ms,d0_quote_surv_250ms_lo,d0_quote_surv_250ms_hi,d0_quote_surv_250ms_p
informed,as_gamma0.01,0.0,24,1.689374999999871,-0.589765625000139,3.7287916666665213,5.461067802995418,38.78354166666667,37.04790104166667,40.61194270833334,4.652574901662488,-37.0941666666668,-40.54445833333329,-34.13728645833347,8.423031142242731,0.06270107007526526,0.017333303722955065,0.10895136819314852,0.11700168515773207,612.1666666666666,585.0395833333333,639.625,70.6538818076739,0.23223239239408625,0.2272219457352507,0.2369276566763089,0.012447992417367989,0.18292806804238274,0.1789872504582034,0.1867267199130322,0.00993911785771567,1.63477683162161,1.5598356048984046,1.7134083769327615,0.195785694215622,-1.414230627244886,-1.5060000138699545,-1.3377517704280901,0.21844373736626754,-1.517245244629257,-1.60613146036515,-1.4433420203721052,0.20841250479306841,1.7718034851373596,1.7516685217169299,1.7915309737030558,0.050169133206099684,2.3667428136303066,2.278975704359414,2.4551690700552067,0.2293562142177503,18.208333333333332,17.125,19.458333333333332,2.9632409793078383,0.14639205996166418,0.14218090787940427,0.15062025795329928,0.010857337499131911,0.15550562127136994,0.1486399658463962,0.16257368739024175,0.01800277160356329,7.3415396253988305,7.183478401181907,7.513586721465614,0.4251758292682666,4.9154166666666885,3.6397864583333477,6.456109375000043,3.717785957735622,0.0,0.0,0.0,0.0,0.0,0.0,0.0,0.0,,,,,,,,,,,,,,,,,,,,,,,,
informed,as_gamma0.01,1.0,24,1.4177083333331673,-0.8813906250000255,3.606083333333389,5.685053817795507,38.56854166666667,37.11104687500001,40.116880208333335,3.8735343593378664,-37.1508333333335,-40.16323958333334,-34.4977500000002,7.251838097827344,0.0698075600900982,0.022080777818016286,0.11865243203571411,0.12280617325851931,620.6666666666666,598.2916666666666,644.2927083333333,59.32787794493643,0.2323089430029969,0.22838666099061747,0.2361711407418316,0.010112948430393983,0.18251595640452076,0.17919580797076054,0.18599841454081126,0.008882838933700694,1.639072851423289,1.5345118478105222,1.753756324469894,0.2778603990960026,-1.3776162207346,-1.4515097464821998,-1.312438765550081,0.17936728817222622,-1.5224674165362064,-1.6236074989379103,-1.433706779640792,0.24613742966342633,1.765838365247913,1.745452794193471,1.7857680483774074,0.05064476013317456,2.408599847706073,2.3066765419760134,2.504666976013706,0.25710109556416777,19.291666666666668,17.75,20.792708333333337,3.917398944804272,0.14534673162847275,0.14164615668403346,0.14893414293021115,0.009139917519261364,0.153917024824799,0.14775882114199537,0.16001293372358086,0.015490888232847316,7.243818721739274,7.11448430574539,7.378656931311134,0.3471724190025063,5.086041666666687,3.590776041666738,6.795671875000043,4.063783035966105,0.0,0.0,0.0,0.0,0.0,0.0,0.0,0.0,-0.2716666666667038,-2.8527864583332354,2.1629635416667132,0.8405,8.5,-7.502083333333332,26.416666666666668,0.323,7.655060891064806e-05,-0.003531003068684868,0.004266393653510598,0.9995,0.004296019801679142,-0.11083708018109677,0.13123291845197152,0.968,0.04185703407576618,-0.0678249333714069,0.14749428897772698,0.456,-0.0015885964465709526,-0.007493396950939841,0.0038796643634911882,0.5975
informed,as_gamma0.01,5.0,24,2.4914583333332825,0.16511979166651095,4.572916666666238,5.708374183975065,38.446666666666665,37.00098958333333,40.087953125,3.9762784836716536,-35.95520833333338,-39.26765625000001,-33.11510416666687,7.997132023849634,0.09306487323725952,0.04031068608001668,0.14282587052798654,0.13320068751588562,623.375,596.5,654.13125,74.46260368685806,0.2278011897366781,0.22397729565874785,0.2317975423955082,0.010032065756184863,0.18233144286218816,0.17907262458491427,0.1857840250473406,0.00859458981199461,1.5649168039231567,1.4815762516339812,1.6571935417757222,0.22994663413808838,-1.2538098731696323,-1.3233982551585155,-1.1949488081337967,0.1664209200019227,-1.3815668688621627,-1.4813201651905343,-1.2964820996990094,0.2400521454709141,1.7665689576116013,1.745099890631072,1.7873283846620451,0.05421982588044527,2.563963449457453,2.4654108366647627,2.659463639824862,0.2516172637073561,19.875,18.666666666666668,21.25,3.4047600949770054,0.14480035559221824,0.1404960595038742,0.14860939553897975,0.010520611083561674,0.15301406448521204,0.14570226449093102,0.1598618131341015,0.018390687773217108,7.204855203615186,7.0532713695059135,7.352828812684115,0.3839393169266735,4.769791666666659,3.4393593749999245,6.301901041666583,3.6927851157671845,0.0,0.0,0.0,0.0,0.0,0.0,0.0,0.0,0.8020833333334115,-2.3747968749998334,3.630427083333748,0.599,11.208333333333334,-12.251041666666666,37.91770833333334,0.377,-0.004431202657408148,-0.008551897292971157,-0.0002681555695216385,0.0425,-0.06986002769845336,-0.18485774802165925,0.05903233747879576,0.289,0.19722063582714633,0.06284385113268602,0.3336254283266704,0.005,-0.002491556786157908,-0.009792349039797987,0.004657750036150854,0.496
informed,as_gamma0.01,10.0,24,5.266041666666879,3.5599583333337916,6.825848958333338,4.173405704230122,37.526250000000005,36.12891666666667,39.03775520833334,3.710632563558285,-32.26020833333312,-34.62171874999981,-30.064145833332987,5.81870512249365,0.1450694690016745,0.09938979150848656,0.19223914245892196,0.11954957926502373,611.8333333333334,585.8322916666667,637.8760416666667,65.50318058435535,0.22528110695505058,0.22105464750994352,0.22969791228004394,0.010957132588530656,0.18270308867302618,0.17912979018127673,0.18660037274620125,0.009278152103348538,1.4343040104292177,1.3578901391826732,1.5176025490745462,0.20644310601299104,-0.8482481238998107,-0.8714849849201739,-0.824839642493923,0.05895498297737912,-1.2353247541713988,-1.2962582046543643,-1.18090622837838,0.14994215397220628,1.7757550781437461,1.754990773568098,1.7966331219437714,0.053308466814964914,2.8496335427374837,2.733008518941557,2.9736121026080333,0.30180688227346575,21.666666666666668,20.291666666666668,22.958333333333332,3.4599153880916833,0.147904432973516,0.1438405868502541,0.15201694743615388,0.010345644325481206,0.15734916243348665,0.15064094943349307,0.16447806211790683,0.017418238240652625,7.10534785954296,6.943414508293792,7.263995286001358,0.4092105846662005,3.4758333333332376,2.692880208333318,4.348760416666503,2.139845924292176,0.0,0.0,0.0,0.0,0.0,0.0,0.0,0.0,3.5766666666670077,1.4789375000003384,5.676093750000237,0.0005,-0.3333333333333333,-18.208333333333332,16.541666666666668,0.971,-0.006951285439035677,-0.010890515165797842,-0.0030591032092341596,0.00025,-0.2004728211923922,-0.29017583594048973,-0.10431685687507178,0.00025,0.48289072910717684,0.3415137778412335,0.6269405577765087,0.00025,0.001843541162116698,-0.002399402377750849,0.006012471522104892,0.412
informed,as_gamma0.01,25.0,24,5.439166666666737,3.969369791666535,6.877750000000096,3.737014812674183,35.759375000000006,34.34516666666667,37.221322916666665,3.7298791542669028,-30.320208333333266,-32.342781250000215,-28.36499999999999,5.000940667855017,0.13603676090883618,0.09986080189788918,0.17283717454826847,0.09452634864108665,594.3333333333334,574.2062500000001,614.8364583333334,52.65446565699047,0.21569919128959728,0.21227593483535256,0.21898228302244627,0.008831378917830889,0.18119091029012624,0.1779063578498518,0.18439991027603647,0.008520049389317396,1.3451327222672036,1.263943307070663,1.4285084637328544,0.21270424413341835,-0.8254728689629703,-0.8605326683408705,-0.7915101694267352,0.0863495531538666,-1.075150549765536,-1.1293821873643397,-1.022538872599442,0.1350752820476744,1.7697483159137324,1.7525910011414136,1.7870075047216527,0.043009109490276226,3.4140491147915477,3.2739856986483913,3.546164691604797,0.34926450485585897,23.875,22.375,25.375,3.8708778916641005,0.14953290316529042,0.1462085909741739,0.15279925867505348,0.008525983845326044,0.16061992979361242,0.15450090014571527,0.16629126747806977,0.015355299924643294,7.064429347623755,6.931211260936044,7.205221989532961,0.35605365263903266,3.3389583333332613,2.725359374999914,4.007932291666662,1.6823611637057423,0.0,0.0,0.0,0.0,0.0,0.0,0.0,0.0,3.7497916666668663,1.4467395833337446,5.956322916666766,0.0015,-17.833333333333332,-34.084375,-1.0822916666666629,0.0365,-0.016533201104488967,-0.02066700833121379,-0.012198764719134699,0.00025,-0.2896441093544065,-0.3800240792204247,-0.18355597117185077,0.00025,1.0473063011612413,0.8988322149248047,1.190845707214925,0.00025,0.005114308522242455,0.0003010884147514017,0.009793144843908006,0.037
informed,as_gamma0.01,50.0,24,5.1737499999999494,4.0872708333332195,6.39818749999999,2.9922102671118433,33.04479166666667,31.824572916666668,34.29606770833333,3.1666411636082126,-27.871041666666716,-29.164057291666687,-26.574562499999715,3.336351163344003,0.1269091634271825,0.09906560550360731,0.1584350265840497,0.07768045411946771,579.0416666666666,564.5822916666667,594.2083333333334,37.74108494404504,0.20639060106986037,0.20280168688859415,0.21040567060699467,0.009653817050034721,0.1768432593374031,0.17373420305269333,0.18039970344197542,0.008531722834454263,1.2017789329930393,1.1302023268011028,1.2786564878119608,0.18748649583160987,-0.8055745077902294,-0.8306241483387582,-0.7812538845104563,0.06450598381436709,-0.9455586576684869,-0.9830838995191256,-0.9083304740210697,0.09614259712744021,1.7163817288968743,1.6892041265901951,1.7432918245602178,0.06889191353669526,3.9739910527317726,3.837201361126975,4.111623715019989,0.35182855696178555,24.75,23.166666666666668,26.458333333333332,4.316298736488092,0.14751988774670885,0.14446502249188706,0.1505736088765737,0.007958425132795972,0.15183805778870893,0.14611685342163094,0.15748351496083296,0.01489204151553789,7.152336922222678,7.026375648360363,7.266851150990613,0.3089355130128265,3.16708333333361,2.7124947916669537,3.6247968750003365,1.1752991447755745,0.0,0.0,0.0,0.0,0.0,0.0,0.0,0.0,3.4843750000000786,1.4523437500001084,5.602718750000226,0.00025,-33.125,-53.75,-13.041666666666666,0.001,-0.025841791324225896,-0.03051475946242244,-0.021201852195666605,0.00025,-0.4329978986285708,-0.5030377006914374,-0.3702887252098067,0.00025,1.6072482391014657,1.4713740957548067,1.7537865267466204,0.00025,-0.003667563482661042,-0.007880537814366286,0.0008167923471652571,0.1075
informed,adaptive_full,0.0,24,10.892083333332932,9.02616666666614,12.756749999999768,4.909572042951238,31.34875,29.483536458333333,33.265255208333336,4.92468742111133,-20.45666666666707,-22.320223958333887,-18.66993229166669,4.618236221449017,0.17246338600445488,0.1408740289880178,0.20285533476116957,0.08285727434265883,287.4583333333333,270.99791666666664,304.375,43.28769196159942,0.2780438300341395,0.26765078937373393,0.288291945398691,0.026663985781368988,0.2305149452996349,0.22102823776623687,0.2402199970940471,0.024763248647022063,1.4610657777980702,1.3643799618166257,1.5585654487539804,0.2476272641269522,-1.0472321718528315,-1.0793605485109368,-1.0155402226715027,0.08360770905966286,-1.1578432795332658,-1.2198505135555424,-1.0943756162196823,0.16091263286933571,3.1660153292624336,3.1164579127409557,3.2151147855379705,0.12670925936435812,7.26230249381306,6.82255199409861,7.729810941366838,1.177727384222623,25.958333333333332,24.875,27.083333333333332,2.851074041200228,0.3889901608469719,0.3765259935643132,0.4014304302963936,0.031572913995701946,0.3859227993271365,0.3759808104809963,0.3956856919221797,0.025450600995528035,5.790502573177943,5.518754029296974,6.076808130569724,0.7193423424779389,4.271666666666827,3.467416666666799,5.29234375000013,2.371838246311748,0.0,0.0,0.0,0.0,0.0,0.0,0.0,0.0,,,,,,,,,,,,,,,,,,,,,,,,
informed,adaptive_full,1.0,24,11.3802083333335,9.590744791666783,13.146583333333663,4.6725603909299105,30.893958333333334,29.033078125000003,32.89405208333333,5.058259061902508,-19.513749999999835,-21.24323437499974,-17.78889583333295,4.38703456592357,0.17771094456692652,0.14272615344801107,0.21354833326002534,0.09192737995945185,277.7083333333333,262.33229166666666,293.20937499999997,40.3198938562555,0.2587185149960244,0.24897855841756095,0.26902485486853017,0.026320262418343857,0.21331486804141567,0.20479056089647746,0.22262490315720349,0.02352419619631647,1.5076931754014904,1.3862977989771579,1.6320423100083548,0.30637136415551836,-1.10962353171416,-1.1535648924821735,-1.068867494712022,0.10883281547784024,-1.238437407175838,-1.312424573976557,-1.1660658719748223,0.18715298877429964,3.20043394757216,3.14233400876459,3.2600257594131943,0.14986448525187623,7.375499714448886,6.899287906910336,7.891064034837235,1.2632067650541339,28.041666666666668,26.75,29.416666666666668,3.4701104689428357,0.3716945377746106,0.3584952752528329,0.38393046769233913,0.03224335571076515,0.3811249247988402,0.3719305584678744,0.3902574704869617,0.02349216480496108,6.3013374487215925,6.030238172684176,6.552915141874578,0.6818400652393569,4.681041666666682,3.8833593750001096,5.5226197916668065,2.10811990169627,0.0,0.0,0.0,0.0,0.0,0.0,0.0,0.0,0.4881250000005668,-0.963421874999922,1.977932291667435,0.5455,-9.75,-22.50208333333333,3.375,0.141,-0.019325315038115187,-0.030356300177168945,-0.007720847520826858,0.0005,0.04662739760342011,-0.10670479056059393,0.2066461533390945,0.5625,0.11319722063582704,-0.5740362649914335,0.800859627831715,0.7685,-0.004797874528296224,-0.01374767933432697,0.0040805635461474525,0.3005
informed,adaptive_full,5.0,24,12.408958333333175,10.487692708333313,14.288505208333188,4.8524364071199715,30.430000000000007,29.183526041666667,31.738140625,3.333534486684222,-18.02104166666683,-19.58706770833315,-16.3990989583335,4.083403572672869,0.22288996128280045,0.1814342671501832,0.26536586828551656,0.10757064053811864,268.7916666666667,258.9166666666667,278.4166666666667,25.385684371599925,0.24051570150018428,0.23166991454380598,0.24835736488913182,0.021286380743879986,0.20005128731092178,0.1921130740998358,0.20709510335372633,0.01911830672096212,1.507643339811632,1.412937395931656,1.606266348162272,0.2517115085139265,-1.1594662828185534,-1.213612659240661,-1.1081564083338977,0.13461254965042987,-1.22869174383818,-1.2940259306915487,-1.1649057093265547,0.16570658208616526,3.233184178768352,3.1694932282350914,3.301086747690208,0.16478059319568175,6.717946887492862,6.3294385351227875,7.134025199885779,1.0147016875845931,23.208333333333332,22.0,24.458333333333332,3.0924756744558963,0.3563346255278745,0.3465909035059729,0.3655937629658603,0.024352387334025265,0.36645076333049836,0.35934623170670243,0.3733588558967752,0.01801296462948088,6.7599315749424465,6.5013096270616275,7.063985358284396,0.7179724664479711,3.2041666666666573,2.5914375000000742,3.881890624999971,1.6705574874395184,0.0,0.0,0.0,0.0,0.0,0.0,0.0,0.0,1.5168750000002416,0.10373437500069468,2.972749999999848,0.0345,-18.666666666666668,-31.334374999999998,-7.0,0.001,-0.03752812853395527,-0.04663208376932539,-0.02825268393100831,0.00025,0.04657756201356155,-0.04842399132816982,0.14558675741428886,0.354,-0.544355606320198,-0.9593809489815345,-0.14917249666857024,0.006,-0.019472035996638107,-0.02980835992564226,-0.00859965356018493,0.00025
informed,adaptive_full,10.0,24,11.641458333333034,9.524005208333131,13.798947916666355,5.4748842511423,30.372708333333332,28.7585,32.054260416666665,4.218379809308274,-18.731250000000298,-20.843343750000237,-16.622161458333647,5.422482234821608,0.20474044492194018,0.16364664526817727,0.24473883809404545,0.10497278069889049,267.8333333333333,255.16666666666666,280.75104166666665,32.63589204044165,0.22230554021440496,0.2155964732978847,0.22852451284266947,0.01692491127243243,0.18699665879003166,0.18057566263498237,0.19292903766726024,0.01609309104168916,1.5264292578354273,1.4127252461952358,1.6538718711686449,0.3063797417379916,-1.2093680141290335,-1.2657713169301434,-1.152059798694345,0.15075129935491263,-1.2818352589171982,-1.3598111119728253,-1.2004258265218073,0.20627757573027103,3.2733005058182383,3.2173243251707513,3.330604873485429,0.14860984634911878,7.015729107176852,6.588275747192081,7.477113078241005,1.164567133330723,23.833333333333332,22.75,25.0,2.853931943167511,0.33919116284079137,0.3291698432794332,0.34915977430127126,0.025106852854226886,0.35060600365467226,0.3412332348988748,0.36005935737747546,0.024147509173791513,7.138460620525332,6.9033835931359855,7.395580750151765,0.6507428112041798,3.511666666666706,2.8556250000000505,4.307734375000071,1.8413904639103036,0.0,0.0,0.0,0.0,0.0,0.0,0.0,0.0,0.7493750000001024,-1.137921875000207,2.8015052083333183,0.4585,-19.625,-29.125,-10.623958333333329,0.00025,-0.05573828981973456,-0.062419025241069806,-0.04892315809074471,0.00025,0.06536348003735708,-0.09292103115525112,0.2253328580292157,0.4595,-0.2465733866362078,-0.7942723205787168,0.3144780363601754,0.3805,-0.03531679567246426,-0.04547491831269736,-0.026072601564203428,0.00025
informed,adaptive_full,25.0,24,11.493541666666447,9.46702604166647,13.460249999999816,5.165057026320614,26.767083333333336,25.32160416666667,28.24419791666667,3.768204195942523,-15.273541666666887,-17.023864583333808,-13.674369791667004,4.300430837659338,0.21441591700828957,0.17209323208077965,0.2565442004331503,0.11015163006806462,245.08333333333334,232.58333333333334,257.00104166666665,31.333988583959595,0.19000201279849457,0.18354247276410104,0.19522595771897408,0.01523340101285691,0.16272071788837514,0.15669058536684038,0.16798580618312947,0.014751987671334597,1.4788744111153445,1.3687139321725517,1.5955699767573612,0.29569543367409873,-1.128142775667402,-1.1825321018370125,-1.0778514675325066,0.13590546221019234,-1.2262617947246437,-1.3044643063385692,-1.1480126544226894,0.2002467151653488,3.1615550368758965,3.1101684611482856,3.211587198056485,0.13050889855460265,6.450171330668191,6.12600061869408,6.796235484485057,0.8538853674809178,25.333333333333332,23.666666666666668,27.166666666666668,4.390371546787422,0.32451790283956344,0.31389769566019465,0.3355644796780285,0.02733225028844013,0.3386044059406926,0.32823729302605636,0.3492638383035075,0.026819246084122516,8.195333916376315,7.918917954903251,8.542274713891818,0.7984218464586471,3.5270833333333846,2.825411458333445,4.358505208333387,1.9711373436511808,0.0,0.0,0.0,0.0,0.0,0.0,0.0,0.0,0.6014583333335152,-1.3904166666664133,2.684510416666674,0.572,-42.375,-53.834375,-31.083333333333332,0.00025,-0.08804181723564498,-0.09656981658213361,-0.07984019483902814,0.00025,0.01780863331727381,-0.10379912170919654,0.142743780065484,0.796,-0.8121311631448696,-1.3758774747763185,-0.2823547258709309,0.001,-0.047318393386443815,-0.05508389003897644,-0.03907580527169807,0.00025
informed,adaptive_full,50.0,24,9.467291666666942,7.569369791666913,11.399833333333714,5.0360198179599855,24.377291666666665,22.83056770833333,25.93734375,4.078448655183857,-14.909999999999727,-16.2320885416665,-13.491114583333033,3.589917644689479,0.17434172671851908,0.1345387400412879,0.21583176559054906,0.10521720695578228,237.125,225.125,248.83333333333334,30.928124951950746,0.13883813247336532,0.13308122398512967,0.14434958343696666,0.014533958582142868,0.11938240029903291,0.11409031235160022,0.12447729347171994,0.01348244846257463,1.4800209233380295,1.3835315918640398,1.574061401919714,0.24589611869919142,-1.1427412081435493,-1.1895639315948465,-1.0944694108649686,0.12448495366786415,-1.1890275648107742,-1.2528424070452084,-1.1212593969897724,0.16730976180763202,3.03207893837027,2.968531061527196,3.098821832085883,0.1704899822343981,6.724324195697697,6.414336450599657,7.047101656196459,0.8305020261578099,24.083333333333332,22.791666666666668,25.458333333333332,3.4251837991516623,0.2506244981738946,0.24358512534637974,0.257717498386992,0.017843217590847744,0.23508268509482325,0.22821076688933598,0.24220148377360812,0.0178068331920803,11.089532531446421,10.626546258429766,11.59869837901964,1.2585728612761267,3.572916666666655,3.0343697916666175,4.143973958333286,1.418488874967278,0.0,0.0,0.0,0.0,0.0,0.0,0.0,0.0,-1.4247916666659908,-3.261984374999875,0.6974739583344685,0.1615,-50.333333333333336,-62.333333333333336,-39.208333333333336,0.00025,-0.1392056975607742,-0.14799672926484192,-0.13072613214455714,0.00025,0.018955145539958963,-0.0916428383351108,0.12860202811196308,0.7465,-0.5379782981153626,-1.151141609556444,0.045296140300780594,0.072,-0.15084011423231325,-0.15945690115081904,-0.14281177338489878,0.00025
informed,adaptive_no_latency_term,0.0,24,10.892083333332932,9.02616666666614,12.756749999999768,4.909572042951238,31.34875,29.483536458333333,33.265255208333336,4.92468742111133,-20.45666666666707,-22.320223958333887,-18.66993229166669,4.618236221449017,0.17246338600445488,0.1408740289880178,0.20285533476116957,0.08285727434265883,287.4583333333333,270.99791666666664,304.375,43.28769196159942,0.2780438300341395,0.26765078937373393,0.288291945398691,0.026663985781368988,0.2305149452996349,0.22102823776623687,0.2402199970940471,0.024763248647022063,1.4610657777980702,1.3643799618166257,1.5585654487539804,0.2476272641269522,-1.0472321718528315,-1.0793605485109368,-1.0155402226715027,0.08360770905966286,-1.1578432795332658,-1.2198505135555424,-1.0943756162196823,0.16091263286933571,3.1660153292624336,3.1164579127409557,3.2151147855379705,0.12670925936435812,7.26230249381306,6.82255199409861,7.729810941366838,1.177727384222623,25.958333333333332,24.875,27.083333333333332,2.851074041200228,0.3889901608469719,0.3765259935643132,0.4014304302963936,0.031572913995701946,0.3859227993271365,0.3759808104809963,0.3956856919221797,0.025450600995528035,5.790502573177943,5.518754029296974,6.076808130569724,0.7193423424779389,4.271666666666827,3.467416666666799,5.29234375000013,2.371838246311748,0.0,0.0,0.0,0.0,0.0,0.0,0.0,0.0,,,,,,,,,,,,,,,,,,,,,,,,
informed,adaptive_no_latency_term,1.0,24,11.966666666666748,9.661416666666375,14.141901041666902,5.716230451942507,31.518958333333334,29.974328125,33.047734375,4.0160490478466695,-19.552291666666587,-21.788609375000185,-17.51746874999963,5.583869621930133,0.20489244838380324,0.16261661089105037,0.24506665474058628,0.10526811709776596,295.25,279.91562500000003,309.50104166666665,37.931574549787506,0.2836771658828792,0.2739513591861171,0.293265055337043,0.024893987099396372,0.23750157384375545,0.22931137111540842,0.24536752855205268,0.021098016288715094,1.4158538664673161,1.293229112507867,1.5450720112699465,0.3224435521046535,-1.041813713695262,-1.0862758219055897,-0.9983085101263011,0.11120248233021249,-1.113710628024335,-1.2008888755947682,-1.0302650224840395,0.20995313395298415,3.092065271430196,3.0405732305038318,3.1475165422888725,0.13607028822304454,7.190795735770036,6.778472420521607,7.6333160812868845,1.100065384328389,25.916666666666668,24.541666666666668,27.375,3.6345763064676784,0.38916457022514245,0.37780900074185836,0.40084645757129117,0.02980485190424837,0.3932814563165696,0.381655303061613,0.40465519413961254,0.029551711925617025,5.578821806141576,5.371359547963564,5.811827213982917,0.5755519805057403,4.016250000000103,3.1389270833333986,5.1433906250002766,2.547471999248977,0.0,0.0,0.0,0.0,0.0,0.0,0.0,0.0,1.0745833333338155,-0.9967447916654891,3.261489583333796,0.3175,7.791666666666667,-5.626041666666667,21.166666666666668,0.261,0.005633335848739687,-0.004471482794054088,0.015550209974981034,0.2885,-0.04521191133075427,-0.18738110636202457,0.09067483383876768,0.5325,-0.07150675804302305,-0.6443627450980393,0.46989458404721113,0.7785,0.007358656989433103,-0.0021010863848657654,0.01792494730422054,0.135
informed,adaptive_no_latency_term,5.0,24,10.930416666666696,8.844953125000082,12.889609375000104,5.226564445770932,30.31458333333333,28.839328125,31.710723958333336,3.7564416895070623,-19.384166666666637,-20.902510416666626,-17.92517187500016,3.831836790418707,0.1781195238400177,0.1397228411619956,0.2158810140199558,0.09731120806901528,291.375,274.9145833333333,306.20937499999997,40.47201126275014,0.2701570235633353,0.25692028427710606,0.28287154493998873,0.03360861556286581,0.22938604256536968,0.21692969946084592,0.2409511170495682,0.03089027201480419,1.4761692715776338,1.323837411644546,1.644253582839759,0.40706394741055096,-1.066924480568492,-1.1246323445371993,-1.0130342709685978,0.13861227750667943,-1.146580451956489,-1.2439336148303657,-1.0561956135033177,0.2365320388541738,3.0481426347606337,2.9769022355783195,3.120237291632745,0.1848009017755813,7.5341233580810965,7.136106153626498,7.947751879878165,1.0541254699010525,26.75,25.583333333333332,28.041666666666668,3.193063133405452,0.3813339686138222,0.3721291588929188,0.39083909495167063,0.0240458536441067,0.3883216410899881,0.3802180496067969,0.3965226434512548,0.021149230036404544,5.806838865723358,5.446046317868951,6.2222684393654175,0.9907595397001162,4.185416666666685,3.5041510416666033,5.07020833333344,2.0334688271559975,0.0,0.0,0.0,0.0,0.0,0.0,0.0,0.0,0.03833333333376565,-2.040692708332924,2.1483489583335302,0.963,3.9166666666666665,-10.792708333333332,19.16875000000001,0.6415,-0.007886806470804227,-0.01851622696835897,0.003514408740744487,0.171,0.015103493779563418,-0.14665046706402243,0.17548482516706498,0.8755,0.27182086426803737,-0.36315260327431953,0.8794605463544645,0.4285,0.0023988417628516396,-0.007173309880911463,0.011562868316628387,0.6005
informed,adaptive_no_latency_term,10.0,24,10.841041666666248,8.746536458332987,12.817114583332943,5.289989105595581,30.388333333333332,28.807692708333335,31.962546875,4.182567514636524,-19.547291666667086,-21.802072916667296,-17.572671875000513,5.389616421611365,0.18308330013790317,0.143978059585216,0.22099195213177217,0.0994430050204945,301.7916666666667,287.2895833333333,316.95937499999997,38.874356325348266,0.26976608140942493,0.26021884580432386,0.2785805688319112,0.02367224851626471,0.23159796409030386,0.2229222530975044,0.23966521473320032,0.02183588685136581,1.3291587319403209,1.1890216145959571,1.4796882354423087,0.356892883320998,-1.0797321881679673,-1.1427039009732938,-1.020330132812328,0.15355712420417295,-1.0775928787004405,-1.1647813978428188,-0.9891359887392747,0.2201644176738681,2.9662494650767415,2.9073986716701294,3.024036350181904,0.14568193927167591,7.042428136303065,6.607365434037693,7.491053326670475,1.1125827173810148,25.458333333333332,24.25,26.541666666666668,3.0069364254447857,0.3761217435772301,0.3641778844338299,0.3884724664245809,0.030650570388119986,0.38068875433640414,0.3722763086620508,0.3891384930518304,0.021516702826936504,5.602625373583153,5.37739186628162,5.8583426409402355,0.6148521587716912,4.769583333333531,3.6674843750001265,6.022729166666927,3.0802120609757835,0.0,0.0,0.0,0.0,0.0,0.0,0.0,0.0,-0.05104166666668478,-2.6887604166670434,2.427291666666696,0.9725,14.333333333333334,2.7916666666666665,25.75312500000001,0.0115,-0.008277748624714613,-0.01638545446532913,8.558498307623336e-06,0.0515,-0.13190704585774962,-0.2842631447619306,0.02215916690125963,0.088,-0.21987435750999443,-0.8631383257186371,0.35768370454978105,0.486,-0.0052340449907322785,-0.014334401297895778,0.004593104521141846,0.2825
informed,adaptive_no_latency_term,25.0,24,10.726875000000206,9.151020833333586,12.317062499999956,4.116590192110795,28.031458333333337,26.76352604166667,29.324630208333332,3.322792329916756,-17.304583333333127,-18.98000520833321,-15.735760416666373,4.214501341555177,0.1995310162864176,0.16191992268142358,0.23875982916644145,0.09924948945396815,304.7916666666667,292.25,317.1666666666667,32.32172397289028,0.25591366353234063,0.2495018521396318,0.26231716538624394,0.01669651422229333,0.2274586204338346,0.2216182548607081,0.23324219637098842,0.01520105621573815,1.3032466450365623,1.215517570485124,1.3898533525113608,0.21770349680588827,-1.0349757861371955,-1.0879484415938494,-0.9816251353368249,0.135156337459894,-1.0457910129807368,-1.1217116195627848,-0.9691066706099115,0.1908989337624911,2.7593377033446327,2.7180933129097014,2.7977727807128048,0.10621970274171547,6.7613982486198365,6.4406261897963075,7.10590019988578,0.8694281341959096,25.791666666666668,24.25,27.458333333333332,4.180484335021759,0.3687376232967674,0.3556735684195438,0.38194103055934764,0.03429570595558444,0.3670660277794015,0.3550707808470902,0.37833395454147517,0.029821234247567698,5.5884508137481745,5.401968762645921,5.78195599107147,0.4882032827255255,3.804583333333492,3.18914062500012,4.438333333333524,1.638064815744418,0.0,0.0,0.0,0.0,0.0,0.0,0.0,0.0,-0.16520833333272714,-2.145510416666114,1.7706614583337736,0.8585,17.333333333333332,6.123958333333333,28.167708333333337,0.003,-0.022130166501798967,-0.029995195710583403,-0.013391437917838343,0.00025,-0.15781913276150814,-0.24800040769953485,-0.06287407076353638,0.0005,-0.500904245193223,-1.033084665905197,0.03682419569769655,0.067,-0.01885677154773499,-0.030253586276212906,-0.00699136883430192,0.002
informed,adaptive_no_latency_term,50.0,24,8.468333333333193,6.914151041666352,9.926781249999898,3.887083031368862,27.57041666666667,26.361994791666667,28.874239583333335,3.241672245813164,-19.10208333333347,-20.817322916667013,-17.550598958333588,4.164222333753526,0.17317787232654047,0.13700319086597154,0.2087157937687511,0.09193256502549269,329.0,314.87291666666664,342.9583333333333,35.85477956132633,0.20091907364175468,0.19381225259914162,0.20733862958248267,0.017283394162479353,0.180146307423915,0.17367205885084916,0.18574292135439127,0.015686385624622986,1.317393926499283,1.2228289103107148,1.4254399006953409,0.26207972179060685,-0.9748304518480947,-1.0212412520203908,-0.933828065344967,0.11002093158547746,-1.0386486323498498,-1.1038378955501928,-0.9796332930940782,0.15892862726618745,2.4780942029584696,2.433056509503053,2.527161768534154,0.12147918711297101,6.819055777650867,6.468742861222158,7.243933228631258,0.9723827580011172,25.291666666666668,23.748958333333334,27.083333333333332,4.408284361800264,0.26356841779172924,0.25744803456581894,0.26953195789425904,0.015538655717708419,0.24122656406515816,0.23554740039289412,0.24676134897666413,0.014215211173033683,7.281663504845235,7.019297577733948,7.5794183314493715,0.7199831808999824,3.4854166666667177,2.8764531249999403,4.234843750000088,1.7233416203934917,0.0,0.0,0.0,0.0,0.0,0.0,0.0,0.0,-2.4237499999997394,-4.58026562499991,-0.4182968749997826,0.013,41.541666666666664,31.541666666666668,51.50104166666667,0.00025,-0.07712475639238485,-0.08467479809225925,-0.0698380234890115,0.00025,-0.14367185129878735,-0.27226388855234646,-0.015777939636944686,0.0255,-0.44324671616219297,-0.9217268703597943,0.0022380068532269954,0.051,-0.1446962352619783,-0.1520862159781054,-0.13674699278098282,0.00025
informed_jump,as_gamma0.01,0.0,24,-3.7064583333332934,-7.494197916666815,-0.5594843750000862,8.953237510042808,41.02166666666667,39.612015625000005,42.40250520833334,3.5610589126986008,-44.728124999999956,-49.21359895833346,-40.67004687500001,10.774356917408184,-0.01437284859258548,-0.05608150672023469,0.03387738816331111,0.11574579951022472,635.3333333333334,610.7083333333334,659.4197916666667,61.700304182652815,0.2325453216722265,0.22879143465606777,0.2359351855890069,0.009103822867095114,0.1822474714999794,0.17890931910723992,0.18542190527901534,0.008513176084770532,1.9043117119926538,1.7401269967459247,2.121879039159711,0.5023279658721833,-1.5232843723828744,-1.5995326492235564,-1.4509682548382217,0.19145712652299288,-1.6749799732234658,-1.770337458038795,-1.5787617954366655,0.24366369200814741,1.8060860632750992,1.774484657571683,1.8430746925858106,0.08891183384667055,2.2990434037692746,2.2155399295640588,2.383352370074243,0.213855567268516,18.833333333333332,17.291666666666668,20.458333333333332,4.039658473152174,0.1398158613931009,0.13635619290631154,0.1433168334249068,0.0087129374293092,0.14624199530596774,0.14087221447534512,0.15154338741514195,0.01346038697407286,7.378827136027421,7.250766182583387,7.515565845970251,0.3368491542950147,8.52687500000003,5.912244791666669,11.88075000000018,7.796180895086993,0.0,0.0,0.0,0.0,0.0,0.0,0.0,0.0,,,,,,,,,,,,,,,,,,,,,,,,
informed_jump,as_gamma0.01,1.0,24,-0.3391666666667484,-2.266114583333477,1.4974947916665515,4.859908673919739,40.585208333333334,39.18891145833333,41.930338541666664,3.5109209986922187,-40.92437500000008,-43.81148958333337,-38.23866666666686,7.254333084814427,0.01577926254892556,-0.020230532020445665,0.050176167615352776,0.0907158987696475,630.2083333333334,609.2489583333333,650.959375,53.629144547787966,0.23036853753145672,0.22688155626028625,0.23373753783126713,0.008846493077098297,0.18085746017251403,0.17759069674682462,0.18399111963185952,0.008254306485708181,1.7724533580296253,1.6839983757572328,1.8634268253011241,0.23180428911379056,-1.420809343276887,-1.4795620010696915,-1.3689536993775386,0.14595985164024625,-1.5947637919533424,-1.6610654401161247,-1.5329681501367325,0.16559430987319457,1.8152484568036857,1.7923877151846603,1.8380368965418654,0.057259625565473794,2.4136207881210736,2.3404631877022655,2.4827348657909765,0.183071836220093,18.083333333333332,16.875,19.375,3.2559866823072725,0.14054429792385467,0.13743889873484313,0.14375541262184485,0.008086139488983854,0.14696686539500173,0.14155836977935057,0.1526555091976332,0.01399625683608199,7.368486351334066,7.246907384116605,7.500062924824317,0.32543077025645545,5.4756249999998765,4.023531249999866,7.070739583333305,3.948231665954091,0.0,0.0,0.0,0.0,0.0,0.0,0.0,0.0,3.3672916666665453,0.8318229166666123,6.492333333333129,0.004,-5.125,-19.628124999999997,9.292708333333337,0.456,-0.0021767841407697836,-0.005194116723302826,0.0009765442943399258,0.1695,-0.1318583539630282,-0.3153657795172515,0.009329452769248743,0.075,0.11457738435179897,0.03417570911859898,0.19105213687416717,0.0035,0.0007248700890339892,-0.0024036573706917278,0.0040704750058033696,0.6905
informed_jump,as_gamma0.01,5.0,24,2.4750000000003,1.0524166666667931,3.9404791666672976,3.703238594386973,40.09354166666667,38.53386458333334,41.64515104166667,4.0130099511156985,-37.61854166666637,-39.81683854166669,-35.47976562499978,5.6262205398835015,0.06719968345397476,0.029912875721267378,0.10780548022477403,0.09990640539770902,630.7083333333334,607.7489583333333,654.2937499999999,59.26761647239444,0.2281375365584155,0.22431842946901895,0.2319268455233207,0.009915437976027534,0.1829288520394111,0.1794422597144271,0.18651493665660857,0.009222588184683193,1.624673814453072,1.5418963188729067,1.7027880695758586,0.2056152659147794,-1.275641845506555,-1.3214537417700256,-1.2326870615617138,0.11370455819836815,-1.4408723179670921,-1.4938165213305794,-1.386615860545281,0.13876500256538182,1.8083226178928928,1.786815348707768,1.8308926502735767,0.05633222624113283,2.559489815343613,2.493376403959642,2.623525842375785,0.17153570087768694,21.0,19.125,23.041666666666668,4.916697371557279,0.14204966840083233,0.13885373760916245,0.1453684575761758,0.008299591237922803,0.14793124774029617,0.1424827620552562,0.15344967204757953,0.014197657892461373,7.217844407883159,7.083082803067439,7.352173448643038,0.35343599388254515,4.375416666666581,3.5316406249999885,5.279838541666435,2.2328145217203748,0.0,0.0,0.0,0.0,0.0,0.0,0.0,0.0,6.181458333333594,3.1262135416671195,9.739677083333614,0.00025,-4.625,-21.001041666666666,10.668750000000006,0.569,-0.004407785113811011,-0.0073410857495372,-0.0015575743409472775,0.002,-0.27963789753958174,-0.4733490328345567,-0.12340330881752541,0.00025,0.2604464115743384,0.17542059299447935,0.34564534551684756,0.00025,0.0016892524343284185,-0.002787486494887603,0.006232440366599126,0.454
informed_jump,as_gamma0.01,10.0,24,1.6016666666666677,-1.008161458333346,3.9138489583331455,6.2383194620141875,38.44833333333333,36.873458333333325,39.98523958333333,3.927100840886665,-36.846666666666664,-39.91980729166677,-33.91827604166665,7.640897208111661,0.07033925192954364,0.02349641912485624,0.11769825433546197,0.11742116442796333,617.4166666666666,588.9583333333334,644.2510416666667,70.99964278334306,0.22123958119442888,0.21668802708422535,0.2255981340296031,0.011353396075070396,0.1789585178584895,0.17531870864896282,0.18264814695476203,0.009471261816219594,1.5542170304668828,1.4278552590218232,1.7069597407021204,0.3514390239550738,-0.8894992237356787,-0.9141733365122322,-0.8657474331783985,0.061239780022479914,-1.3092595819239872,-1.3678278437052007,-1.2539652948412636,0.14526616052825647,1.8059729356438368,1.7814129316879088,1.8322750446976723,0.06697913127993546,2.8360460689130025,2.7340555396916044,2.9415375737673712,0.26834850793156545,21.583333333333332,20.083333333333332,23.166666666666668,4.02077936060494,0.14386474267463056,0.13989043376636176,0.1482196190925262,0.0104428062543247,0.14941135823575358,0.1415472026374852,0.1578929662685231,0.020478112556221277,7.268396784875352,7.088219401590836,7.459401312154796,0.477288613764111,5.179999999999958,3.622703125000004,7.124770833333403,4.482053343492637,0.0,0.0,0.0,0.0,0.0,0.0,0.0,0.0,5.308124999999961,2.7984895833337395,7.981229166666608,0.00025,-17.916666666666668,-32.334375,-2.9145833333333258,0.025,-0.011305740477797617,-0.01469519975696916,-0.008008273023999944,0.00025,-0.3500946815257711,-0.4673395325692374,-0.23830264156594344,0.00025,0.5370026651437273,0.4377468827336759,0.6382608747382448,0.00025,0.0031693629297858393,-0.0017931106985135034,0.008191405430357356,0.216
informed_jump,as_gamma0.01,25.0,24,4.397499999999996,2.1555572916666015,6.472536458333036,5.490089292058933,36.957708333333336,35.61933333333333,38.431333333333335,3.616255864350485,-32.560208333333335,-35.34420833333299,-29.766687499999918,7.12637926835549,0.12403910528058369,0.07747347209371008,0.17214955174403274,0.11939571582590354,597.5416666666666,578.0,617.7927083333333,50.78426593608169,0.21376140970227428,0.2104558790605649,0.2170303947578314,0.008443844430452263,0.17990515955389985,0.17688227790019956,0.18296672586804572,0.007811097493364745,1.3312223754860242,1.2389728574610483,1.4270597505202383,0.24010392606318942,-0.8185356779727447,-0.8484490939864151,-0.7904674224821459,0.07599232694897919,-1.0644754981720819,-1.1244350271324286,-1.0129358901374246,0.14300663841195757,1.8220599350052842,1.7981520080067839,1.8461427926001694,0.0623317249050413,3.5375261755187513,3.423893489434609,3.6734782505235106,0.3201859888841687,23.958333333333332,22.166666666666668,25.958333333333332,4.840761408548531,0.1476490823387913,0.1440810281389707,0.15119225745269077,0.008921723085940195,0.15568661008378307,0.14866403322690566,0.16248757695118443,0.01770548984147151,7.113986142975005,6.992249231275623,7.2440966410169185,0.3280400294605423,3.721874999999972,2.6882708333332794,5.154187499999921,3.2112224451743354,0.0,0.0,0.0,0.0,0.0,0.0,0.0,0.0,8.10395833333329,5.671494791667169,10.737848958333343,0.00025,-37.791666666666664,-57.166666666666664,-19.875,0.00025,-0.018783911969952213,-0.021753211636797134,-0.015803802783408597,0.00025,-0.5730893365066299,-0.7766626170830354,-0.40588758049320983,0.00025,1.2384827717494764,1.099229011993147,1.3971349704930516,0.00025,0.009444614777815339,0.0038798505629363956,0.015223596466511698,0.0025
informed_jump,as_gamma0.01,50.0,24,2.4266666666668377,0.7239479166669414,4.0954947916666535,4.30009925736449,34.108125,32.30917708333333,36.06152604166667,4.759856093116042,-31.681458333333165,-34.15534374999953,-29.458864583333096,6.089127423596558,0.06389362482672595,0.02722341936701681,0.10098547991817577,0.09451650931543797,576.875,555.9583333333334,597.8333333333334,52.4813113734619,0.20152942803321627,0.19766113178720934,0.20525125680403355,0.009804532557224162,0.17252416416004915,0.16883232802849651,0.1760001444577111,0.009191145040103845,1.3178704467385716,1.2376125344641031,1.405375960318295,0.2185405165996323,-0.8236400244227075,-0.8591975838899444,-0.7930184977323953,0.08456871456074394,-0.9780625031457868,-1.0279593793572108,-0.9317028631546258,0.12596216664708332,1.7721306560086134,1.733846328450259,1.8161813984192512,0.10673323709634823,4.143275271273558,4.010853916809442,4.287296544831525,0.3553460174943881,25.875,24.0,27.791666666666668,4.857199944859984,0.14468517501194525,0.1406576204825218,0.14860408064050457,0.01018432789314623,0.15098031450375626,0.14393039930782406,0.15810292736310855,0.018353106681889136,7.368871226694636,7.245564781257793,7.498303251602605,0.3255947757460749,4.487916666666526,3.7574843749999176,5.265046874999739,1.945385239967674,0.0,0.0,0.0,0.0,0.0,0.0,0.0,0.0,6.133125000000131,2.8711770833336114,9.749098958333482,0.00025,-58.458333333333336,-76.709375,-41.708333333333336,0.00025,-0.031015893639010222,-0.03371748838654673,-0.028293581404378584,0.00025,-0.5864412652540821,-0.7994414260118239,-0.4215334882210009,0.00025,1.8442318675042833,1.687510708166762,2.00692520940415,0.00025,0.00473831919778854,-0.0004973309868955599,0.010360928926868495,0.078
informed_jump,adaptive_full,0.0,24,10.859374999999991,8.450822916666654,13.250973958333626,6.183180958560585,32.64416666666667,30.332041666666665,35.0836875,6.085350668089982,-21.784791666666678,-23.87063541666672,-19.758322916666476,5.331216004360277,0.1606283581250523,0.1246160609806301,0.1977520373231052,0.09292912227963505,296.0416666666667,277.375,313.8333333333333,46.51645727160925,0.27307742265598534,0.26027759227496966,0.2842725375004607,0.030224354596749204,0.22727555337609853,0.21500395410135917,0.23831932636308173,0.029321830575764627,1.5083505552073142,1.3704461348758246,1.6537192660143694,0.37021596680178653,-1.0431518237503605,-1.1017793278714694,-0.9919627762602105,0.14153363513281478,-1.144298046059798,-1.2215760497609416,-1.0711990994616825,0.18787670059282538,3.17968440448517,3.1108441312370383,3.2502228138287244,0.17691586960161812,7.31631924614506,6.9845165857605185,7.656677136874166,0.8646604052134218,28.0,26.958333333333332,29.125,2.7662562992324986,0.3699008954134378,0.3569517766293314,0.3828132713040643,0.03321239669565594,0.38535460871823,0.3750034128503539,0.3960090774170986,0.026898079932660315,5.952066337767408,5.629481685597877,6.340365024956744,0.9085161471127734,5.142083333333357,4.189953124999968,6.222088541666742,2.6303260323070567,0.0,0.0,0.0,0.0,0.0,0.0,0.0,0.0,,,,,,,,,,,,,,,,,,,,,,,,
informed_jump,adaptive_full,1.0,24,11.403124999999918,9.348729166666626,13.343354166666769,5.119544352283761,33.96958333333333,32.23531770833333,35.85228645833333,4.64503543222941,-22.566458333333415,-25.53082291666665,-20.00734895833335,6.884443945081473,0.17612957172800978,0.13993866496033516,0.21303907589374627,0.09156419476330682,301.5833333333333,289.5416666666667,313.75208333333336,31.586894181890866,0.2669042951506098,0.25916048966394767,0.27385746996115773,0.01891474218705272,0.2191964232118829,0.21174627081943076,0.22569788465953322,0.01803701869373786,1.4598665505896273,1.3426365216637972,1.5952045907308074,0.3164786782187646,-1.099144421433409,-1.1416133659386194,-1.0595046789746791,0.10475063862490794,-1.1788503996086648,-1.257040232307196,-1.1105257878125165,0.19347749104744083,3.2440790644073676,3.1774923912267523,3.325030848395115,0.19077385606064723,7.175566343042071,6.736579097658482,7.652558062059774,1.1978304765959156,26.833333333333332,25.583333333333332,28.042708333333337,3.1851102863530305,0.34998340072384737,0.3385181476540403,0.36083831059476523,0.028303723675251927,0.3675373717659527,0.3577747284616671,0.3766585512549122,0.024333461644451826,6.094424678457426,5.913057567857235,6.297526218884098,0.5016172443719634,4.756874999999996,3.8905625000000073,5.7342812499999,2.300894822388841,0.0,0.0,0.0,0.0,0.0,0.0,0.0,0.0,0.5437499999999277,-1.671250000000125,2.8652239583339663,0.6525,5.541666666666667,-6.792708333333334,17.959375,0.395,-0.006173127505375545,-0.015184830880927588,0.00275258269278982,0.185,-0.048484004617687,-0.19684294973974803,0.10468007371392173,0.548,-0.1407529031029888,-0.6080923995811918,0.34851572910717665,0.561,-0.017817236952277347,-0.027964837728389202,-0.008133507154143424,0.0005
informed_jump,adaptive_full,5.0,24,11.561041666666776,9.083119791667022,13.874531250000533,6.15864750453738,33.30041666666667,31.28966666666667,35.27025520833334,5.127951306462384,-21.739374999999892,-24.220015625000165,-19.331859374999723,6.234091111276428,0.190183672679628,0.14588823729263145,0.23074399881565882,0.10849031916671446,294.125,275.9583333333333,311.4604166666667,45.38177425776353,0.24920430679248173,0.23895129489009195,0.2588023941448911,0.025835730624840528,0.2068210425664593,0.19747148915222795,0.21537682461910462,0.022979405020267043,1.4900858924041869,1.3737517672817678,1.6070303429248676,0.29378468001243596,-1.1367386114860383,-1.1667502364560387,-1.1066079980555517,0.07847528418226851,-1.2028362413019407,-1.263835892833865,-1.1431286637014144,0.1549696605520757,3.27373691661548,3.219463247373979,3.327947332801525,0.13495887931653064,7.019227108319055,6.671375285551113,7.416162787930706,0.9221897618763812,26.166666666666668,24.833333333333332,27.458333333333332,3.3449074422323632,0.34002358192838456,0.33081673312935284,0.349835993922069,0.024432780357906532,0.35679543928071283,0.3485140325743061,0.3657543093006294,0.021755018389110457,6.504844320753487,6.196891769172607,6.844998022380603,0.8416982620970309,4.175208333333276,3.4009687499999464,5.078197916666567,2.1604732166651432,0.0,0.0,0.0,0.0,0.0,0.0,0.0,0.0,0.7016666666667882,-1.7085312500002516,3.2677239583333417,0.5865,-1.9166666666666667,-17.541666666666668,13.25,0.813,-0.02387311586350363,-0.03608864801227829,-0.011701111669060061,0.00025,-0.01826466280312733,-0.15589668314899788,0.12430359542794558,0.797,-0.29709213782600424,-0.7579240434037693,0.19187666571482967,0.234,-0.028559169437517153,-0.03807081636400418,-0.019094901233838196,0.00025
informed_jump,adaptive_full,10.0,24,10.007083333333545,8.028072916667123,11.886171875000194,4.9248312521665305,31.708750000000006,30.14952604166666,33.35366666666666,4.066561748765379,-21.701666666666455,-23.593973958332995,-19.932124999999683,4.751111235386098,0.15276165227597327,0.12188456109903077,0.18309501428595687,0.07871704422428855,278.75,267.66562500000003,288.2083333333333,26.18371548351645,0.22829604179316773,0.21996299013957613,0.2354560179930712,0.01978424860108437,0.18994699329386064,0.18258637265721575,0.19625478278170197,0.01752458601221766,1.5562088943733496,1.4214034090014664,1.7090948059460151,0.36618755118837265,-1.17459751031503,-1.227702872102658,-1.1250996177861377,0.1304289964261857,-1.2701788975027928,-1.3572968869027902,-1.1898770414783164,0.21114832169638229,3.3152454505562035,3.2394569869726433,3.3954631016703742,0.20082527833359134,7.1630020940415,6.723838163906339,7.63555051875119,1.1443399563306824,26.291666666666668,24.416666666666668,28.125,4.713340610452944,0.33162706113546275,0.32321249877184954,0.34006460102858954,0.021311371806460793,0.3462491599336263,0.33766333050145214,0.3542116254186755,0.020924553796726916,6.997351362934142,6.7190364708581525,7.349461584400819,0.8177838860322948,4.658541666666683,3.8170624999999774,5.569604166666656,2.2823450369638754,0.0,0.0,0.0,0.0,0.0,0.0,0.0,0.0,-0.8522916666664445,-2.9327447916668703,1.2525364583331242,0.447,-17.291666666666668,-33.04270833333333,-1.0395833333333258,0.0405,-0.04478138086281765,-0.055331669212602935,-0.03316954366695637,0.00025,0.04785833916603551,-0.09917192514169813,0.1917418802265551,0.496,-0.15331715210355987,-0.6185322672758423,0.2945572767942129,0.537,-0.03910544878460373,-0.048170035369300264,-0.030432330039529644,0.00025
informed_jump,adaptive_full,25.0,24,8.26374999999999,6.02021354166629,10.363135416667221,5.546908314352344,29.015208333333334,27.291390625000002,30.65484375,4.316551431299988,-20.751458333333346,-22.933151041666505,-18.52098958333301,5.759018915384617,0.13238171886024916,0.09249864937054336,0.17199368137429294,0.10195022703002267,261.6666666666667,247.12291666666667,275.4583333333333,36.30387051669221,0.19481859914560495,0.18607449228714873,0.20275885114560627,0.021016339011373893,0.16592775155114714,0.15822041357982192,0.17297727588292866,0.01862591110151405,1.6283906329682327,1.468856445001426,1.8089467558021795,0.43041272563264266,-1.2116698927398881,-1.2866610399438518,-1.1483906614521804,0.17529201237746309,-1.2823358340920576,-1.3833252547948622,-1.1898423349510363,0.24458855674077323,3.280207129595668,3.2148879548160276,3.350440244572986,0.1688604751421548,7.067485246525794,6.698039215686275,7.417581025128499,0.9282651503033595,25.541666666666668,23.958333333333332,27.12604166666667,3.977973775971737,0.3155305373132341,0.3061368194569085,0.32530207959511587,0.02442704083568763,0.33739069984727066,0.32853854996982856,0.3465336077195692,0.022678469167865062,7.895803795580676,7.544191818098973,8.302051451408245,0.9744489032855211,4.816458333333457,4.033937500000143,5.665484375000111,2.0753870666575795,0.0,0.0,0.0,0.0,0.0,0.0,0.0,0.0,-2.595625,-4.638979166666637,-0.5445208333332549,0.0115,-34.375,-47.128125,-22.99895833333333,0.00025,-0.07825882351038041,-0.08861611613360149,-0.06888532939697083,0.00025,0.12004007776091814,-0.031496712471370196,0.2792504454881327,0.1205,-0.24883399961926514,-0.7977203502760327,0.23971480582524296,0.3415,-0.04796390887095931,-0.05588043819997845,-0.040327035248507344,0.00025
informed_jump,adaptive_full,50.0,24,6.637708333333452,4.610348958333054,8.621494791666667,5.265203447732485,26.33020833333333,24.485989583333332,28.115703124999996,4.631024977908723,-19.69249999999988,-21.74922395833329,-17.565359374999826,5.385423765167969,0.10948350741633421,0.07464408635282514,0.14456400153131954,0.09103801839011874,245.95833333333334,234.16666666666666,256.9166666666667,29.620027253410043,0.1427137159556724,0.13634882855025898,0.1485402764749842,0.015381973166844493,0.1229222637433608,0.11733251818696898,0.12806101521934296,0.013390424312594856,1.5439466235191837,1.408704786084636,1.6773141255488442,0.3399379544259492,-1.1420124046929554,-1.1899635566802707,-1.0945597781777,0.12372107633437011,-1.2134337919043359,-1.2751101649516763,-1.1470022905295263,0.16421860242515118,3.119318115316035,3.047223090357642,3.191659433248304,0.1903307746052392,7.40472111174567,6.8901687131163145,7.964601180277937,1.3394248845621275,27.666666666666668,25.75,29.583333333333332,4.9927483645667605,0.2463661445686378,0.24006064157812784,0.2526509342679927,0.015621313284625762,0.23577280441342138,0.2287919558302869,0.24296781694277547,0.0182464469076311,10.814344150217144,10.38186456209159,11.329386496432774,1.2191608913635485,5.411666666666545,4.51185937499995,6.345010416666564,2.344487367100144,0.0,0.0,0.0,0.0,0.0,0.0,0.0,0.0,-4.221666666666537,-6.162749999999879,-2.4402760416665505,0.00025,-50.083333333333336,-62.0,-38.125,0.00025,-0.13036370670031297,-0.13895459577277972,-0.12133067186118733,0.00025,0.035596068311869254,-0.10281876478635234,0.16062292112065119,0.586,0.08840186560060925,-0.4693573910146582,0.691622644203313,0.7605,-0.14958180430480864,-0.15772513521926798,-0.14128573120757526,0.00025
informed_jump,adaptive_no_latency_term,0.0,24,10.859374999999991,8.450822916666654,13.250973958333626,6.183180958560585,32.64416666666667,30.332041666666665,35.0836875,6.085350668089982,-21.784791666666678,-23.87063541666672,-19.758322916666476,5.331216004360277,0.1606283581250523,0.1246160609806301,0.1977520373231052,0.09292912227963505,296.0416666666667,277.375,313.8333333333333,46.51645727160925,0.27307742265598534,0.26027759227496966,0.2842725375004607,0.030224354596749204,0.22727555337609853,0.21500395410135917,0.23831932636308173,0.029321830575764627,1.5083505552073142,1.3704461348758246,1.6537192660143694,0.37021596680178653,-1.0431518237503605,-1.1017793278714694,-0.9919627762602105,0.14153363513281478,-1.144298046059798,-1.2215760497609416,-1.0711990994616825,0.18787670059282538,3.17968440448517,3.1108441312370383,3.2502228138287244,0.17691586960161812,7.31631924614506,6.9845165857605185,7.656677136874166,0.8646604052134218,28.0,26.958333333333332,29.125,2.7662562992324986,0.3699008954134378,0.3569517766293314,0.3828132713040643,0.03321239669565594,0.38535460871823,0.3750034128503539,0.3960090774170986,0.026898079932660315,5.952066337767408,5.629481685597877,6.340365024956744,0.9085161471127734,5.142083333333357,4.189953124999968,6.222088541666742,2.6303260323070567,0.0,0.0,0.0,0.0,0.0,0.0,0.0,0.0,,,,,,,,,,,,,,,,,,,,,,,,
informed_jump,adaptive_no_latency_term,1.0,24,8.788750000000272,6.2140885416670795,11.279651041667195,6.724847379874994,34.62979166666667,32.848052083333336,36.70504166666667,4.986169454027347,-25.841041666666396,-28.063140624999765,-23.56603124999957,5.979718798675539,0.13164445094435198,0.09349652236720689,0.17057374007442702,0.10110476800161494,316.5,300.66562500000003,334.8354166666667,44.1824281419858,0.28395007149056467,0.27342926140921764,0.29501271857343003,0.02856059316905867,0.23903983070075377,0.22937926017240276,0.24918384150658665,0.02638395804242732,1.5801514786972295,1.4600511804161176,1.702841221840953,0.31711576758389665,-1.0497424466599972,-1.0837575489513946,-1.0171249966212714,0.08605745089401161,-1.1600906408558833,-1.231676003919096,-1.1005627918119063,0.16903820359071853,3.1783328979788656,3.1302433791543116,3.2211343904357603,0.11699481575653503,7.5588235294117645,7.12644560251285,7.989292428136303,1.1302733197168882,27.875,26.916666666666668,28.875,2.559084415074708,0.36348718347236497,0.3528564019340941,0.3744252081804075,0.027447052692367614,0.3663949851731913,0.35572653709713736,0.377033807915359,0.026598498175664453,5.574434087014616,5.310373166904369,5.832891481235046,0.69741962791412,5.47624999999987,4.566447916666643,6.512718750000106,2.5565670979043222,0.0,0.0,0.0,0.0,0.0,0.0,0.0,0.0,-2.0706249999997177,-4.711484375000154,0.6547291666672873,0.1355,20.458333333333332,3.8312500000000007,37.708333333333336,0.022,0.01087264883457928,-0.0022964646251872737,0.025284710965162778,0.114,0.07180092348991536,-0.09199390634961206,0.22842799247189138,0.374,0.2425042832667047,-0.26224359889586907,0.7341013468494192,0.3445,-0.018959623545038704,-0.02838451026993952,-0.009531975407033728,0.00025
informed_jump,adaptive_no_latency_term,5.0,24,8.162916666666495,6.12933854166687,10.304989583332809,5.338359118653488,32.25020833333333,30.673921874999998,33.883572916666665,4.0620985364621,-24.08729166666684,-26.340703124999894,-22.011223958333588,5.505311067933363,0.1336861442081359,0.0965273124892441,0.1724204786917129,0.09651663923285675,309.625,293.375,325.7916666666667,41.11681397317097,0.27355418018697647,0.2637625361485579,0.2837059558866393,0.02578257544732081,0.2316701506918983,0.22295450345216364,0.24037575778516118,0.02257298473172476,1.454465090731506,1.3299738751314578,1.5833505031003379,0.3257775305713808,-1.0653540106522563,-1.1034530353153582,-1.0293031170288354,0.09540777230448137,-1.128665580662039,-1.185398144378153,-1.0785427621357444,0.13637747200172778,3.0659402838712295,3.0134842234284434,3.119282161427935,0.13716224282402362,7.345159908623643,6.86072363411384,7.892703574148107,1.338262138731401,26.625,25.166666666666668,28.166666666666668,3.8539928476276675,0.3651389558147525,0.35583721503525206,0.3747878588204821,0.023883910973012616,0.37250851173471483,0.3633308503959264,0.3822494058310705,0.024061038353277473,5.659333267138329,5.4221243958173115,5.89985377541509,0.6184268969259445,4.5439583333333715,3.7833020833333513,5.322916666666753,1.9579297957652877,0.0,0.0,0.0,0.0,0.0,0.0,0.0,0.0,-2.696458333333494,-4.6856458333335596,-0.6233020833331966,0.0115,13.583333333333334,2.873958333333334,24.042708333333337,0.015,0.00047675753099112847,-0.009284532526405135,0.010743134561249057,0.9425,-0.05388546447580809,-0.18659820567845664,0.07638169969044262,0.443,0.028840662478583596,-0.45700373596040367,0.5542445983247669,0.924,-0.012846096983515166,-0.021951629007570875,-0.003574833709400479,0.004
informed_jump,adaptive_no_latency_term,10.0,24,10.073749999999826,8.27908854166661,11.853062499999588,4.6162596024694835,32.84395833333333,30.83676041666667,34.79488020833334,5.111119587034823,-22.77020833333351,-25.047635416667024,-20.47957291666695,5.858157537768844,0.15827053134733632,0.12632949178935415,0.18945049117174076,0.08023850387324559,316.3333333333333,297.703125,333.4583333333333,45.74092132935203,0.27071624528116894,0.2607360703736776,0.27902455019582534,0.023362507560648355,0.23506628228961568,0.22589598362969618,0.2426152802982224,0.021367134168152065,1.3863306838372529,1.2714346490838258,1.5033963938833528,0.2943944301417215,-1.1147205777179925,-1.1550020982171936,-1.0767667825478193,0.0987485748962491,-1.1155718721323111,-1.1621561933682156,-1.0713803262757624,0.11553649019706716,3.0274054931696575,2.9682266222181317,3.0825790356441582,0.14780156397306002,7.036241195507329,6.63289489339425,7.497249785836666,1.1157048274920478,25.791666666666668,24.458333333333332,27.083333333333332,3.4259770636388844,0.3586219798347637,0.3469819174178438,0.3701897372710381,0.029909759981179656,0.3699945189614155,0.3597127068487472,0.3802715735052803,0.026805832427468604,5.62633872809111,5.391664693609707,5.930566680413537,0.7005850304209956,4.509791666666685,3.666875000000177,5.467098958333296,2.303069067271467,0.0,0.0,0.0,0.0,0.0,0.0,0.0,0.0,-0.7856250000001642,-3.1549375000002025,1.5545416666666316,0.498,20.291666666666668,4.747916666666668,35.0,0.0115,-0.0023611773748164477,-0.014337405831440473,0.009433401046475734,0.68,-0.12201987137006147,-0.25996961657370904,0.014386996440655294,0.0785,-0.2800780506377309,-0.6435899723967257,0.06746680468303813,0.112,-0.015360089756814492,-0.02410074917392926,-0.006995018821978197,0.0005
informed_jump,adaptive_no_latency_term,25.0,24,8.826875000000083,7.757687500000449,9.948416666666922,2.847259862187476,30.497500000000002,28.763713541666664,32.244703125,4.43768373777602,-21.670624999999916,-23.465510416666618,-19.960598958333353,4.457427682970524,0.1464032385520263,0.12445963524492157,0.16946359657745735,0.05845383767287098,320.4583333333333,302.99895833333335,337.3333333333333,43.71745166075151,0.24934031234450338,0.24045047805862352,0.2573519480843989,0.021122450219904262,0.22212814478938303,0.21360788110261034,0.2300506001547647,0.020329429761212273,1.425180372899634,1.2728792624955811,1.582270030286698,0.3929456078154378,-1.0263336444697362,-1.0936281650432422,-0.9659133316063552,0.16374688345674918,-1.1015340510311267,-1.1816022098800845,-1.0238148464080223,0.20040652656502908,2.8227524931552312,2.7523867204679777,2.8919483139031903,0.1780067654748629,7.131115553017324,6.759361317342472,7.523808418998668,0.9934172081466665,26.625,25.208333333333332,28.208333333333332,3.7278330341412533,0.3363952226881193,0.32473051871589204,0.34774102472263596,0.02918170015147879,0.34332375897666195,0.33238112476090487,0.35295544482350555,0.026973669550887324,5.868839209743082,5.616167912714259,6.163091432153506,0.6795999933703208,4.34041666666661,3.604140625000025,5.161468749999849,2.0073798175441424,0.0,0.0,0.0,0.0,0.0,0.0,0.0,0.0,-2.032499999999907,-4.175640624999836,0.17632812500028308,0.0775,24.416666666666668,9.957291666666668,40.375,0.001,-0.02373711031148198,-0.03462332237619838,-0.012159482819374373,0.0005,-0.08317018230768021,-0.21304263008399146,0.04410809546984266,0.2125,-0.18520369312773644,-0.6094838663620786,0.236281648581763,0.398,-0.042030849741568115,-0.052645064108156364,-0.031180951678770136,0.00025
informed_jump,adaptive_no_latency_term,50.0,24,3.530625000000365,1.0547656250001627,5.995708333333781,6.4688192445358155,28.769583333333333,27.386385416666666,30.170453125,3.5365172368683098,-25.23895833333297,-28.031510416666265,-22.603239583333096,7.001765612603699,0.06350204638204408,0.02638136264435529,0.10073849331949968,0.09784091864241304,338.375,325.66562500000003,351.95937499999997,34.343295656091875,0.1988929328025687,0.19211836547484334,0.20577887479537027,0.017156361931825893,0.17598248836056815,0.16959937411877316,0.18246083282407274,0.01614012078545481,1.3735116917092711,1.2767767688090945,1.4767096545254668,0.25293832060529164,-0.9869646735476149,-1.0278367407962248,-0.9476091465325263,0.10252570246842917,-1.0413033585628424,-1.1050387719871217,-0.9863515457071498,0.15026507053092175,2.543461732950128,2.4950949247965974,2.590527975580968,0.12414883058631093,7.711640967066438,7.288112150199886,8.16162549971445,1.1199877802997174,27.541666666666668,26.333333333333332,28.708333333333332,3.106503230135224,0.25204266872326153,0.24608862326758194,0.2579720423664125,0.015529562317556108,0.2300746435063,0.2242746684762267,0.23582637534503223,0.01514031796512881,7.394602058659854,7.138486110634844,7.6515225210714,0.6478536380487846,6.491249999999833,5.156822916666684,8.044395833333368,3.7853496909279394,0.0,0.0,0.0,0.0,0.0,0.0,0.0,0.0,-7.3287499999996255,-9.837718749999704,-4.791395833332836,0.00025,42.333333333333336,26.291666666666668,58.541666666666664,0.00025,-0.07418448985341668,-0.08490550993156434,-0.06394618385860942,0.00025,-0.13483886349804325,-0.2642402254804217,0.002048024565779058,0.055,0.39532172092137824,-0.13355463544641163,0.9376249286122216,0.1495,-0.15527996521193002,-0.16638277815297672,-0.14457513554812523,0.00025
