variant,metric,mean,ci_lo,ci_hi,std,sessions
noise,acf_abs10_0.1s,0.04067079852651938,0.03390450287148256,0.04808533158480912,0.01494325374191892,16
noise,acf_abs10_1s,-0.018576964023882453,-0.0349988932955144,-0.0015780839076490261,0.03582186992572108,16
noise,acf_abs1_0.1s,0.2505353157730481,0.2386316784516107,0.2634171374928881,0.02599254583040882,16
noise,acf_abs1_1s,0.12897642208783783,0.1026168197642836,0.15666119418488927,0.05853434497836692,16
noise,acf_abs50_0.1s,-3.745457780033668e-05,-0.0077405766141042925,0.008253465801603046,0.016984427981837805,16
noise,acf_abs50_1s,-0.006610366934844271,-0.021527522958870823,0.008019346479788868,0.030972223622041894,16
noise,acf_ret1_0.1s,-0.05155631625955362,-0.062044247744159196,-0.0412721470096966,0.021744893051065035,16
noise,acf_ret1_1s,-0.002368441243930746,-0.03213239234076594,0.028131839581455802,0.06401346058792985,16
noise,arrival_cv,0.9943555096871828,0.9900262204710865,0.998616132962042,0.008888035598753794,16
noise,fano_0.1s,0.9946859967122017,0.9846581949910724,1.0039736557047878,0.02060107744980209,16
noise,fano_0.3s,0.9814080304469236,0.9624310481769586,0.9989407422496971,0.03833185117705529,16
noise,fano_10s,1.0000657871340413,0.9343674178202503,1.0675565889769563,0.1385751146066819,16
noise,fano_1s,0.9738460732867573,0.9465722648658241,0.9991763222352016,0.054635011118610445,16
noise,fano_3s,0.9539556448560246,0.9223069895899592,0.9923514024101979,0.07238670984558385,16
noise,hill1_0.1s,3.506856470880051,3.0979511419475214,3.931528335336199,0.8669971332516109,16
noise,hill1_1s,3.7205060653236384,3.2661330844679495,4.223050030210448,0.994504624885914,16
noise,hill5_0.1s,3.2689985976590625,3.0588922323099745,3.473649737016544,0.44232729182285535,16
noise,hill5_1s,3.014913961955509,2.743783061613775,3.3135773126487247,0.6060228791790012,16
noise,kurt_0.1s,25.302639453009284,19.91071639334875,31.600310661724325,12.57788964302483,16
noise,kurt_1s,10.626899677000086,6.971591865499062,14.619495303742603,8.048235594105988,16
noise,n_aggressive,8890.375,8838.05625,8944.375,108.8024969076231,16
noise,sign_acf1,-0.0011340761316046368,-0.00759916309495268,0.004207046844079304,0.012700449692656586,16
noise,sign_acf10,-0.0033635721722037955,-0.006702310599878362,-7.918574920670386e-05,0.0069689630949030185,16
noise,sign_gamma,-0.012552605941960176,-0.10814880521610253,0.07698297846682288,0.1976161227188293,16
noise,sign_r2,0.023330942876709018,0.010204629944823901,0.03954762835612872,0.0310924692511622,16
noise,size_hill5,3.833512754163107,3.740711361268516,3.9288550655076344,0.19892531915125905,16
noise,spread_mean,1.5013374404792952,1.4858370417144457,1.516242302743228,0.031065719710320405,16
noise,spread_median,1.0,1.0,1.0,0.0,16
noise,spread_q99,5.0,5.0,5.0,0.0,16
noise,zero_share_0.1s,0.6026890756302521,0.5952205882352941,0.6100632878151261,0.01524250224623113,16
noise,zero_share_1s,0.2379201680672269,0.22846376050420167,0.24600840336134452,0.01828736965237428,16
noise,spread_q99_minus_median,4.0,4.0,4.0,0.0,16
informed,acf_abs10_0.1s,0.04482499882310466,0.03800405173105896,0.05222709458418561,0.014840999589043755,16
informed,acf_abs10_1s,0.0006719479492896599,-0.02041732425706494,0.022875106608560753,0.04618808278286358,16
informed,acf_abs1_0.1s,0.2580867833376722,0.24531209027708056,0.27090511135623835,0.026105455881367888,16
informed,acf_abs1_1s,0.11878627954434597,0.09224388787587823,0.1483207693156849,0.05961449425102665,16
informed,acf_abs50_0.1s,0.00024180577420251687,-0.005822948309869485,0.006558589728033252,0.01301023978000048,16
informed,acf_abs50_1s,-0.014636442468468637,-0.03349387201482325,0.005444593787042851,0.04153692296104736,16
informed,acf_ret1_0.1s,-0.061415505504597526,-0.07119806181886928,-0.05154924635973599,0.020607269127462222,16
informed,acf_ret1_1s,0.004818919896255932,-0.01803887996683384,0.027499379782119672,0.04818761373674528,16
informed,arrival_cv,0.9979370672563113,0.9940712405026644,1.002204059155698,0.008484356895729713,16
informed,fano_0.1s,0.9982132306470068,0.9881537496395918,1.0080497803478314,0.02099194824201154,16
informed,fano_0.3s,0.9952880978744443,0.9773194598161523,1.0140555231095985,0.03886489653205505,16
informed,fano_10s,1.1347163665331461,1.0536912774827232,1.2190210589569102,0.17425992069061003,16
informed,fano_1s,1.0248453067712264,0.9969637045027746,1.0516603680650298,0.05792590626062317,16
informed,fano_3s,1.0561834948479423,1.0107434573286043,1.1025397806783623,0.09709380050414168,16
informed,hill1_0.1s,3.4003541580264987,3.2134834736019533,3.5792105942314607,0.38650270822246346,16
informed,hill1_1s,4.050496150062415,3.5051443482648756,4.627572201795087,1.1584231354586039,16
informed,hill5_0.1s,2.5638935266038416,2.4590867305458644,2.6779058018860002,0.23272474853639155,16
informed,hill5_1s,3.409027001897062,3.0578781964817363,3.767873851136013,0.7508261615367656,16
informed,kurt_0.1s,21.297961492672343,18.591923715170513,24.267223175417925,5.966074884428198,16
informed,kurt_1s,5.77991172311882,4.505533235567092,7.024732388147131,2.662234418821406,16
informed,n_aggressive,11437.25,11373.1859375,11502.3828125,132.9699214108213,16
informed,sign_acf1,0.04412863289350512,0.039858324414348494,0.048159549821807875,0.008655260263477071,16
informed,sign_acf10,0.03670451925118883,0.032889709003999124,0.04033372356175396,0.007855660322732197,16
informed,sign_gamma,0.31802279416722345,0.27539723641032776,0.3604771941925211,0.08871424865982365,16
informed,sign_r2,0.2454115474345615,0.20278264563499562,0.2939328687595616,0.09477446244764952,16
informed,size_hill5,3.8266448825317925,3.7278237353367625,3.9282984390390565,0.21231086705756524,16
informed,spread_mean,1.863877282199961,1.8416377382270435,1.884627039860137,0.04518625616979245,16
informed,spread_median,1.0,1.0,1.0,0.0,16
informed,spread_q99,7.0625,7.0,7.1875,0.25,16
informed,zero_share_0.1s,0.4709243697478992,0.4640961134453781,0.4777836134453781,0.014215878074074187,16
informed,zero_share_1s,0.14201680672268907,0.13592436974789918,0.1486370798319328,0.013361080278555825,16
informed,spread_q99_minus_median,6.0625,6.0,6.1875,0.25,16
hawkes,acf_abs10_0.1s,0.04475277029536064,0.03588535949722968,0.05387701000329972,0.01912836159322177,16
hawkes,acf_abs10_1s,0.00037251244789772474,-0.012337695502427406,0.013223788098005292,0.027788091973846043,16
hawkes,acf_abs1_0.1s,0.2604063755199332,0.2505574344247188,0.27021236485491806,0.020733073371635772,16
hawkes,acf_abs1_1s,0.12075432745543062,0.09280667711571088,0.1486798228497795,0.05933049717018495,16
hawkes,acf_abs50_0.1s,-0.0008186005647593188,-0.0065401459526026025,0.004797704678760033,0.011950482004885809,16
hawkes,acf_abs50_1s,-0.014088540135134078,-0.028516071570448956,0.00023862905426590608,0.030187066311483907,16
hawkes,acf_ret1_0.1s,-0.04886210936814544,-0.06430169495097819,-0.03268621466353655,0.0325594766542147,16
hawkes,acf_ret1_1s,-0.01700609303413303,-0.039119530312340244,0.006535857351512489,0.04857278090604509,16
hawkes,arrival_cv,1.0718957115002894,1.0661899222061193,1.0775779616241825,0.012144329646682998,16
hawkes,fano_0.1s,1.1441414494093105,1.1350569439527967,1.1529608632373,0.01876068917349364,16
hawkes,fano_0.3s,1.3552169688895814,1.3402066621274975,1.3702880394701773,0.031657832358716685,16
hawkes,fano_10s,2.199390646340813,2.040051326358997,2.377608718921846,0.3635614357742885,16
hawkes,fano_1s,1.678941526890244,1.6388354301239545,1.7210449008838127,0.08799842424272428,16
hawkes,fano_3s,1.959542751251513,1.8642374109684743,2.0506691962293893,0.19981314834880604,16
hawkes,hill1_0.1s,3.9566571483547817,3.5836945248509413,4.37448390945384,0.839021074254414,16
hawkes,hill1_1s,4.3747061482828276,3.7830029599415758,5.021231460783428,1.3004421653889748,16
hawkes,hill5_0.1s,2.5764465673839805,2.3871323758309893,2.781165129309138,0.4158663828162235,16
hawkes,hill5_1s,3.14282973026578,2.883472245561744,3.4554631169644114,0.603092105145539,16
hawkes,kurt_0.1s,21.803516680046425,18.76459277394852,24.905357775998954,6.527298024755416,16
hawkes,kurt_1s,6.205152853542971,5.061735246040213,7.464816983939638,2.5303004647080787,16
hawkes,n_aggressive,11436.5,11383.3671875,11486.6265625,111.2828228733737,16
hawkes,sign_acf1,0.047828147568449976,0.04201680879962017,0.053606492503226244,0.012290249577460556,16
hawkes,sign_acf10,0.037925400928616515,0.03568500047514416,0.04022444191742873,0.004786742209911127,16
hawkes,sign_gamma,0.39335500906777493,0.33981618067052766,0.45211369444905936,0.11644180385660717,16
hawkes,sign_r2,0.25188553413527603,0.20744920908635156,0.29852426150177086,0.09632826915501175,16
hawkes,size_hill5,3.952248974743597,3.858201841929726,4.066608102671852,0.22034135391827284,16
hawkes,spread_mean,1.9301580492848878,1.9089378840478115,1.9495847218419957,0.041756201778401426,16
hawkes,spread_median,1.0,1.0,1.0,0.0,16
hawkes,spread_q99,7.6875,7.4375,7.875,0.47871355387816905,16
hawkes,zero_share_0.1s,0.4776890756302521,0.47370798319327734,0.4818382352941176,0.008564395422874191,16
hawkes,zero_share_1s,0.13781512605042018,0.1314075630252101,0.14369747899159663,0.012829009332407704,16
hawkes,spread_q99_minus_median,6.6875,6.4375,6.875,0.47871355387816905,16
hawkes+meta,acf_abs10_0.1s,0.05322378341604671,0.0453795841312049,0.06115110098352532,0.01657284331486913,16
hawkes+meta,acf_abs10_1s,-0.013140680971588168,-0.034339597618911054,0.010137176065680466,0.046098134112191276,16
hawkes+meta,acf_abs1_0.1s,0.26243715319830074,0.25008037433400476,0.2754289189808714,0.027090547488897963,16
hawkes+meta,acf_abs1_1s,0.13575120040284677,0.10808099764389309,0.1645108220084896,0.059718317162916694,16
hawkes+meta,acf_abs50_0.1s,0.002584126637670804,-0.004538996954273383,0.00954042725152541,0.015168600384710027,16
hawkes+meta,acf_abs50_1s,-0.012842379014121469,-0.03888875672263911,0.01607280329351282,0.05860872480297534,16
hawkes+meta,acf_ret1_0.1s,-0.06377812669575914,-0.07595992320995062,-0.049223021507865006,0.027496496484724874,16
hawkes+meta,acf_ret1_1s,-0.003982243990422752,-0.026273195392052806,0.019817815674411758,0.04720162312155577,16
hawkes+meta,arrival_cv,1.077694789895318,1.073399110862497,1.0820370450790338,0.008846981947788697,16
hawkes+meta,fano_0.1s,1.176068112850371,1.1658286056041804,1.1854862809536522,0.020795696024384722,16
hawkes+meta,fano_0.3s,1.4465815926408214,1.4295544700372187,1.4637824017761512,0.036249662431254624,16
hawkes+meta,fano_10s,4.110513720969491,3.7644136770835446,4.505597285087962,0.7802829355074317,16
hawkes+meta,fano_1s,2.0237640059663438,1.9602746823732737,2.0880354790992777,0.13445211008752128,16
hawkes+meta,fano_3s,2.8215747437376324,2.724426142811516,2.933411797901556,0.21976984702840152,16
hawkes+meta,hill1_0.1s,4.07707934687956,3.604336942503636,4.6418179638347965,1.078624963912725,16
hawkes+meta,hill1_1s,4.639907296816846,3.708193222352375,5.96666592680803,2.3865673502610893,16
hawkes+meta,hill5_0.1s,2.8419303814673835,2.6180577037805897,3.05921493700469,0.4623319049260566,16
hawkes+meta,hill5_1s,3.1466448400022426,2.9359307579863043,3.3490389054473355,0.4378262997964624,16
hawkes+meta,kurt_0.1s,16.728578418092972,14.604384797608516,19.06393043100092,4.768963274477487,16
hawkes+meta,kurt_1s,5.112765210563084,4.249497335614258,6.038304416530555,1.813882137983211,16
hawkes+meta,n_aggressive,13183.5625,13037.30625,13336.9390625,314.04139191089655,16
hawkes+meta,sign_acf1,0.04665784941397555,0.041860092571695096,0.05197870702294254,0.010745307791322592,16
hawkes+meta,sign_acf10,0.037773243065764704,0.0325271109094617,0.04284804001781,0.010636363452257396,16
hawkes+meta,sign_gamma,0.4076232409161852,0.3624735227686802,0.45256660678534655,0.09511484482714197,16
hawkes+meta,sign_r2,0.33565700963070155,0.29969591045054567,0.3687768622133181,0.07272362777938658,16
hawkes+meta,size_hill5,3.2973018755191887,3.020675482900942,3.5970377078601072,0.6033916808671957,16
hawkes+meta,spread_mean,2.048493095434252,2.0128836245937967,2.079889867013792,0.06874114519959457,16
hawkes+meta,spread_median,1.6875,1.4375,1.875,0.47871355387816905,16
hawkes+meta,spread_q99,8.0,7.75,8.25,0.5163977794943222,16
hawkes+meta,zero_share_0.1s,0.44519957983193276,0.43961134453781514,0.45117673319327734,0.012024262637697231,16
hawkes+meta,zero_share_1s,0.12289915966386555,0.11628151260504202,0.12962184873949578,0.013979246911342239,16
hawkes+meta,spread_q99_minus_median,6.3125,6.125,6.5625,0.47871355387816905,16
